transaction_id,amount,failed,new_device,international,rapid_frequency,is_fraud
1,1802.1112135787243,0,0,0,2,0
2,955.0232625057384,0,0,0,1,0
3,2095.7956345785824,0,1,0,3,0
4,5029.268657542956,0,0,0,2,0
5,867.7005140926361,0,0,0,1,0
6,867.7147599206529,0,0,0,3,0
7,5319.916121134705,0,0,0,1,0
8,2362.403304345988,0,0,0,1,0
9,685.7585611260495,0,0,0,1,0
10,1886.6537639047035,0,0,0,1,0
11,689.9245937420658,0,0,1,0,0
12,688.3312887817422,0,0,0,2,0
13,1396.8322475684772,0,0,0,1,0
14,161.858056279385,0,0,0,2,0
15,195.4065319165904,0,0,0,5,0
16,624.9755136188202,0,0,0,4,0
17,398.2854182960021,0,0,0,2,0
18,1501.5412094910894,1,1,0,2,0
19,442.2944888014099,0,0,0,5,0
20,267.11954670557367,0,0,0,0,0
21,4748.80729125873,0,0,0,0,0
22,874.9998365113838,0,0,0,2,0
23,1173.2444270914534,0,0,0,1,0
24,263.8159797741489,0,1,1,0,0
25,636.2663566771611,0,0,1,3,0
26,1225.277453161292,0,0,0,3,0
27,346.8895475755054,0,0,0,2,0
28,1596.7059716691924,0,1,0,1,0
29,601.4607682413429,0,0,0,2,0
30,819.1819744571948,0,1,0,4,0
31,600.8187977163269,1,0,0,3,0
32,6990.296027743,0,1,0,2,0
33,1081.9310959498725,0,0,0,2,0
34,380.8056237442453,0,0,0,3,0
35,2496.250068330262,0,0,0,3,0
36,323.4861661702717,0,1,0,2,0
37,1351.35570708634,0,0,0,3,0
38,154.52097940064152,0,0,0,1,0
39,290.56112031105124,0,0,1,2,0
40,1335.2331981866146,0,0,0,5,0
41,2294.950560496783,0,0,0,2,0
42,1301.6243730593364,0,0,0,0,0
43,976.868177954757,0,0,1,5,0
44,811.5096710732242,0,0,0,2,0
45,250.00427297909772,0,1,0,3,0
46,533.8718300965201,0,1,0,2,0
47,691.8445066807946,0,0,0,1,0
48,3156.194239640048,0,0,0,2,0
49,1546.2969539266462,0,0,0,2,0
50,188.09738699507537,0,0,0,5,0
51,1516.3842079174979,0,0,0,0,0
52,746.1433348256803,0,0,0,2,0
53,557.2856804265388,0,0,0,3,0
54,2021.664151979386,0,0,0,1,0
55,3074.81348309205,0,0,0,2,0
56,2782.9870802038167,0,0,0,2,0
57,473.7986662798354,0,0,0,5,0
58,804.9560053200662,1,0,0,2,0
59,1527.3102051887226,0,0,0,1,0
60,2908.9431837912525,0,0,0,2,0
61,679.1389611083339,0,0,0,3,0
62,910.8161114172196,0,0,0,2,0
63,362.7322743749061,0,0,0,5,0
64,331.5548897700886,0,0,0,4,0
65,2471.364787061823,0,0,0,2,0
66,4256.65972069623,0,0,0,0,0
67,1020.4407067638456,0,0,0,1,0
68,2991.5080323735688,0,0,0,0,0
69,1574.4102316646877,0,0,0,3,0
70,575.2934424950665,0,0,0,0,0
71,1574.0317581802808,1,0,0,3,0
72,5105.310576549074,0,0,0,1,0
73,1058.0405734611281,0,0,0,4,0
74,5242.971285433676,0,0,0,2,0
75,79.85838638711803,0,0,1,2,0
76,2494.6469729709884,0,0,0,2,0
77,1196.369781091162,0,0,0,0,0
78,813.2126598171903,0,0,0,1,0
79,1202.0224312605992,0,1,0,2,0
80,150.26961070525275,0,0,1,3,0
81,880.3575327382291,0,0,0,2,0
82,1567.304543376892,0,0,0,1,0
83,4807.315238242252,0,0,0,1,0
84,653.0996896585405,0,1,0,1,0
85,488.58154997351267,0,0,0,0,0
86,663.973976317493,0,0,0,2,0
87,2739.147768760321,0,1,0,3,0
88,1523.4779265247873,0,0,0,0,0
89,645.6385300910874,0,0,1,1,0
90,1832.190332481289,0,1,0,1,0
91,1208.4303310218968,0,0,0,2,0
92,2888.940169622106,0,0,0,6,0
93,543.4549998246548,0,0,0,3,0
94,790.2409139999497,0,1,0,2,0
95,740.9193995685441,0,1,0,3,0
96,253.78439091394233,0,0,0,1,0
97,1474.567900532589,0,1,0,3,0
98,1423.7581971481825,0,0,0,1,0
99,1102.2551060795925,0,0,1,1,0
100,867.3242231031037,1,0,1,2,0
101,266.30153525846436,0,0,0,0,0
102,720.0744988156208,0,0,0,0,0
103,778.4349918914394,0,0,0,2,0
104,491.62819558586807,0,0,0,1,0
105,933.288423196746,0,1,0,3,0
106,1642.6250096105655,0,0,1,1,0
107,7231.385299895145,0,0,0,1,0
108,1305.8086889256665,0,1,0,2,0
109,1418.7768280969192,0,0,1,3,0
110,1017.9581479519198,1,0,0,2,0
111,160.97173405589967,0,0,0,2,0
112,1067.9392379012722,0,0,1,0,0
113,1164.7132634839406,0,0,0,0,0
114,12877.567362965206,0,0,0,1,0
115,904.7322424424709,0,0,0,4,0
116,1482.5922313609117,0,0,0,3,0
117,1059.22017277474,0,0,0,5,0
118,340.80891797522435,0,0,0,0,0
119,3438.6107412722604,0,0,0,0,0
120,2326.064430180932,1,1,0,0,0
121,2418.8123810077677,0,0,0,0,0
122,441.6918845450023,0,1,1,1,0
123,4459.5106128637835,0,0,0,1,0
124,269.9262941786286,0,0,0,1,0
125,1972.105620461942,0,0,0,4,0
126,9803.116514721933,1,0,1,3,0
127,407.2648353236242,0,0,0,2,0
128,622.474255213712,1,1,1,1,0
129,1211.544614104279,0,0,0,0,0
130,662.8338436516739,0,0,0,0,0
131,232.60379812135744,0,0,0,4,0
132,1174.4590937078142,0,0,0,1,0
133,379.0606756279505,0,0,0,2,0
134,1760.921324044286,0,0,0,4,0
135,437.28089362039105,0,0,0,1,0
136,5166.415525125223,0,0,0,1,0
137,501.07044884869765,0,1,0,0,0
138,794.679178217436,0,0,0,1,0
139,2473.8161006034625,0,0,0,1,0
140,320.2608063105582,0,0,0,2,0
141,1376.721097449308,0,0,0,3,0
142,4052.7168172755796,0,0,0,2,0
143,219.75576387053815,0,0,0,1,0
144,1319.0062069845762,0,0,0,2,0
145,1422.089850323324,0,0,0,4,0
146,2396.6396078064354,0,0,0,1,0
147,318.3174926042683,0,0,0,2,0
148,292.81569591448897,0,0,0,2,0
149,1848.1521214521472,0,0,0,1,0
150,1475.843062419291,1,0,0,3,0
151,1408.7990042096267,0,0,1,3,0
152,1550.6790480552363,0,1,0,1,0
153,555.5592579798322,0,0,0,6,0
154,1383.3366154399378,0,0,0,0,0
155,1470.0805486898257,0,0,0,4,0
156,536.812344564454,0,0,0,1,0
157,7085.278864144403,1,0,0,1,0
158,1761.3448594266156,0,1,0,2,0
159,333.1845373813475,0,0,0,3,0
160,2114.4576083396023,0,0,0,2,0
161,413.7733374330772,0,0,0,3,0
162,2409.2833177752595,0,0,0,2,0
163,3493.2771253552114,0,0,0,1,0
164,482.66251448213563,0,0,0,1,0
165,2873.758774051862,0,0,0,1,0
166,1657.0280192948578,0,0,0,3,0
167,2495.040299088584,0,0,0,6,0
168,7308.497437089287,0,0,0,2,0
169,858.0066791348622,0,0,0,1,0
170,516.0810545685096,0,0,0,3,0
171,450.55743940489367,0,0,0,1,0
172,485.01980009124054,0,0,0,5,0
173,1015.258247944289,0,1,0,1,0
174,1542.4879979114228,0,0,0,2,0
175,1446.1943505596892,0,0,0,3,0
176,2507.8554111543062,0,0,0,0,0
177,1110.9845596940186,0,1,0,4,0
178,4691.6240328293125,0,0,0,2,0
179,841.6322547517424,1,0,0,3,0
180,16650.061125276334,0,0,0,4,0
181,2050.148170401222,0,0,0,2,0
182,465.37449338878616,0,0,0,1,0
183,375.8189464193762,0,0,0,3,0
184,1776.6279122176772,0,0,0,0,0
185,877.0265053593486,0,0,0,3,0
186,2239.483401883498,0,0,1,0,0
187,1760.296649310194,0,0,0,3,0
188,1019.605520987001,0,0,1,1,0
189,470.22263871218485,0,0,1,2,0
190,241.08577313938898,0,0,0,2,0
191,701.6853245714259,0,0,0,2,0
192,2582.2045616742753,0,0,0,5,0
193,1358.442014023441,0,0,0,1,0
194,315.53235280996665,1,0,0,2,0
195,1303.9858951837004,0,0,0,0,0
196,1612.1393741643935,0,0,0,2,0
197,453.1134627641911,0,0,0,1,0
198,1278.8609858402428,0,0,0,4,0
199,1162.361183683287,0,0,0,3,0
200,349.6839344866292,0,0,0,2,0
201,1568.3624998946955,0,0,0,1,0
202,1921.352273771087,0,0,1,0,0
203,3239.1014600378444,0,0,0,3,0
204,3145.732502011927,0,0,1,2,0
205,276.53312974837934,0,0,0,4,0
206,429.30815027534334,0,0,0,2,0
207,1835.4322057228585,1,0,0,4,0
208,1833.1406021241382,0,0,0,4,0
209,1835.4550002757137,0,0,0,2,0
210,51675.108833077655,0,0,0,1,0
211,1940.8678758214496,0,0,0,2,0
212,3413.7464749385927,0,1,0,0,0
213,2846.944985716119,0,0,0,1,0
214,2103.570149266602,0,0,0,4,0
215,800.0952278206428,0,0,0,0,0
216,2342.4887709736813,0,0,0,0,0
217,506.3229898260874,0,1,0,2,0
218,865.3909700041635,0,0,0,0,0
219,674.9485408380124,0,0,0,0,0
220,1190.1970247126837,0,0,0,3,0
221,11099.535800747833,1,0,0,0,0
222,169.47997994202507,0,0,0,3,0
223,2178.2132080631072,0,0,0,1,0
224,218.60886508039704,0,0,0,1,0
225,684.0753923008676,0,0,1,6,0
226,3258.2665407323234,1,0,0,3,0
227,1169.4396940317129,0,0,0,1,0
228,373.2525327529761,0,0,0,1,0
229,536.3013862038342,0,0,0,0,0
230,2163.749226338898,0,0,1,2,0
231,528.2836568234798,0,0,1,2,0
232,1361.658320977303,0,0,0,2,0
233,1147.7649860107465,0,0,0,2,0
234,571.5772543956382,0,0,0,2,0
235,9357.599653664263,0,1,0,0,0
236,2067.1353156981268,0,1,0,3,0
237,144.72818736838153,0,0,0,3,0
238,1321.4095870212288,0,0,0,5,0
239,565.7846536549583,0,0,0,3,0
240,2571.985209598899,0,1,0,1,0
241,496.4482565141984,0,0,0,1,0
242,977.7593325680475,0,0,0,0,0
243,1817.082149488647,0,0,0,2,0
244,2606.478079328029,1,0,0,2,0
245,330.2016712977259,1,0,0,2,0
246,784.8548248314157,0,0,0,1,0
247,682.0170713526421,0,0,0,3,0
248,570.5899168150067,0,0,0,3,0
249,6408.972497609967,0,1,0,1,0
250,1644.1547657912517,0,1,0,4,0
251,310.78956574004525,0,0,0,3,0
252,2745.8938986058106,0,0,0,4,0
253,9155.922320277763,0,0,0,3,0
254,3079.32365878746,0,1,0,2,0
255,239.9978665784413,0,0,0,1,0
256,675.7113089987828,1,0,0,4,0
257,3892.905796675808,0,0,0,5,0
258,540.4113097690594,0,0,0,5,0
259,1709.266188985627,0,0,0,2,0
260,2379.4723809901025,0,0,0,1,0
261,434.01084767110086,0,0,0,2,0
262,1033.2605294356747,0,0,1,2,0
263,42.894030193876084,0,0,0,3,0
264,393.70911847949134,0,0,0,2,0
265,851.8682243461251,0,0,0,1,0
266,314.8879363894616,0,1,0,3,0
267,5610.590794483932,0,0,0,1,0
268,262.396999465135,0,1,0,1,0
269,706.2402755993694,0,0,0,0,0
270,1249.8021993888644,0,0,0,1,0
271,4634.452226662664,0,0,1,2,0
272,260.9001713273147,0,0,0,2,0
273,3509.2715248949485,0,0,0,2,0
274,1107.912686073781,0,0,0,4,0
275,410.9581353936562,0,0,0,3,0
276,1740.8059493711132,0,0,0,2,0
277,1338.171883675939,0,0,0,1,0
278,601.7145255833123,0,0,0,0,0
279,1175.9152799327815,0,0,0,2,0
280,745.9707595621949,0,0,0,1,0
281,1228.460876939756,0,0,0,2,0
282,2126.283022643269,0,0,0,1,0
283,5356.236254804939,0,0,0,2,0
284,318.0423344666512,0,0,0,1,0
285,9256.056515297703,0,0,1,2,0
286,155.69706066671077,0,0,0,3,0
287,942.1974925250407,0,0,0,1,0
288,1974.987220111324,0,0,0,3,0
289,1452.4279272986976,1,0,0,4,0
290,588.3373337077369,0,0,0,2,0
291,890.5842870647267,0,0,0,0,0
292,669.8133324890073,1,0,0,3,0
293,608.2799639798066,0,0,0,0,0
294,2564.7136065921627,0,1,0,4,0
295,1567.1523881446112,0,0,0,1,0
296,548.4468666493849,0,0,0,0,0
297,2696.2032952337186,0,0,1,1,0
298,1491.1449413572777,0,0,0,1,0
299,2472.196038018958,0,0,0,1,0
300,2058.2859286008834,0,0,1,1,0
301,478.6669194687263,0,0,1,4,0
302,626.2934052658633,0,0,0,1,0
303,2315.297817520781,0,0,0,2,0
304,2019.0255346980168,1,0,0,2,0
305,1073.9496638382157,0,0,0,4,0
306,1233.1502873764287,0,0,0,2,0
307,3934.9950219799325,1,0,0,2,0
308,606.9391938493634,0,1,0,2,0
309,1895.2335990202419,0,0,0,1,0
310,895.8807813258103,0,0,1,1,0
311,882.1117924397815,0,0,0,0,0
312,3290.440916611936,0,0,0,0,0
313,2503.428193685147,0,0,0,2,0
314,2473.7973457617823,0,0,0,2,0
315,4045.978918075107,0,1,0,2,0
316,1119.9102662197558,1,0,0,3,0
317,2168.851342849789,0,0,0,1,0
318,804.1077224948305,0,0,0,0,0
319,1516.5091374856743,1,0,0,0,0
320,962.8108216665039,0,0,0,2,0
321,1208.3317460339397,0,0,0,1,0
322,1988.542078674468,0,0,0,1,0
323,483.8521170610703,0,0,0,1,0
324,8887.377367334679,0,0,0,1,0
325,401.00849775872376,0,0,0,2,0
326,325.6461580755598,0,0,0,2,0
327,3491.584324981874,0,0,0,3,0
328,2420.338520720242,1,0,0,2,0
329,2046.9779567757896,0,0,0,3,0
330,2055.646157261149,0,0,0,4,0
331,1083.284844957362,0,0,0,2,0
332,447.0836119724609,0,0,0,1,0
333,1182.9949062677133,1,0,0,1,0
334,557.152108813858,0,0,0,3,0
335,2907.706000837381,1,0,1,1,0
336,946.662478632745,0,0,0,1,0
337,480.34413897401595,0,0,0,2,0
338,795.2163041564328,0,0,1,1,0
339,1657.2774660872708,1,0,0,1,0
340,624.0780540691509,1,1,0,1,0
341,481.9207128865157,0,0,0,3,0
342,1399.2437785571617,0,1,0,0,0
343,1401.0350601438581,0,1,0,0,0
344,660.5394334673073,0,0,1,3,0
345,684.6869280067497,0,0,0,2,0
346,1383.0547757579586,0,0,0,4,0
347,257.7308075169322,1,0,0,2,0
348,268.41551947782415,0,0,0,4,0
349,534.6197672232965,0,0,0,1,0
350,885.854617276349,0,0,0,3,0
351,1496.5347765278798,0,0,0,2,0
352,4795.130567863151,1,0,0,4,0
353,2585.4623330705085,0,0,0,2,0
354,934.5465795760492,0,0,0,1,0
355,1075.9763835393012,1,0,0,5,0
356,402.40966438650094,0,0,0,3,0
357,1076.5178132116152,0,0,0,2,0
358,821.6720595055178,0,0,0,1,0
359,1514.3151360727345,0,0,0,2,0
360,479.51206539034126,0,0,0,2,0
361,1843.362289365007,0,0,0,4,0
362,5078.3359245580405,0,0,1,3,0
363,983.6202045329187,0,0,0,0,0
364,1638.7871787774518,0,0,0,0,0
365,2186.6894047093974,0,0,0,0,0
366,734.1985734885454,0,0,0,1,0
367,1372.092851217482,0,0,1,0,0
368,1110.529714542782,0,0,0,4,0
369,1209.153852540755,0,0,0,5,0
370,506.2295467608473,0,0,0,1,0
371,1123.8439364726087,0,0,0,4,0
372,1804.4268599772201,0,1,0,0,0
373,4680.4222434209505,0,1,1,2,0
374,2861.9853064404538,0,0,0,1,0
375,9444.449160768114,1,0,0,1,0
376,509.10406070147764,0,0,0,2,0
377,2623.64706072523,0,0,0,2,0
378,1317.3033452909835,0,0,0,2,0
379,9796.720180838209,0,0,0,2,0
380,488.67698783902415,0,0,0,5,0
381,473.55978087237327,1,0,0,3,0
382,602.2106822244683,0,1,0,3,0
383,131.1188646702209,1,0,1,1,0
384,648.2296153864863,0,0,0,0,0
385,513.3035258082359,1,0,0,2,0
386,1274.6077796672216,0,0,0,0,0
387,1543.4199435634466,0,0,0,1,0
388,7159.323979425839,0,0,0,1,0
389,2836.7770301435667,0,1,0,1,0
390,615.9072255622924,0,0,0,1,0
391,446.56516175597454,0,0,0,1,0
392,1793.4908075005897,0,0,0,4,0
393,292.8811200242829,0,0,0,3,0
394,6846.266634740118,0,0,0,2,0
395,3566.8570923004554,0,0,0,2,0
396,685.9634510098862,1,0,0,2,0
397,197.7226855442784,0,0,1,1,0
398,4246.593343110303,0,0,0,1,0
399,977.9515752477811,0,0,0,4,0
400,3781.274162999435,0,0,0,4,0
401,222.64361213798935,0,1,0,3,0
402,602.2212947698533,0,0,0,2,0
403,1102.3986765241634,0,0,0,0,0
404,1149.3830438212228,0,0,0,2,0
405,699.1983947641006,0,0,0,3,0
406,2044.3801805649496,0,0,0,0,0
407,377.05066585910504,1,0,0,1,0
408,951.1012416526984,0,0,0,2,0
409,1236.8160214609977,0,0,0,1,0
410,1834.3378195075034,0,0,0,2,0
411,2234.147222009866,0,0,0,3,0
412,356.1521076085421,1,0,0,1,0
413,236.48524790522313,0,0,0,0,0
414,3935.041951443592,0,0,1,0,0
415,1528.9156107801682,0,1,0,2,0
416,518.7974117138571,0,0,0,2,0
417,5172.709831388329,0,0,0,2,0
418,1231.1138827489042,0,0,0,3,0
419,3566.3472941053396,0,0,0,1,0
420,1173.2330193654043,1,0,0,2,0
421,8610.588319531375,0,0,0,3,0
422,6344.482664351437,0,0,0,1,0
423,854.9438989500853,0,0,1,1,0
424,2897.4054727498983,0,0,0,1,0
425,2090.9545215718476,0,0,0,3,0
426,4309.734401996828,0,1,0,2,0
427,417.83078894067546,0,0,0,1,0
428,2177.7585962483167,1,0,1,3,0
429,3160.3071045708843,0,0,0,1,0
430,188.90807358274122,0,0,0,1,0
431,335.8758129523534,0,0,0,5,0
432,142.70332462866753,0,0,0,3,0
433,837.6439801794602,0,0,0,1,0
434,2247.429181155071,0,0,0,1,0
435,4926.366869705827,0,0,0,2,0
436,1180.9739760334003,0,0,1,2,0
437,5589.334714561912,0,0,0,1,0
438,275.8613934103746,0,0,0,6,0
439,199.6603275897316,0,0,0,2,0
440,1037.3786704309184,0,0,0,5,0
441,1610.122350095578,1,0,0,5,0
442,1061.3587988566446,0,0,1,3,0
443,138.73392637363838,0,0,0,1,0
444,1003.1295684110115,0,0,0,2,0
445,297.5345936777077,0,0,0,1,0
446,2142.3798056038204,0,0,1,4,0
447,1582.2422192120898,0,1,0,0,0
448,428.42693653924323,0,0,0,2,0
449,655.9818249315894,0,0,0,1,0
450,380.2338575786183,0,0,0,1,0
451,1030.0070261722055,1,0,0,2,0
452,2850.1939412283527,0,0,0,3,0
453,409.2286120952554,0,0,1,5,0
454,1815.3735088332087,0,0,1,0,0
455,645.3174599155268,0,0,0,1,0
456,496.2734909150923,0,0,0,3,0
457,985.3231318808026,0,0,0,1,0
458,389.458642074987,0,0,0,1,0
459,630.3975768158643,0,0,0,1,0
460,331.0012353055885,0,0,0,2,0
461,7822.23135941598,0,0,0,4,0
462,1135.9942662710275,0,1,0,2,0
463,544.7214112802183,0,0,0,4,0
464,1358.2873867567814,0,0,0,1,0
465,980.1169980550571,0,0,0,1,0
466,879.2158234365692,0,0,0,2,0
467,2026.7052015690247,0,1,0,1,0
468,2339.067699739979,1,0,1,1,0
469,645.160325380393,1,0,0,2,0
470,616.5761034538276,0,0,0,0,0
471,832.9289153808999,0,0,0,1,0
472,109.73614859233527,0,1,0,1,0
473,241.0028930562657,1,0,0,0,0
474,4302.167598932291,0,0,0,4,0
475,5681.483819924746,0,0,0,1,0
476,854.8824383214168,0,1,0,1,0
477,1951.8969294747747,0,0,0,3,0
478,1497.04756063099,0,0,0,0,0
479,23834.295467269567,1,0,0,0,0
480,3359.5923172187404,0,0,1,5,0
481,964.9559074363033,0,1,0,3,0
482,421.7697543779462,0,0,0,1,0
483,219.9837499459901,0,0,0,3,0
484,1344.0781085394767,0,0,0,4,0
485,514.7334813238675,0,0,0,4,0
486,264.4748840355366,0,0,0,0,0
487,574.4580736401907,0,0,1,3,0
488,371.8356651748277,0,0,0,4,0
489,5926.218714556848,0,0,0,3,0
490,2648.2114244754184,0,0,0,3,0
491,1087.924855814121,0,0,0,2,0
492,4817.180796288309,0,0,1,2,0
493,1184.8462610566046,0,1,0,2,0
494,463.4580151357667,0,0,0,2,0
495,5029.742541893794,0,0,0,5,0
496,1879.7800300478768,0,0,0,2,0
497,388.67901380438326,0,0,0,1,0
498,906.563721685054,0,1,0,2,0
499,456.8621693534726,0,0,0,3,0
500,275.1180474559826,0,1,1,0,0
501,2768.8228571211966,0,0,0,0,0
502,7401.342195163669,0,0,0,1,0
503,270.8140508611659,0,0,0,5,0
504,1925.5544605254238,0,0,0,3,0
505,572.1249610407875,0,0,0,3,0
506,673.7604391715223,0,0,0,2,0
507,606.4401701354014,0,0,0,1,0
508,462.2053303429474,0,0,0,1,0
509,1151.1556478486623,0,0,0,0,0
510,477.73198938836197,0,0,0,3,0
511,1437.2068562371244,0,0,0,1,0
512,1042.9013739420773,0,0,0,3,0
513,863.5501324199292,0,0,0,1,0
514,442.4981740321272,0,0,0,1,0
515,615.9887309363379,0,0,0,1,0
516,2334.1223350995256,0,0,0,0,0
517,1809.701489308114,0,0,0,0,0
518,412.58603560954595,0,0,1,2,0
519,1211.158120754044,0,0,0,2,0
520,2324.7949564815253,1,0,0,2,0
521,206.56078323162282,1,0,0,1,0
522,1888.1639717534508,1,0,0,2,0
523,565.3111237283476,0,0,0,2,0
524,1940.3015315103078,0,0,0,3,0
525,511.18974563234303,0,0,0,3,0
526,180.38940933481805,0,0,0,1,0
527,215.39155592430185,0,0,0,3,0
528,1150.6530694641888,0,0,1,2,0
529,1421.8619182160726,1,0,0,3,0
530,443.9373171588568,0,0,0,4,0
531,2076.8185506162085,0,0,0,2,0
532,208.19599875719464,0,0,1,5,0
533,1026.5102290143436,0,0,0,1,0
534,326.6808826080554,0,0,0,1,0
535,571.442515113621,0,1,0,3,0
536,1149.8636755337816,0,0,1,1,0
537,463.8617868643424,0,0,0,0,0
538,746.5364590477295,0,0,0,1,0
539,2999.7757330756053,0,0,0,1,0
540,615.9144847733999,0,1,0,5,0
541,2529.2854526929646,0,0,0,2,0
542,354.35284192891174,0,0,1,2,0
543,1862.7407020720188,0,0,0,3,0
544,4635.82112894591,0,0,0,4,0
545,92.60614497510798,0,0,0,1,0
546,494.2812783548208,1,0,0,2,0
547,1952.9027358035194,0,0,0,2,0
548,895.1171593031822,0,0,1,0,0
549,1589.454053020105,0,0,0,2,0
550,599.4513458449992,0,0,0,3,0
551,1195.8228292669223,0,0,0,2,0
552,938.5374549509852,0,0,0,2,0
553,3525.515908857153,0,0,0,3,0
554,1414.3436392883398,1,0,0,1,0
555,1537.0229299618043,0,0,0,0,0
556,726.4161310464091,0,0,0,2,0
557,673.4365458712872,0,0,0,1,0
558,711.5472413620806,0,1,0,3,0
559,1626.9333515692451,0,0,0,2,0
560,719.8303211589669,0,0,0,0,0
561,1465.2407712103645,0,0,0,2,0
562,8737.68709025622,0,0,0,4,0
563,2620.51122936307,0,0,0,2,0
564,791.5368756655135,0,0,0,1,0
565,3645.372821359057,0,0,0,1,0
566,729.1829253795463,0,0,1,2,0
567,142.86147647934715,0,0,0,1,0
568,400.17969714158914,1,0,0,1,0
569,168.8833228199962,0,0,0,3,0
570,771.6156134277312,0,0,0,2,0
571,1117.0185201479644,1,0,0,2,0
572,5863.120868814661,1,0,0,0,0
573,1520.7020371580752,0,0,0,2,0
574,880.8606766872283,0,0,0,3,0
575,2513.434896293995,0,0,0,5,0
576,120.16486693619312,0,1,0,1,0
577,1387.9936388686167,0,0,0,5,0
578,2370.5213619631854,0,1,0,2,0
579,249.98820936752472,0,0,1,1,0
580,3441.8143656768048,0,0,0,1,0
581,1538.3972512198643,0,1,0,0,0
582,723.9425845252953,0,0,0,2,0
583,2064.7859959583334,0,1,0,3,0
584,10622.108948522553,0,0,0,1,0
585,1315.3607677162338,0,1,0,2,0
586,1405.601475075996,0,0,0,1,0
587,692.7291601189393,0,0,0,1,0
588,468.7903391968474,0,0,0,3,0
589,2515.7740701339153,0,0,1,2,0
590,465.8744485402268,0,0,0,1,0
591,1177.9916044331771,0,0,0,4,0
592,680.1698546541645,0,0,0,0,0
593,1770.4337034425164,0,1,0,2,0
594,1530.9781215987298,0,0,1,3,0
595,3094.989969552086,0,0,0,4,0
596,658.5125642747852,0,0,0,3,0
597,837.2519700786232,0,0,0,0,0
598,412.0877385066468,1,0,0,2,0
599,703.2459862499998,0,0,0,1,0
600,1599.266703797065,0,0,0,0,0
601,2337.853820216005,1,0,0,1,0
602,436.08390863149003,0,0,0,0,0
603,2616.5342614429887,0,0,0,3,0
604,4254.097260504274,0,0,0,2,0
605,1658.1120307469653,0,0,0,1,0
606,7163.799764538519,0,0,0,2,0
607,505.83513745733893,0,0,0,3,0
608,315.8745991486329,0,0,0,4,0
609,185.1710052991762,0,0,1,1,0
610,4895.365946866065,0,0,0,2,0
611,2109.8363334030255,0,0,1,1,0
612,1037.340317161365,0,0,0,1,0
613,1450.9425029943145,0,0,0,4,0
614,355.85059034010436,0,0,1,3,0
615,12654.295220124815,0,1,0,2,0
616,1247.9046976802463,0,0,0,2,0
617,1223.4069095336624,0,1,0,0,0
618,2265.9890831424345,1,0,0,1,0
619,1774.0302804288185,0,0,0,1,0
620,1371.8068579387846,0,0,0,1,0
621,497.4651702273961,0,1,0,2,0
622,1757.1849672787,0,0,0,1,0
623,7201.355106096087,0,0,1,1,0
624,4210.851009004548,0,0,0,0,0
625,5394.777455160078,0,0,1,1,0
626,657.7232982917433,0,0,0,2,0
627,407.64438124896105,0,1,1,6,0
628,967.0141032631489,0,0,0,0,0
629,1159.4776863249167,1,0,0,3,0
630,3275.3876860100486,0,0,0,1,0
631,201.85212407594653,0,0,1,1,0
632,5062.168964055618,0,0,0,0,0
633,936.3525873394653,0,0,0,2,0
634,715.5982671180302,0,0,0,4,0
635,398.57497546627593,0,0,0,3,0
636,209.58792229205545,0,1,0,2,0
637,2497.812390449884,0,0,0,2,0
638,1180.0569360534212,0,0,0,3,0
639,301.88287175048623,0,1,1,1,0
640,300.34182057176537,1,0,0,2,0
641,783.848138511571,1,0,0,2,0
642,5819.802033528931,0,0,0,0,0
643,845.9063437040104,0,0,1,1,0
644,243.92408427992012,0,0,0,3,0
645,857.7021853517779,0,0,0,0,0
646,834.8703390783119,0,0,0,3,0
647,73.9296050292479,0,0,0,4,0
648,1038.6791464874725,0,1,0,0,0
649,870.4980070648508,0,0,0,1,0
650,2199.9861960707317,0,0,0,4,0
651,6967.112169012335,0,0,0,2,0
652,3383.1585336894027,0,0,1,1,0
653,838.0781127514141,0,0,0,4,0
654,362.6630227954661,0,0,0,1,0
655,14376.637946084495,0,0,0,1,0
656,1163.5354305945873,0,0,0,2,0
657,1112.0153647240372,0,0,0,1,0
658,1070.4933681234502,0,0,1,2,0
659,1336.867889088789,0,0,0,2,0
660,949.2190444789637,0,0,0,1,0
661,617.9070200344208,0,0,0,3,0
662,634.6927723613796,1,0,0,0,0
663,1061.296687705088,0,0,0,2,0
664,636.876162227399,0,0,0,5,0
665,537.6211969719059,0,0,0,1,0
666,1219.7854086317463,0,0,0,1,0
667,849.8184875137854,0,1,1,2,0
668,4934.432688799652,0,1,0,3,0
669,77.40336008520696,0,0,0,1,0
670,3266.606155271362,0,0,1,0,0
671,3812.670695477356,0,0,0,2,0
672,137.91116797929973,0,0,0,4,0
673,778.4559495479149,0,0,0,6,0
674,756.3915262646019,0,0,0,3,0
675,268.402657222714,0,1,0,2,0
676,503.801989253499,0,0,0,4,0
677,361.1972306870885,0,0,0,0,0
678,6325.032446244699,0,0,0,2,0
679,2795.2543777003134,0,0,0,0,0
680,3911.0262829416556,0,0,0,1,0
681,2256.72982444046,0,0,0,4,0
682,354.58504865680123,0,0,0,1,0
683,649.030514760823,0,0,0,3,0
684,1788.932873899017,0,0,0,4,0
685,323.0710251347704,0,0,0,3,0
686,2237.2404203608107,0,0,0,2,0
687,862.3615392726308,0,0,0,2,0
688,753.8392827607067,0,1,0,2,0
689,2232.6845359248045,0,0,0,6,0
690,1710.0250721855655,1,0,0,7,0
691,764.3561413735112,0,0,0,2,0
692,3495.8429163236992,0,1,0,2,0
693,372.0159286842433,0,0,0,1,0
694,2030.2934270688315,0,0,1,0,0
695,1984.4582976496486,0,0,0,4,0
696,804.6871438404455,0,1,1,2,0
697,1519.4945448304604,0,0,0,3,0
698,313.84097972006253,0,0,0,2,0
699,2762.8748231409018,0,0,0,1,0
700,911.5057146109176,0,0,0,1,0
701,650.1980309445546,0,0,0,2,0
702,3130.6916258093047,0,0,0,1,0
703,542.2115882351422,0,0,0,2,0
704,268.1479025945456,0,1,0,1,0
705,231.22027474245425,0,0,0,3,0
706,2010.2411145485532,0,0,0,0,0
707,304.77403936671686,0,0,0,3,0
708,6341.015334359493,0,0,1,2,0
709,136.73853410454984,0,0,0,1,0
710,5981.677752957013,1,0,0,2,0
711,1354.2694914063152,0,0,0,3,0
712,995.541577552772,0,0,0,1,0
713,635.9251789066332,0,0,0,0,0
714,1634.5717368171568,0,0,0,2,0
715,1056.1286638118552,0,1,0,0,0
716,3305.363998803258,0,1,0,2,0
717,1229.3337668623146,0,1,0,2,0
718,1274.4904892649402,0,0,0,2,0
719,762.3362930460046,0,0,0,1,0
720,1035.9295061825037,0,1,0,0,0
721,1491.894054049257,0,0,0,5,0
722,198.31002864501608,0,0,0,0,0
723,284.807803158818,0,0,0,4,0
724,2305.9870707409423,0,0,0,1,0
725,1300.9700248050044,0,0,0,3,0
726,912.3435910053294,0,0,0,5,0
727,1117.0358942504565,0,0,0,3,0
728,1552.43773288637,0,0,0,1,0
729,639.2146539804684,0,0,0,3,0
730,503.55617482151365,0,0,0,1,0
731,1333.8773158237013,0,0,0,2,0
732,412.2488708262297,0,0,0,2,0
733,1649.5416752195665,1,0,0,4,0
734,199.81988699328696,0,0,0,1,0
735,3069.1491039463385,0,0,0,3,0
736,1759.170169801961,0,0,0,0,0
737,1416.6209955761879,0,0,0,1,0
738,2929.8045225888054,0,0,0,3,0
739,5799.195293811399,0,0,0,1,0
740,3024.10380880312,0,0,1,4,0
741,174.01226211701302,0,0,1,4,0
742,305.0339351680721,0,0,1,3,0
743,587.091932851812,0,0,0,3,0
744,1125.6219994036146,0,0,0,3,0
745,1840.2542501180574,0,1,0,2,0
746,530.7314698576569,0,1,0,1,0
747,1321.8225255682853,0,0,0,2,0
748,515.2318881865014,0,0,0,3,0
749,594.9528727866043,0,0,0,0,0
750,268.63105707558555,1,1,1,4,0
751,435.6184536397461,0,0,0,3,0
752,283.8129499923117,0,0,0,0,0
753,413.28058589719603,1,0,0,4,0
754,3145.2284216982707,0,0,0,5,0
755,424.3680457623619,0,0,1,1,0
756,15250.72107977515,0,0,0,1,0
757,1796.0011710260464,0,0,0,1,0
758,1319.2730229723416,0,1,1,1,0
759,464.8162749227739,0,0,0,2,0
760,2209.0324194973173,0,0,0,3,0
761,616.6873527010266,0,0,0,1,0
762,1238.9379685599715,0,0,0,1,0
763,14187.045497169205,0,1,0,0,0
764,996.1920898409546,1,0,0,1,0
765,3460.86323315515,0,0,1,3,0
766,542.8448625984448,0,0,0,2,0
767,1058.927105080758,0,0,0,4,0
768,6443.329158707028,1,0,0,2,0
769,585.8319315503875,0,0,0,5,0
770,6717.346960348487,0,0,1,2,0
771,2225.533487349477,0,0,0,4,0
772,624.8634988890451,0,0,0,3,0
773,2064.0136481503205,0,1,0,1,0
774,2900.256468931353,0,0,0,3,0
775,2042.2551913963316,0,1,0,1,0
776,228.09798151079085,0,0,0,1,0
777,529.9924833966527,0,0,0,2,0
778,856.1806250447966,0,0,0,3,0
779,1017.9708589347977,0,0,0,0,0
780,2039.9327029633746,0,0,0,1,0
781,1309.8933503483684,0,0,0,2,0
782,288.4886204405263,0,0,1,2,0
783,1603.907071069581,0,0,0,2,0
784,2019.460640894729,0,1,0,3,0
785,1919.4432479233985,0,0,0,4,0
786,3231.7553659716614,0,1,0,2,0
787,2524.8126843678883,0,0,0,1,0
788,1735.7243173301215,0,0,0,5,0
789,1022.3245546920283,0,0,0,3,0
790,208.31243967605226,0,0,0,4,0
791,1685.1640871321908,1,0,0,2,0
792,1349.7675712472205,0,0,0,1,0
793,1438.8203237315136,1,0,0,2,0
794,305.8979116348132,0,0,0,1,0
795,372.01845363621135,0,0,0,2,0
796,3143.69095930992,0,0,0,1,0
797,1054.1023663329843,0,0,0,3,0
798,2167.870649733666,0,0,0,1,0
799,1128.1319206272492,0,0,0,2,0
800,1129.7550739495157,0,0,0,4,0
801,2802.546664899193,0,1,0,5,0
802,654.5547750621166,0,0,0,2,0
803,1207.27469115565,0,0,0,1,0
804,690.713216809114,0,0,0,1,0
805,710.1695700440215,0,0,1,1,0
806,804.9884073692743,0,0,0,0,0
807,1369.4079493171525,0,0,0,2,0
808,679.4280751613259,0,0,0,0,0
809,3849.7216484857777,0,0,0,0,0
810,448.26864099619036,0,0,0,4,0
811,909.7122637580292,0,0,0,0,0
812,706.4616660682948,0,0,1,3,0
813,4660.965452707432,0,0,0,1,0
814,1334.8240661728898,0,0,0,2,0
815,3077.4128507733326,0,0,0,2,0
816,248.25082519374206,0,1,0,0,0
817,1432.3192546578302,0,0,0,3,0
818,2669.458163078133,1,0,0,4,0
819,1190.6849268077515,0,0,0,2,0
820,3182.6847324083487,0,0,0,0,0
821,653.7411970020423,0,0,0,2,0
822,4488.830325307732,0,0,0,3,0
823,10925.97350080648,0,0,0,3,0
824,762.926304073765,0,0,1,0,0
825,702.3960920527643,0,1,0,1,0
826,4690.922218185202,0,0,0,1,0
827,5321.82807127272,0,1,0,1,0
828,650.1089556028485,0,0,0,6,0
829,720.4047327570734,1,0,1,1,0
830,827.3397154428994,0,0,0,3,0
831,285.8735239233473,0,0,0,2,0
832,437.61873073461146,0,0,0,2,0
833,401.76174277383893,0,0,0,2,0
834,508.8750142855099,0,1,0,2,0
835,1059.2486474514767,0,0,0,1,0
836,1386.0520491396169,0,0,0,3,0
837,5169.340997864922,0,0,1,1,0
838,404.0933676325653,1,0,0,4,0
839,2934.58814923819,0,1,0,3,0
840,885.3748864070186,0,0,0,2,0
841,1043.7093093461706,0,0,0,1,0
842,2153.4349387354273,0,0,0,2,0
843,356.83660161194626,0,0,0,3,0
844,1607.4586718224584,1,0,0,4,0
845,1295.2411955915688,0,0,0,3,0
846,1794.4453644448022,0,0,0,5,0
847,1464.3527924027749,0,0,0,2,0
848,12775.699128947776,0,0,0,2,0
849,579.5546801250401,0,0,0,3,0
850,644.8405294076566,1,0,0,3,0
851,588.0779302616121,0,0,0,2,0
852,629.2463798246171,0,1,0,3,0
853,579.7592161026604,0,0,0,4,0
854,3601.1788569603414,0,0,0,1,0
855,4539.191756526457,0,1,0,3,0
856,619.7112887330609,0,0,0,3,0
857,477.06102937938846,0,0,0,1,0
858,1757.0921890446575,0,0,0,4,0
859,631.2973298247286,0,0,0,1,0
860,2065.0956372387554,0,0,0,1,0
861,1343.3516761092587,0,0,0,3,0
862,240.8696425824411,0,0,0,1,0
863,5153.880480732712,0,0,1,0,0
864,6606.951776116647,0,1,0,1,0
865,594.1972348890724,0,0,0,2,0
866,744.1915341416945,0,1,0,4,0
867,1459.5236447201855,0,0,0,0,0
868,1532.1952500407372,0,0,1,1,0
869,2118.6709753702553,0,0,0,3,0
870,8186.195498045213,0,1,0,3,0
871,918.7855765069099,0,0,0,0,0
872,493.58878695217857,0,0,0,0,0
873,276.07726494302364,0,0,0,1,0
874,527.9861012966938,0,0,0,7,0
875,1060.9001524099417,0,0,0,3,0
876,6598.237609668008,0,1,0,3,0
877,653.5301714188273,0,1,0,4,0
878,1371.6750711627053,0,0,0,4,0
879,1078.7703470669544,0,0,0,3,0
880,3598.9350939485007,0,1,0,0,0
881,13724.425751094603,0,1,0,3,0
882,644.9231917067497,0,0,0,1,0
883,672.2031204878804,0,0,0,3,0
884,3115.549677307731,0,0,0,1,0
885,2168.7180023492124,0,0,0,3,0
886,6951.462344705407,0,0,0,0,0
887,1966.3379542043954,0,0,0,1,0
888,765.63680256773,0,0,0,0,0
889,1979.6093984001293,0,0,0,7,0
890,3323.2668882517387,0,0,0,1,0
891,2491.10628311186,0,0,1,3,0
892,1821.2421205571898,0,0,0,3,0
893,3186.488129783218,0,1,0,5,0
894,3530.8559187802102,0,0,0,0,0
895,4368.430153919711,0,0,0,2,0
896,2097.937267870767,0,1,0,1,0
897,927.8609838538455,0,0,0,2,0
898,1269.9257160380387,0,0,0,3,0
899,3664.726425978552,0,1,0,2,0
900,484.4742726099993,0,0,0,3,0
901,1585.52887997825,1,0,0,1,0
902,740.0081411358557,0,0,0,2,0
903,1128.61311147355,0,0,0,3,0
904,3938.0929513185783,0,0,0,3,0
905,1327.561484458619,1,1,0,0,0
906,1148.7578970932261,0,0,0,2,0
907,281.5032123387832,0,1,0,1,0
908,2312.8910690447806,0,1,0,3,0
909,2091.180841080326,0,0,0,1,0
910,9540.056847723616,0,0,0,1,0
911,806.1112538451314,1,0,0,2,0
912,1365.328485879818,0,0,0,1,0
913,1407.2372776261846,0,0,0,2,0
914,5310.563768876854,0,1,0,2,0
915,996.953837626977,0,0,0,2,0
916,1449.5689650943852,0,0,0,2,0
917,2014.0371313284797,0,0,0,2,0
918,1321.6141681428976,0,0,0,2,0
919,701.7424002342508,1,0,0,0,0
920,1331.5380649925046,0,1,1,0,0
921,3208.7340130026255,0,1,0,1,0
922,392.87233060856954,0,0,0,4,0
923,1252.5912369106522,0,0,0,2,0
924,544.5061216779255,0,0,0,1,0
925,3622.959922703507,1,0,0,1,0
926,239.08355544731876,0,0,0,1,0
927,627.0825262144775,0,0,0,1,0
928,1599.1249862912166,0,0,0,1,0
929,5247.58909039507,0,0,0,1,0
930,1026.8485584483055,0,0,0,2,0
931,629.4210781259234,0,0,0,2,0
932,7195.111164465832,1,0,1,2,0
933,257.74896299307954,0,0,1,2,0
934,121.65559288395757,0,0,0,3,0
935,1702.7748261600316,0,0,0,1,0
936,663.7766853382235,0,0,0,0,0
937,394.95316287450095,0,0,0,0,0
938,2226.8792554269144,0,0,0,1,0
939,1399.4026049287122,0,1,0,4,0
940,623.8571209179743,0,0,0,2,0
941,304.8121244282022,0,0,0,1,0
942,2624.005715645443,0,0,0,0,0
943,2101.068235523842,0,0,0,2,0
944,993.0928222082956,0,0,0,5,0
945,6950.973467716485,0,0,0,1,0
946,376.12262993989566,0,0,0,5,0
947,238.525167548928,0,0,1,1,0
948,548.9964252581027,0,1,0,1,0
949,1047.7643509616803,0,0,0,3,0
950,1398.757259106895,0,0,0,6,0
951,861.5765788437029,0,0,0,1,0
952,1559.3984182059428,0,0,0,5,0
953,313.7073596806051,0,0,0,1,0
954,4646.012501208353,0,0,0,2,0
955,1010.1446542476957,0,0,0,4,0
956,3351.944256657093,0,0,0,2,0
957,1544.9168148753374,0,0,0,1,0
958,1731.5170645556168,0,0,0,3,0
959,1938.6890577890888,0,0,0,1,0
960,1715.9266939933311,0,1,0,1,0
961,2085.414175579811,0,0,0,1,0
962,4142.905076899427,1,0,0,0,0
963,1334.7792077477536,0,0,0,0,0
964,2228.3212039253667,0,0,0,1,0
965,1002.5121769723328,0,0,0,2,0
966,4629.0975545098045,0,0,0,1,0
967,557.5809518698446,0,1,0,2,0
968,6640.486002308975,0,0,0,1,0
969,1053.4671482855981,0,1,0,1,0
970,262.2307648267571,0,0,1,0,0
971,1246.5118566985452,0,0,0,2,0
972,554.9890270806444,0,0,0,1,0
973,2541.8401062112957,0,0,0,1,0
974,570.9924691544153,0,0,0,5,0
975,701.9179850483986,0,0,0,0,0
976,165.74645961590485,0,0,0,3,0
977,697.6333517669693,0,1,0,1,0
978,97.13683682858996,0,0,0,1,0
979,224.99927422088828,0,0,0,1,0
980,2345.877135997246,0,0,0,4,0
981,2406.190712209623,0,0,0,2,0
982,1678.167262579401,0,0,0,2,0
983,416.97399463593763,0,1,0,2,0
984,1045.5398604361812,0,0,0,4,0
985,1092.6896022798467,0,0,0,4,0
986,344.34198666128816,0,0,0,2,0
987,4931.499119101533,0,0,0,4,0
988,2636.9079814399684,1,0,0,1,0
989,879.2205938139331,0,0,0,1,0
990,1126.5169867592663,0,0,0,1,0
991,1350.7061489147889,0,0,0,2,0
992,142.34662888610197,0,0,1,5,0
993,856.4728491364403,0,0,0,2,0
994,554.4716908425972,0,0,0,1,0
995,402.7757639553583,0,0,0,3,0
996,827.9060709875301,0,1,1,3,0
997,6618.913600973738,0,0,0,3,0
998,2081.497491027978,0,0,0,0,0
999,619.4432001212442,0,0,0,2,0
1000,1944.155130266077,0,0,0,0,0
1001,4444.201254769847,0,0,0,5,0
1002,2764.551467548191,0,0,1,2,0
1003,1164.0148313504,0,0,0,3,0
1004,574.2490701322096,0,0,0,6,0
1005,2204.4279334619614,0,0,0,1,0
1006,1625.3612624702553,0,1,0,3,0
1007,2684.3481962605106,1,0,0,5,0
1008,2069.7266029808507,0,0,0,1,0
1009,3132.3935862376165,0,0,1,3,0
1010,642.1133132078925,0,0,0,2,0
1011,4094.476157485072,0,0,0,2,0
1012,1336.2194568184634,0,0,0,3,0
1013,8736.464546011017,1,1,0,1,0
1014,550.4918668341882,0,1,0,2,0
1015,6222.7287988328135,0,0,0,3,0
1016,1336.6353246470821,0,0,0,1,0
1017,571.6814875764384,0,0,0,0,0
1018,675.9466588788391,0,0,0,2,0
1019,796.0425918846423,0,0,0,1,0
1020,1676.001115143543,1,0,0,3,0
1021,1849.8049647132584,0,0,0,4,0
1022,617.8835418313846,0,0,0,1,0
1023,1070.2477125720616,0,0,0,5,0
1024,9341.950651480669,0,0,1,3,0
1025,6170.549482718117,0,0,0,0,0
1026,1696.5018414664962,0,1,0,2,0
1027,1139.1110746828597,0,0,0,0,0
1028,1236.489168006717,0,0,0,2,0
1029,2025.3908489236765,1,0,0,0,0
1030,394.33761561599454,0,0,0,1,0
1031,847.7819451536046,0,1,0,0,0
1032,206.73048211253231,0,0,0,1,0
1033,1634.7139642361099,1,0,0,5,0
1034,2094.7635032405487,0,0,0,2,0
1035,676.4195622282574,0,1,0,3,0
1036,5292.186483073682,0,0,0,0,0
1037,321.8978750462571,0,1,0,1,0
1038,253.56624738312817,0,1,0,3,0
1039,1372.585983197641,0,0,0,4,0
1040,3124.714826892747,0,1,0,3,0
1041,5907.202756237493,1,0,0,4,0
1042,693.0594189404139,0,0,1,0,0
1043,3224.9761486377893,0,0,0,4,0
1044,1055.2062564008452,0,1,0,1,0
1045,922.7632490771721,0,0,0,3,0
1046,2653.5666971411,0,0,0,1,0
1047,2105.530805398835,0,0,0,2,0
1048,226.69553076741838,0,1,0,2,0
1049,4800.8120022578905,0,0,0,3,0
1050,4359.407157935954,0,0,0,4,0
1051,586.6552262656941,0,0,0,0,0
1052,1629.133461023619,0,0,0,4,0
1053,1797.2808921511057,0,0,0,3,0
1054,1423.2151279453522,0,0,0,5,0
1055,632.5092507298607,0,0,0,5,0
1056,560.2463692449206,0,1,0,2,0
1057,1068.9647428058015,1,0,0,1,0
1058,3542.999696697573,1,0,1,0,0
1059,1888.6171141277957,1,0,0,1,0
1060,757.0169679488322,0,0,0,4,0
1061,2372.4980549405077,0,0,0,3,0
1062,63.526515099716455,0,0,0,3,0
1063,3459.106855123882,0,1,0,1,0
1064,192.53659146992112,0,0,0,5,0
1065,763.2297184133934,1,0,0,3,0
1066,357.92737595965883,0,0,0,3,0
1067,300.4611689854156,0,0,0,2,0
1068,3501.0800562652103,0,0,0,2,0
1069,686.9756163747096,0,1,0,0,0
1070,1550.7653802247846,0,0,0,1,0
1071,1046.366976574377,0,0,0,3,0
1072,1767.004161119252,0,0,0,0,0
1073,1184.199018254294,0,0,0,2,0
1074,303.99394267953136,0,0,1,1,0
1075,2969.8502790955945,0,0,0,0,0
1076,669.3073802324784,0,0,0,0,0
1077,231.2312059079148,0,0,1,2,0
1078,714.7156984207936,0,0,0,2,0
1079,4918.504454596464,1,0,0,0,0
1080,2566.303311267558,0,1,0,3,0
1081,773.8266372279166,0,1,0,1,0
1082,773.3581729586631,0,0,0,1,0
1083,795.0181533392438,0,0,0,3,0
1084,8749.466303107129,0,0,0,1,0
1085,1606.6964446696766,0,1,0,4,0
1086,1685.8777839788045,0,0,1,3,0
1087,3072.612494247192,0,0,0,2,0
1088,1392.4069663188698,0,0,0,1,0
1089,846.3710477540882,0,0,1,2,0
1090,901.1305583276079,0,0,0,4,0
1091,1020.858011666043,0,0,0,1,0
1092,1056.5643707384904,0,0,0,0,0
1093,2270.2143733984967,0,0,0,3,0
1094,1155.1042582986283,0,0,0,1,0
1095,2281.6179037754127,0,1,0,1,0
1096,1011.5948460078463,1,0,0,3,0
1097,1186.3482734854047,0,0,0,0,0
1098,148.68044158603058,0,0,0,2,0
1099,2741.68417976826,0,0,0,2,0
1100,1550.7414895767733,0,0,0,0,0
1101,2975.032106016009,0,0,0,3,0
1102,60.566662734212095,0,0,0,1,0
1103,8851.787586502429,0,0,0,0,0
1104,953.7583827803634,0,0,0,0,0
1105,3321.5367015561883,0,0,0,2,0
1106,387.64658955151526,0,0,0,2,0
1107,2023.8843816045537,0,0,0,5,0
1108,382.44484118910486,1,0,0,1,0
1109,587.7084780365722,0,0,0,2,0
1110,7435.5761974466795,0,0,0,3,0
1111,906.2521687202603,0,0,0,1,0
1112,1362.9856088175632,0,0,0,2,0
1113,2617.74288371175,1,0,1,4,0
1114,1800.2519169857635,0,0,0,5,0
1115,1274.6397965181727,0,0,0,1,0
1116,1579.6538227126207,0,0,0,2,0
1117,12129.740218213014,0,0,0,3,0
1118,1035.2323807547343,0,1,0,1,0
1119,1340.9036706240672,0,0,1,1,0
1120,3135.846385351489,0,0,0,2,0
1121,3312.72347761098,0,0,0,0,0
1122,3594.033202304818,0,0,0,2,0
1123,2077.1046796017395,0,0,0,0,0
1124,349.67183042174594,0,0,0,3,0
1125,5616.317799311544,0,0,0,2,0
1126,348.50570735481955,0,0,0,2,0
1127,1484.2063519487854,0,0,0,0,0
1128,515.8026081665207,0,0,0,0,0
1129,1028.5050852395161,1,0,0,2,0
1130,1523.4951429034436,0,0,0,6,0
1131,1512.2550334769264,0,0,0,2,0
1132,1672.2423916757425,0,0,0,1,0
1133,5506.647452022705,0,0,0,0,0
1134,1725.9524146126369,0,0,0,1,0
1135,859.0639486810849,1,0,0,2,0
1136,2875.8028553680447,0,0,0,0,0
1137,3602.81401137068,0,0,0,2,0
1138,321.3054360375312,0,0,0,2,0
1139,1993.0074730406773,0,0,0,5,0
1140,2210.9393342058775,0,0,0,2,0
1141,814.3876626206003,0,0,0,2,0
1142,4340.335001111083,0,0,0,1,0
1143,943.8284405911484,0,0,0,1,0
1144,1243.3647024096051,0,0,0,0,0
1145,922.3531495064598,0,0,0,0,0
1146,1113.8514324906416,0,0,0,1,0
1147,366.3997363037821,0,0,0,3,0
1148,259.80961619932185,0,1,0,1,0
1149,5401.894817992773,0,0,0,2,0
1150,470.14382177997373,0,0,0,1,0
1151,406.916355892333,0,0,0,0,0
1152,127.308068635727,0,0,0,3,0
1153,578.8470337826733,0,0,0,2,0
1154,292.0456736343561,0,0,0,3,0
1155,5664.733675770138,1,1,0,2,0
1156,3010.366434418008,0,0,0,1,0
1157,551.0632835976722,0,0,0,2,0
1158,10429.940104327168,0,0,0,1,0
1159,2927.0942517947055,0,0,0,2,0
1160,792.4810679875405,0,0,0,0,0
1161,90.07064304181839,0,0,0,1,0
1162,10839.396202769252,0,1,0,2,0
1163,273.26104121168345,0,0,0,3,0
1164,211.579592811398,0,0,0,1,0
1165,3049.004527833567,0,0,0,3,0
1166,12578.602138816657,1,0,0,0,0
1167,4377.674028128524,0,0,0,3,0
1168,1927.3651078904652,0,0,0,3,0
1169,1987.7414862537944,1,0,0,1,0
1170,2574.5127162440945,0,0,0,3,0
1171,2342.3935959334704,0,0,0,0,0
1172,1452.7177972682423,0,0,0,2,0
1173,1217.0693843214276,0,1,0,3,0
1174,1030.0955790374626,0,0,0,0,0
1175,515.9631824698698,0,0,0,5,0
1176,828.2581847681959,0,0,0,2,0
1177,201.75280003798707,0,0,0,2,0
1178,993.9236304832887,0,0,0,1,0
1179,408.05782522288143,0,0,0,2,0
1180,363.7295812117058,0,0,0,1,0
1181,1312.7692957755755,0,0,0,2,0
1182,4411.642227651759,0,0,1,4,0
1183,2747.142627687213,0,0,0,4,0
1184,228.03506166790515,0,0,1,1,0
1185,407.6348765962891,1,0,0,5,0
1186,2809.526346029867,0,1,0,3,0
1187,410.55610997656004,0,0,0,0,0
1188,876.0006649425801,0,1,0,5,0
1189,1900.8417607614522,0,0,0,0,0
1190,416.40383439356185,0,1,0,3,0
1191,1218.4995529089142,0,0,0,2,0
1192,288.86934864553484,0,0,0,0,0
1193,601.022490750477,0,0,0,1,0
1194,1509.8746817441934,0,0,0,2,0
1195,222.96309544085995,0,0,0,1,0
1196,1703.5587732278068,0,0,0,2,0
1197,1075.3077740996057,0,0,0,1,0
1198,1905.481391174576,0,0,0,0,0
1199,1371.8481633709112,0,0,0,0,0
1200,4290.422234219535,0,0,0,1,0
1201,1242.9271761768885,0,0,0,3,0
1202,713.7940382378756,0,0,0,6,0
1203,1239.2944479006685,0,0,0,1,0
1204,1888.0466008159237,0,0,0,2,0
1205,1151.5453136428712,0,0,0,0,0
1206,1142.0631554744766,0,0,0,2,0
1207,543.4883722853658,0,0,0,2,0
1208,565.1544645965629,0,0,0,3,0
1209,269.7227900881772,0,0,0,2,0
1210,6308.017631540735,0,0,0,0,0
1211,316.12470272206514,0,0,0,1,0
1212,548.4492784304495,1,0,0,3,0
1213,534.6395248271424,0,0,0,0,0
1214,2683.626624813895,0,0,0,2,0
1215,816.5191139150907,0,0,0,1,0
1216,3818.993070233032,0,0,0,3,0
1217,559.201221761923,0,0,0,2,0
1218,1449.5293002892377,0,1,0,4,0
1219,475.63604324856794,0,0,0,0,0
1220,9368.882717926272,0,0,0,3,0
1221,334.42130187817924,0,0,0,2,0
1222,1494.909143242315,0,0,0,0,0
1223,2066.8415111008744,0,0,0,0,0
1224,1658.7160155548195,0,0,0,1,0
1225,911.1543764372859,0,0,0,3,0
1226,963.1212382262026,1,0,0,3,0
1227,1145.7462747029072,0,0,0,1,0
1228,946.7149061329012,0,0,0,2,0
1229,2875.2046025249815,0,0,0,0,0
1230,10001.82646292972,0,0,0,1,0
1231,627.9799347936099,1,0,0,3,0
1232,278.7170251695266,0,1,0,2,0
1233,1003.9705344350475,0,0,0,2,0
1234,14468.213326189842,0,1,0,1,0
1235,490.94172383838776,0,0,1,1,0
1236,5648.3390385540615,0,0,0,3,0
1237,5870.53361461549,0,0,0,1,0
1238,630.436072361367,0,0,0,1,0
1239,1937.1693317635536,1,0,0,1,0
1240,5588.111217683182,0,0,0,5,0
1241,750.5995288572293,0,0,0,1,0
1242,894.6384229100523,0,0,0,2,0
1243,612.9718946649022,0,1,1,2,0
1244,397.5192137114126,0,0,0,3,0
1245,572.9064586357048,0,0,0,0,0
1246,322.4860028368796,0,0,1,4,0
1247,1134.654488620278,0,0,0,5,0
1248,507.76907575448007,0,0,0,3,0
1249,1385.457808686648,0,0,0,4,0
1250,231.38994335165216,0,0,0,0,0
1251,1526.7250532786081,1,0,0,4,0
1252,2523.820140988936,0,0,0,3,0
1253,149.3457902959959,0,0,0,1,0
1254,1594.087210918529,0,0,0,3,0
1255,3743.0983844342463,0,0,0,2,0
1256,327.13043701266446,0,1,0,2,0
1257,5840.50407808355,0,0,0,2,0
1258,1667.397004334397,0,0,0,2,0
1259,541.8494223191692,0,0,1,2,0
1260,1037.1490422444197,0,0,0,1,0
1261,1916.6361294236049,0,0,1,1,0
1262,1183.2325148014713,0,0,0,1,0
1263,1879.4904699106562,0,0,0,1,0
1264,436.73491400120247,0,0,0,2,0
1265,1299.0140388436175,0,0,1,4,0
1266,266.74296133745,1,0,0,1,0
1267,981.1976708959105,0,0,0,3,0
1268,444.11891739182187,0,0,0,2,0
1269,525.5629939328654,0,0,0,0,0
1270,3774.7641209353037,0,0,1,1,0
1271,3265.9635747136863,0,0,0,0,0
1272,2016.539335429955,0,0,1,4,0
1273,367.85441016138043,0,0,0,3,0
1274,799.1842742730248,0,1,0,2,0
1275,3688.952052100676,0,0,0,2,0
1276,1263.5960129843413,0,0,0,3,0
1277,11151.502709744376,0,0,0,0,0
1278,1625.0889624597035,0,0,0,2,0
1279,1328.823331528959,0,0,0,1,0
1280,805.0332136802092,0,0,0,0,0
1281,1253.306959800775,0,0,0,1,0
1282,941.5525517807868,0,1,0,2,0
1283,2226.3275685424233,1,1,0,4,0
1284,2854.643703115604,0,0,0,2,0
1285,499.7013097863194,1,0,0,2,0
1286,289.67715564165167,0,0,1,2,0
1287,174.82660023418032,1,0,0,4,0
1288,1822.5489585292682,0,0,0,2,0
1289,363.81059682690784,0,0,0,2,0
1290,127.37167753073467,0,0,0,1,0
1291,1617.405505427482,0,0,0,3,0
1292,13266.528890771811,0,0,0,4,0
1293,1089.9957634364728,0,0,0,2,0
1294,2536.373983329422,0,0,0,1,0
1295,1190.1437278849771,1,0,0,1,0
1296,993.3770965683424,0,0,0,3,0
1297,2749.2309114646628,0,0,1,2,0
1298,820.3453874724147,0,0,1,0,0
1299,1432.8092606825617,1,0,0,5,0
1300,1512.7701812688329,1,0,0,4,0
1301,562.2291721255104,0,0,0,1,0
1302,2957.3306988663535,0,0,0,3,0
1303,920.6134518331653,0,1,0,0,0
1304,515.0452910107738,0,0,0,0,0
1305,1875.2735921448161,0,0,0,1,0
1306,446.54135580407484,0,0,0,3,0
1307,1127.977130382786,0,0,0,1,0
1308,1086.6784219242081,0,0,1,0,0
1309,3248.3276245810052,0,0,0,6,0
1310,1762.8696318203029,0,1,0,1,0
1311,1069.5283557431894,0,0,0,1,0
1312,2484.3499113119456,0,0,0,1,0
1313,4403.731589553302,0,0,1,0,0
1314,1915.6462390875104,0,0,0,1,0
1315,1108.045154730134,0,0,0,3,0
1316,295.3507897364154,0,0,0,0,0
1317,377.9970294249774,1,0,0,0,0
1318,808.1723139675978,0,0,0,2,0
1319,596.1473081435566,0,0,0,1,0
1320,909.6216074209923,0,0,1,0,0
1321,1160.5507140094978,0,0,0,1,0
1322,1862.5331604370626,0,0,0,1,0
1323,1021.9841092267002,0,0,0,3,0
1324,1783.8007930671226,0,0,0,1,0
1325,1169.6670501945985,0,0,0,4,0
1326,152.09927515105926,0,1,1,2,0
1327,428.6602324504897,0,0,0,5,0
1328,949.4780801207509,0,1,0,2,0
1329,327.1128626801161,0,0,0,4,0
1330,1998.0534887498,0,0,0,4,0
1331,5068.2498124514095,0,0,0,4,0
1332,3709.906123703272,0,0,0,2,0
1333,885.8584094346464,0,0,0,2,0
1334,4869.400641051127,0,0,0,0,0
1335,1272.4092851529088,0,0,0,1,0
1336,782.8288023721036,0,1,0,4,0
1337,593.8325257688151,0,1,0,3,0
1338,810.4019130141816,0,0,0,1,0
1339,743.8379347433777,0,0,0,1,0
1340,1300.3857398212267,0,0,0,3,0
1341,1287.6498074239323,0,0,0,3,0
1342,1099.9786177114697,1,0,0,1,0
1343,1697.5446623447017,0,0,0,1,0
1344,3607.052640519385,0,0,0,1,0
1345,2834.310949908091,0,0,1,2,0
1346,248.41532215484978,0,0,0,0,0
1347,85.29184661390994,0,1,0,5,0
1348,2791.459653315225,0,0,0,2,0
1349,279.5332649919215,1,0,0,3,0
1350,875.8848198545782,0,0,0,1,0
1351,340.3202118454248,1,0,0,0,0
1352,180.9135987674918,0,0,0,3,0
1353,1884.5846451561488,0,0,0,0,0
1354,2342.924373385888,0,0,0,1,0
1355,616.1494817497669,0,0,0,3,0
1356,82.18375936076193,0,0,0,2,0
1357,635.0829064745349,0,0,0,1,0
1358,1622.6307087120977,0,0,0,1,0
1359,249.9068956820399,0,1,0,4,0
1360,1317.326943728233,0,0,0,7,0
1361,1079.9717375352445,0,0,0,1,0
1362,1957.2417674579342,0,1,0,1,0
1363,1235.9316886578831,0,1,0,0,0
1364,414.44118021692975,0,0,0,3,0
1365,3628.4886897882775,0,0,0,0,0
1366,935.8642435096742,0,0,0,1,0
1367,1067.0951904498002,0,0,0,4,0
1368,431.269006719492,0,0,0,2,0
1369,703.9573337188731,0,0,0,2,0
1370,452.6853470313162,0,0,0,5,0
1371,922.4691559549989,0,0,0,4,0
1372,6073.610271479298,0,1,0,0,0
1373,278.13284438932266,0,0,0,1,0
1374,218.42410357233754,0,0,0,0,0
1375,4775.100632174049,0,1,0,1,0
1376,889.5149577284881,0,0,0,1,0
1377,561.6771739878202,0,0,1,4,0
1378,3102.3174862781307,0,0,1,2,0
1379,598.4748247856651,0,0,0,3,0
1380,6809.06242563373,0,0,0,5,0
1381,2160.1347248292814,0,0,0,2,0
1382,673.2310551210173,0,0,0,1,0
1383,9483.495142942566,0,0,0,1,0
1384,598.4153493581555,0,0,1,2,0
1385,2303.293587162097,0,0,0,2,0
1386,1479.25310472666,0,0,1,1,0
1387,4030.8852240753163,0,0,0,2,0
1388,5226.573588352809,0,1,1,0,0
1389,1132.2976309430167,0,0,0,4,0
1390,516.2453462226649,0,0,0,2,0
1391,1737.0996661836764,0,0,0,3,0
1392,556.8437223361176,1,0,0,2,0
1393,8212.291279778332,0,0,0,2,0
1394,1257.0655196805697,1,0,0,1,0
1395,761.03431489238,0,0,0,3,0
1396,1319.0674727273831,0,0,0,1,0
1397,285.1096121807174,0,0,0,2,0
1398,415.04459051772767,0,0,1,2,0
1399,3642.4576375162646,1,0,0,1,0
1400,568.5593589546269,0,0,0,0,0
1401,384.94059255056294,0,1,0,2,0
1402,1875.5416046879793,0,0,0,2,0
1403,3589.2701309221056,0,1,1,4,0
1404,2250.602665497821,0,0,0,4,0
1405,2969.1995562899842,0,0,0,1,0
1406,514.504813765005,1,0,0,3,0
1407,264.592083703776,0,0,1,1,0
1408,4921.327804089048,0,0,0,1,0
1409,794.1879619735317,0,0,0,2,0
1410,853.3476137638237,0,0,0,2,0
1411,4138.936467252862,0,0,0,5,0
1412,1912.6213399252772,0,0,0,2,0
1413,1730.0191764466053,0,0,1,1,0
1414,9556.74383411597,0,0,0,1,0
1415,576.2155270529877,1,0,0,3,0
1416,2773.430077024558,0,0,0,3,0
1417,1160.97230258465,0,1,0,2,0
1418,1434.5296133229751,0,0,0,1,0
1419,5056.695200192647,0,0,0,2,0
1420,1822.2654455062084,0,0,0,4,0
1421,1878.6262658092628,0,0,0,2,0
1422,3205.128099855802,0,0,0,3,0
1423,761.3150526827601,1,0,0,1,0
1424,473.80238840164276,0,0,0,2,0
1425,385.7505071596281,0,0,1,2,0
1426,153.4912267428269,1,0,0,4,0
1427,8571.578039515174,0,0,0,0,0
1428,363.86817093541777,0,0,0,3,0
1429,878.9661404549961,0,0,1,2,0
1430,831.4629171559639,1,1,0,3,0
1431,1491.3047662626113,0,0,0,2,0
1432,2479.3140608619537,0,0,0,3,0
1433,2592.7477206882945,0,0,0,1,0
1434,612.1164617780252,0,0,0,3,0
1435,927.8576125053322,0,0,0,3,0
1436,1454.7363355269,0,0,0,0,0
1437,855.1773495630838,0,0,0,2,0
1438,5471.705158622326,0,0,1,1,0
1439,1791.7981570894465,0,0,1,3,0
1440,2286.7292169975813,0,0,0,1,0
1441,2127.879597348438,0,0,0,3,0
1442,3545.6396413500365,0,0,0,1,0
1443,1314.2501564012125,0,0,0,3,0
1444,299.8157298320618,0,0,0,1,0
1445,1635.4740035648185,0,0,0,3,0
1446,571.7164239982077,0,1,0,2,0
1447,646.3772542586282,0,0,0,1,0
1448,1971.1334640867597,0,0,0,3,0
1449,3783.0395204531223,0,0,1,1,0
1450,1120.210145652906,0,0,0,2,0
1451,1493.433353964123,1,1,0,2,0
1452,6016.223071433066,0,0,0,1,0
1453,1395.1443693700983,0,0,0,2,0
1454,14789.653303916928,0,0,0,1,0
1455,1930.4523750120206,0,0,0,5,0
1456,188.5262474279522,0,0,0,2,0
1457,2329.343206277136,0,0,0,1,0
1458,1605.4484182862063,0,0,0,2,0
1459,3982.8493295489648,0,0,1,4,0
1460,2149.910196694286,0,0,0,2,0
1461,954.8402185044478,0,0,0,1,0
1462,322.37058333450955,0,1,0,3,0
1463,889.7822258370669,0,0,0,2,0
1464,468.47350431582714,0,1,0,0,0
1465,613.6817984190221,0,0,0,0,0
1466,1975.503150073896,0,0,1,1,0
1467,5824.943066247702,0,0,0,3,0
1468,1627.2903194756236,0,0,0,1,0
1469,331.6621857059238,0,0,0,0,0
1470,1710.605479186234,0,0,0,0,0
1471,3628.7063511421143,0,0,0,0,0
1472,595.9859516202704,0,0,0,2,0
1473,959.0880003847825,0,0,0,3,0
1474,1112.8595966205037,0,1,0,1,0
1475,500.2468551652071,0,0,0,2,0
1476,2097.0364942867996,0,0,0,2,0
1477,971.70460251345,0,0,0,1,0
1478,1668.2533233630254,0,0,0,5,0
1479,451.46950190749294,0,0,1,3,0
1480,708.0691084085144,0,0,0,3,0
1481,2258.331076690314,0,0,1,1,0
1482,755.3391456369277,0,0,0,2,0
1483,6166.975802231346,0,0,0,2,0
1484,735.3626761012893,0,0,0,4,0
1485,1372.9057055760236,0,0,0,0,0
1486,2786.637168458161,0,0,0,1,0
1487,265.505157755309,0,0,0,2,0
1488,188.5175654615955,0,0,0,5,0
1489,238.49388854001302,0,0,0,2,0
1490,3876.0974067183815,0,0,0,2,0
1491,631.5277312370572,0,1,0,1,0
1492,14160.324528553689,0,0,0,1,0
1493,623.7517179825717,0,1,1,3,0
1494,1318.8973204795816,0,1,0,1,0
1495,5126.148890132715,0,0,0,3,0
1496,8152.605824177607,0,0,0,1,0
1497,8617.097384685056,0,0,0,0,0
1498,3671.5391152733355,0,0,0,3,0
1499,3053.5573243463296,0,1,0,0,0
1500,1983.3189330560185,0,0,0,1,0
1501,2388.357275473933,0,1,0,0,0
1502,631.9525319622486,0,0,0,2,0
1503,483.86266506082586,0,0,0,3,0
1504,1092.9388531833363,0,0,0,1,0
1505,925.0200171820327,0,0,0,2,0
1506,696.9906183819431,0,0,0,1,0
1507,2200.3846114582984,1,0,0,1,0
1508,2850.658241629964,0,1,0,1,0
1509,1197.997732926655,0,0,0,4,0
1510,4805.565868440007,0,0,0,2,0
1511,350.1322309563813,0,0,0,1,0
1512,903.5582150020026,0,0,0,1,0
1513,535.487570926522,0,0,0,2,0
1514,169.60350389912006,0,0,0,1,0
1515,1009.6099167138104,0,0,0,1,0
1516,970.9281713058115,0,0,0,1,0
1517,4981.31774896555,0,0,0,3,0
1518,2060.7219974033483,0,1,1,1,0
1519,393.7881899047165,0,0,0,2,0
1520,7002.9906067330285,1,0,1,2,0
1521,3718.344032208988,0,0,0,2,0
1522,1962.7419005134268,0,0,0,4,0
1523,874.3807321855778,0,0,0,2,0
1524,420.12856151187503,0,0,0,3,0
1525,755.8124201736975,0,0,0,4,0
1526,3257.6085114294274,0,0,0,2,0
1527,7219.827256691199,0,1,0,1,0
1528,5131.963062751077,0,0,1,4,0
1529,672.5998512932388,0,0,0,2,0
1530,357.94615380094893,0,0,1,2,0
1531,1262.5468216423346,0,0,0,2,0
1532,187.08454639472794,0,1,0,1,0
1533,1514.995449312422,0,0,0,1,0
1534,946.1464943800257,0,0,0,1,0
1535,688.1201767112477,0,1,0,5,0
1536,222.58230264383903,0,0,0,1,0
1537,1832.7999549688948,0,0,1,1,0
1538,643.742731047881,0,0,0,3,0
1539,340.3869859365848,0,0,0,3,0
1540,62.037422192913546,0,0,0,0,0
1541,1066.8707340028568,1,0,0,1,0
1542,6452.684964060171,0,0,0,3,0
1543,5774.80180053794,0,0,0,3,0
1544,694.2997220401751,1,0,0,1,0
1545,600.5151917121281,0,0,1,2,0
1546,1752.4573046539958,0,0,1,1,0
1547,404.0806799265563,0,1,0,2,0
1548,1482.9548547288812,0,0,0,5,0
1549,2359.205711355558,0,0,0,0,0
1550,3740.3453431423504,0,0,0,2,0
1551,992.1218411871777,0,0,0,3,0
1552,894.5548764622581,0,1,0,1,0
1553,455.78327082065175,0,0,0,3,0
1554,479.6802067641454,1,1,0,0,0
1555,874.385285052702,0,0,0,2,0
1556,1583.4566773587933,0,0,0,6,0
1557,2734.173912398669,0,0,0,4,0
1558,491.18510335136824,0,0,0,1,0
1559,4878.965891731264,0,0,0,1,0
1560,836.2071746560184,0,0,0,2,0
1561,1073.4496415063936,0,0,0,3,0
1562,519.4592262077307,0,0,0,1,0
1563,97.10178320250522,0,0,0,3,0
1564,2654.589735130134,0,0,0,5,0
1565,2291.229603242418,0,0,0,0,0
1566,827.7179389285791,0,0,0,4,0
1567,1172.6139923613555,1,0,0,2,0
1568,1837.092095690719,1,1,0,1,0
1569,229.85625680010895,1,0,0,4,0
1570,646.0954980487659,0,0,0,4,0
1571,2426.6444071961637,0,1,0,2,0
1572,312.84584988030554,0,0,0,4,0
1573,1470.7943855839903,0,0,0,1,0
1574,282.4264592269803,0,0,0,3,0
1575,1748.353876844911,0,0,0,2,0
1576,1058.2358600770115,0,0,0,1,0
1577,218.08135562139154,0,0,1,2,0
1578,3514.805099400258,0,0,0,2,0
1579,526.0563957272427,0,0,0,2,0
1580,487.7229713424636,0,0,0,1,0
1581,1340.1933816957887,0,0,0,6,0
1582,3458.662903987129,1,0,1,2,0
1583,397.0960460490792,0,0,0,2,0
1584,1166.402902699161,0,1,0,1,0
1585,1683.8136008265278,0,0,0,1,0
1586,2193.1751374406895,0,1,0,1,0
1587,1308.2446493010286,0,0,0,2,0
1588,759.736878562059,0,0,0,0,0
1589,479.33981863181094,0,0,0,3,0
1590,1195.289725439523,1,0,0,2,0
1591,375.35077472146594,0,1,0,4,0
1592,59.0656487797196,0,0,0,3,0
1593,1696.9024913545823,0,0,0,1,0
1594,2707.9166139861686,0,0,0,1,0
1595,103.24115522156723,0,0,0,4,0
1596,399.52218488440985,0,0,0,0,0
1597,2036.838767194878,0,1,0,2,0
1598,8582.628261098462,0,0,0,2,0
1599,1119.674959767441,1,1,0,2,0
1600,529.5338328105602,0,0,0,1,0
1601,913.3357520086562,0,0,0,4,0
1602,4336.7323082933735,0,0,0,5,0
1603,574.8078556559383,0,0,0,1,0
1604,493.14733993129056,0,0,0,3,0
1605,676.7192419537098,0,0,1,2,0
1606,422.7036708139821,0,0,0,2,0
1607,1239.7565590703798,0,0,0,3,0
1608,5567.372279329529,0,0,0,2,0
1609,1514.8614674205685,0,0,0,3,0
1610,852.0510968619768,0,0,0,1,0
1611,819.0857105671141,0,0,0,1,0
1612,229.7080583867741,0,0,0,0,0
1613,2652.1072114984518,0,0,0,2,0
1614,1014.511812624059,0,0,0,1,0
1615,915.5455218926149,0,0,0,1,0
1616,26718.395250182082,0,0,0,2,0
1617,1478.4550085592275,0,0,0,2,0
1618,517.0858681100249,0,0,0,1,0
1619,715.9729620835308,0,0,0,2,0
1620,3458.0001485332737,0,0,0,0,0
1621,1228.1575647557784,0,0,0,2,0
1622,260.2706423359154,0,0,0,0,0
1623,2749.650068031071,0,0,0,1,0
1624,562.1990195176313,0,0,0,2,0
1625,7138.784310617356,0,0,0,1,0
1626,3229.3884557782994,0,0,0,2,0
1627,701.119332487907,0,0,0,0,0
1628,3948.2051480753316,0,0,0,1,0
1629,1173.6284996947513,0,0,0,0,0
1630,2572.86070885899,0,0,0,1,0
1631,1780.6483477833926,0,0,0,1,0
1632,470.42820058426526,0,0,0,2,0
1633,576.1973178137443,0,1,0,0,0
1634,3071.6213173612236,0,0,0,0,0
1635,784.6397285347894,0,0,0,3,0
1636,732.4181080504318,0,0,0,2,0
1637,421.9460324424965,0,0,0,2,0
1638,1675.0512915202457,0,0,0,4,0
1639,8625.902889343624,0,0,0,2,0
1640,377.08366494044964,0,0,0,4,0
1641,1123.5172627633458,0,0,0,1,0
1642,4501.745797014265,0,0,0,2,0
1643,1012.6830864471709,0,0,0,4,0
1644,1723.9471516350256,0,0,0,0,0
1645,379.026632041756,0,0,0,2,0
1646,1682.9560793504463,0,0,0,3,0
1647,909.4642910364253,0,0,0,1,0
1648,2938.7217758679694,0,0,0,2,0
1649,3595.311992704913,0,0,0,1,0
1650,14611.492301779748,0,0,0,4,0
1651,1957.9106195811862,0,0,0,3,0
1652,1518.983008540365,0,0,0,1,0
1653,1331.930005874461,0,0,0,2,0
1654,770.3413337356799,0,0,0,4,0
1655,1538.3779228678795,0,0,0,1,0
1656,816.15034952523,0,0,0,2,0
1657,1297.845649727167,1,0,0,2,0
1658,4095.309345202348,0,1,0,1,0
1659,400.7979498930844,0,0,0,2,0
1660,3428.501489356583,0,0,0,1,0
1661,4093.3339649627173,0,0,1,2,0
1662,974.5067767563057,0,0,0,0,0
1663,131.3867286054839,0,0,1,1,0
1664,597.1557773294714,0,0,0,2,0
1665,4011.7969878233903,0,0,0,7,0
1666,1071.8398509511835,0,0,0,3,0
1667,403.71039130964346,0,0,0,2,0
1668,661.9732046589239,1,0,0,3,0
1669,2541.7803165208356,0,0,0,2,0
1670,1894.5442138695137,1,0,0,1,0
1671,863.5639041653537,0,0,0,5,0
1672,759.891445481176,0,0,1,1,0
1673,741.1787697751892,0,0,0,2,0
1674,435.9771420576754,0,0,0,1,0
1675,5515.820460190248,0,0,0,5,0
1676,794.4734202976634,1,0,0,1,0
1677,3703.9626826080994,1,0,0,0,0
1678,5020.656855938441,0,0,0,1,0
1679,2975.9270954252593,0,1,0,2,0
1680,712.2148968431328,0,0,0,1,0
1681,1642.098195068415,0,0,0,1,0
1682,1070.417880362611,0,0,0,0,0
1683,444.2103179128307,0,0,0,2,0
1684,1516.8017446559818,0,0,0,3,0
1685,337.29577256888746,0,0,0,2,0
1686,3596.366785065125,0,0,0,1,0
1687,689.0974533243284,0,0,0,1,0
1688,1340.9849441292658,0,1,0,4,0
1689,1455.7665386206363,1,0,0,0,0
1690,846.4871542252623,0,0,0,2,0
1691,1971.7836170411001,0,0,0,0,0
1692,682.0454810506443,0,0,0,2,0
1693,2620.9635529782026,1,0,0,3,0
1694,285.43670899898916,0,0,0,3,0
1695,1244.3636821223138,0,0,0,1,0
1696,7623.028411507633,0,0,0,3,0
1697,403.2951497478069,0,0,0,3,0
1698,556.8272395755907,0,0,0,2,0
1699,1833.3640732862243,1,0,0,3,0
1700,1312.359291102401,0,0,0,3,0
1701,1557.1773951282903,1,0,0,3,0
1702,1788.5976036989687,0,0,0,4,0
1703,2068.7947463804635,0,0,0,0,0
1704,3326.57938046576,0,0,0,1,0
1705,1652.1267179639701,0,0,0,5,0
1706,861.5579717801288,0,0,0,4,0
1707,2148.6042004532696,1,1,0,2,0
1708,7331.10794003135,0,0,0,2,0
1709,960.4157403842095,0,0,0,0,0
1710,413.83638704114685,0,0,0,1,0
1711,3317.877894991216,0,0,0,5,0
1712,972.2557003287129,0,0,0,1,0
1713,124.87714999353675,1,0,0,2,0
1714,2559.1275462735193,0,0,0,4,0
1715,642.0536158873366,0,0,0,3,0
1716,1001.7129040607686,0,0,0,2,0
1717,1528.4055251702853,0,0,0,0,0
1718,1326.7659981422353,0,0,0,3,0
1719,2229.319848231781,0,0,0,3,0
1720,709.4667485221345,0,1,0,3,0
1721,1831.8942104443047,0,1,0,4,0
1722,845.9441343817656,0,1,0,6,0
1723,2295.7399317668082,0,0,0,1,0
1724,2029.1402984062615,0,0,0,3,0
1725,430.33384791628816,0,0,0,2,0
1726,3248.608780619464,0,0,0,3,0
1727,641.6458749708407,0,0,0,4,0
1728,2460.347301126213,0,0,0,3,0
1729,1583.3328663146108,1,0,1,0,0
1730,6892.462324989214,0,0,0,1,0
1731,877.0237014697486,0,0,0,2,0
1732,773.3124751825528,0,1,0,0,0
1733,1075.5424243692385,0,0,0,2,0
1734,809.8266538457281,0,0,0,1,0
1735,2440.4601875082762,0,0,0,5,0
1736,217.82443440637272,0,0,0,3,0
1737,382.3427971151469,0,0,0,4,0
1738,376.9818633330164,0,1,0,4,0
1739,2836.447284724377,0,1,0,0,0
1740,6066.962655543552,0,1,0,6,0
1741,987.8696753062485,0,0,0,0,0
1742,926.2815858485044,0,0,0,3,0
1743,1176.2093873923732,0,0,0,1,0
1744,3504.763431487854,0,0,0,2,0
1745,433.82744627356175,0,0,0,2,0
1746,1391.8220328193859,0,0,0,0,0
1747,2907.932509386382,0,0,0,1,0
1748,1810.0218028120676,0,0,0,2,0
1749,1325.5485020850995,0,0,0,4,0
1750,2984.0779766493797,0,0,0,0,0
1751,73.46195895523411,1,1,0,1,0
1752,2160.025528872686,0,0,0,1,0
1753,570.1641585791621,1,1,0,1,0
1754,175.80353676107154,0,0,1,4,0
1755,1828.4110674619144,0,0,0,4,0
1756,4331.453929686616,0,0,0,4,0
1757,955.8026755061065,0,0,0,3,0
1758,2843.7376709590603,0,0,0,3,0
1759,5498.76201657291,0,0,0,3,0
1760,4084.3360220619197,0,0,0,2,0
1761,5653.129300829794,0,0,0,2,0
1762,2303.367567981067,0,0,0,2,0
1763,1182.5561920033042,1,0,0,0,0
1764,220.97160036020892,0,0,1,1,0
1765,857.428258402938,0,0,0,3,0
1766,471.89353782274384,0,0,0,1,0
1767,9613.683407001017,0,0,0,1,0
1768,919.7613070922638,0,0,0,0,0
1769,1240.4193746512926,0,0,0,3,0
1770,1903.5681469346328,0,0,0,1,0
1771,1145.506809420823,0,0,0,0,0
1772,5973.277438545967,0,0,0,2,0
1773,588.366844322493,0,0,0,1,0
1774,1332.2272640959084,0,0,0,2,0
1775,521.9278783736478,0,0,0,1,0
1776,292.94283534750423,0,0,0,2,0
1777,594.8033871034272,0,0,0,2,0
1778,1056.760317633948,0,0,0,6,0
1779,713.867788826477,0,0,0,4,0
1780,548.7149117074081,0,0,0,2,0
1781,268.7233834813046,0,0,0,3,0
1782,1009.181037920107,1,0,0,0,0
1783,243.5396166415855,0,0,0,0,0
1784,2345.0358384614824,0,0,0,0,0
1785,1190.8704066938985,0,0,0,1,0
1786,255.30234271698103,1,0,0,3,0
1787,804.958660714404,0,0,0,4,0
1788,516.8969824538252,0,0,0,1,0
1789,1508.957826531201,0,0,0,2,0
1790,4189.976674783091,0,0,0,2,0
1791,168.14513921830297,0,0,0,3,0
1792,1230.315696367543,0,0,0,1,0
1793,934.3650469543804,1,0,0,1,0
1794,2145.955263361885,0,0,0,1,0
1795,1357.223880588731,0,0,0,2,0
1796,516.9936894086869,0,0,0,2,0
1797,797.0728376060054,1,0,0,1,0
1798,494.71119269573774,0,0,0,2,0
1799,3216.365063410439,0,0,0,3,0
1800,1120.255035541441,0,0,0,1,0
1801,7340.708815042746,0,0,0,1,0
1802,1032.0879715777771,0,0,0,1,0
1803,540.0130106635933,0,0,0,3,0
1804,241.35903758769643,1,0,0,5,0
1805,180.70399823879168,0,0,0,1,0
1806,224.94682861141933,0,0,0,4,0
1807,1432.4286667464844,0,1,0,3,0
1808,1823.8866466568227,0,0,0,1,0
1809,225.61032783079173,0,0,0,2,0
1810,2683.93240695365,1,0,0,5,0
1811,676.5043977417125,0,0,0,0,0
1812,1270.0264575923868,0,0,0,2,0
1813,5498.445133515885,0,1,0,2,0
1814,2688.770529447132,0,0,0,2,0
1815,838.3782341839013,0,0,0,2,0
1816,449.80212983480425,0,0,0,3,0
1817,127.50870014102696,0,0,0,2,0
1818,534.2408037979332,0,1,0,3,0
1819,887.9094447615329,0,0,0,2,0
1820,408.6342382185172,0,0,0,0,0
1821,961.7389315477031,0,0,0,2,0
1822,1184.234535163675,0,1,0,2,0
1823,875.8054858747868,0,0,0,1,0
1824,572.491231512964,0,0,0,4,0
1825,1298.0970611929104,0,0,0,1,0
1826,1706.0578710908721,0,0,0,3,0
1827,368.5590424563774,0,0,1,4,0
1828,4495.950491097248,0,0,1,4,0
1829,993.6766656922814,0,0,0,0,0
1830,1117.5003312908852,0,1,0,1,0
1831,2226.563007490176,0,0,0,3,0
1832,1384.6686266575643,0,0,0,1,0
1833,2844.4830744861297,0,0,0,1,0
1834,1461.3620126351811,0,1,0,3,0
1835,594.4060224651637,0,0,0,2,0
1836,1574.2016363782116,0,0,0,2,0
1837,349.41970496142125,0,1,1,3,0
1838,1222.3856825579276,0,0,0,0,0
1839,1060.7908664706367,0,0,0,0,0
1840,890.5890900742022,0,0,0,1,0
1841,964.3578973888681,1,0,0,2,0
1842,167.02624479032266,0,0,0,1,0
1843,633.5095611695355,1,0,0,0,0
1844,1203.3262799943702,0,0,0,1,0
1845,1286.726135466795,0,0,0,0,0
1846,392.4169251196232,0,0,0,2,0
1847,3888.2242479723577,0,0,0,3,0
1848,461.19693920589935,0,0,1,0,0
1849,2891.287548852893,0,0,0,2,0
1850,1681.0844361669508,0,1,0,1,0
1851,574.6566259489022,1,0,0,2,0
1852,6472.455864068257,0,1,0,1,0
1853,332.4080126857377,0,0,0,1,0
1854,2749.4445092220017,1,0,0,0,0
1855,2982.6943581739965,0,0,0,1,0
1856,560.8086673448056,0,1,0,1,0
1857,4413.685351490381,0,1,0,0,0
1858,854.0190372492402,0,0,0,0,0
1859,1463.657368587207,0,0,0,2,0
1860,1422.7143481641806,0,0,0,2,0
1861,958.808395260045,0,0,0,4,0
1862,2467.123739510413,0,1,0,0,0
1863,2424.7621608271866,0,0,1,3,0
1864,190.84623028607595,1,0,0,3,0
1865,4041.3749324809405,0,0,0,1,0
1866,207.9937460047279,0,0,0,4,0
1867,3079.5729210045856,0,0,0,0,0
1868,3383.6325720361137,0,0,0,1,0
1869,368.34999876822985,0,0,0,4,0
1870,727.1884879203797,0,0,0,2,0
1871,362.9609785989559,0,0,0,2,0
1872,884.5499368401616,0,0,0,1,0
1873,805.9048760996405,0,0,0,4,0
1874,2391.462858258227,0,0,0,1,0
1875,4065.5680183017475,0,0,1,1,0
1876,4427.91372994561,0,0,0,2,0
1877,625.0502043195813,0,0,0,1,0
1878,889.605517991657,0,0,1,1,0
1879,203.68237756439675,0,0,0,4,0
1880,489.8650443637094,0,0,0,1,0
1881,2878.0021459819154,0,1,0,2,0
1882,5516.963092915045,0,0,0,2,0
1883,319.14678184103377,0,0,0,1,0
1884,606.397517718168,0,0,1,4,0
1885,1068.0547081215154,0,0,1,0,0
1886,1451.2218834755108,0,0,0,0,0
1887,488.0395658257635,0,0,0,2,0
1888,1675.8253086001491,0,0,0,2,0
1889,682.771775002994,0,0,0,2,0
1890,1080.8982950973027,0,0,0,2,0
1891,1893.6931481036625,0,0,0,1,0
1892,1103.6986965664978,0,0,0,4,0
1893,708.8288559647606,0,0,0,2,0
1894,982.7848211910139,0,0,0,3,0
1895,1003.8893056078257,0,0,0,3,0
1896,757.4738157488302,0,0,0,1,0
1897,846.5793510395497,0,0,0,2,0
1898,5424.316450188355,0,0,0,2,0
1899,1921.6115231309327,1,0,0,1,0
1900,816.085951363914,0,1,0,2,0
1901,2201.632488748314,0,1,1,2,0
1902,785.3900789684642,0,0,0,1,0
1903,3544.4016496119702,0,0,1,2,0
1904,1587.0658169077226,1,0,0,2,0
1905,985.0553731577087,0,0,0,2,0
1906,1715.9410491408394,0,0,0,0,0
1907,227.94943953365288,0,0,0,1,0
1908,355.395953925403,0,1,1,2,0
1909,332.31223492651634,1,0,0,2,0
1910,1265.1463608729841,0,0,0,0,0
1911,6201.304793679879,0,0,0,1,0
1912,10211.80973006538,0,0,0,3,0
1913,2075.694553926387,0,0,1,1,0
1914,1809.5699058469145,0,0,0,2,0
1915,181.0806054020645,0,0,0,2,0
1916,637.3546176410899,0,1,0,1,0
1917,498.8055039321627,0,0,0,2,0
1918,589.4278978140707,0,0,0,2,0
1919,926.9097292878917,1,0,0,3,0
1920,683.9668300056418,0,0,0,2,0
1921,151.51735754249202,0,0,0,1,0
1922,2316.725988518267,0,0,0,2,0
1923,375.1241261472036,0,0,0,1,0
1924,1393.044423939905,1,0,0,1,0
1925,8726.177279796377,0,1,0,0,0
1926,437.2982289362695,0,0,0,2,0
1927,87.33160957904468,0,0,0,3,0
1928,823.8560171063846,0,0,1,2,0
1929,3297.6310795726313,1,0,0,0,0
1930,7772.502427256407,1,0,1,1,0
1931,320.68213713820126,0,0,0,2,0
1932,1802.0843086651446,1,0,0,2,0
1933,688.6199643978749,0,0,0,3,0
1934,986.3898340618135,0,0,0,2,0
1935,15434.234598575018,0,0,0,1,0
1936,243.9661952419824,0,0,0,1,0
1937,1413.3805421922696,0,1,0,2,0
1938,1750.5637742761185,0,0,0,4,0
1939,3247.9727937544094,0,0,0,0,0
1940,1209.5251861897045,0,0,0,1,0
1941,1492.2652396143028,0,0,1,2,0
1942,741.2599937972445,0,1,0,2,0
1943,1435.2968074195053,0,0,0,5,0
1944,778.0631764171637,0,0,0,2,0
1945,2041.7690447521893,0,0,0,2,0
1946,757.7773916560575,0,0,0,1,0
1947,1598.94672391566,0,0,0,0,0
1948,1065.0075702295487,0,0,0,1,0
1949,3381.417403668647,0,0,0,1,0
1950,1041.6968784684482,0,0,0,3,0
1951,186.22721827527587,0,0,0,0,0
1952,3873.529944757668,0,0,1,8,0
1953,443.3092905067313,0,0,0,3,0
1954,570.3405629969758,0,0,0,2,0
1955,604.4619394007918,0,0,0,1,0
1956,4334.831822412349,0,1,0,2,0
1957,129.58354211764595,0,0,0,3,0
1958,25279.486452108078,0,0,0,2,0
1959,3152.833366843043,0,0,0,3,0
1960,1370.922176799999,0,0,0,0,0
1961,1038.0570247792114,0,1,0,1,0
1962,1459.0693425703637,0,0,0,1,0
1963,1846.6388511014547,0,0,0,2,0
1964,2090.619235388532,0,1,0,2,0
1965,1911.4252864054129,0,0,1,4,0
1966,1199.4047622521487,0,0,1,3,0
1967,900.2401667703148,0,0,0,2,0
1968,942.6798433516662,0,0,0,2,0
1969,902.4305367432023,0,0,0,1,0
1970,3407.6224449073134,0,0,0,0,0
1971,1985.3623534507785,0,0,0,3,0
1972,57.95178462959929,0,0,0,2,0
1973,2113.077673012237,0,0,1,0,0
1974,1332.398785383715,0,0,0,2,0
1975,1076.3072449051917,0,0,0,3,0
1976,743.5838574102803,0,0,0,3,0
1977,3374.872146214699,0,0,1,2,0
1978,2828.5697158593453,0,0,0,3,0
1979,506.29643221799773,0,0,0,3,0
1980,1647.5626403729298,0,0,0,1,0
1981,415.02687013947383,0,0,0,2,0
1982,275.9947476302995,0,0,0,1,0
1983,585.9783100995701,0,0,0,1,0
1984,2597.7305368207067,0,0,0,1,0
1985,2844.4501112793228,0,0,0,1,0
1986,1831.856880340109,0,0,0,2,0
1987,2264.469483467862,0,0,0,0,0
1988,1837.5313407186622,0,0,0,1,0
1989,577.3902637024272,0,1,0,5,0
1990,1689.0517312581167,0,0,0,2,0
1991,2441.601670390799,0,0,0,1,0
1992,2331.556454610741,1,0,0,2,0
1993,3600.8073798324695,0,0,0,1,0
1994,2226.7621244397783,0,1,0,3,0
1995,1558.451856082463,0,0,0,1,0
1996,3197.582192357185,0,1,0,1,0
1997,1067.9313524808067,0,0,0,3,0
1998,454.0127806117351,0,0,0,2,0
1999,931.6274807850133,0,0,0,2,0
2000,520.6600612511301,0,0,0,2,0
2001,917.059009567486,0,1,0,4,1
2002,1911.5559450529631,0,0,0,8,1
2003,1134.7658199784482,0,1,0,5,1
2004,1451.7105923338274,1,0,1,2,1
2005,478.5473194110799,1,1,0,6,1
2006,3230.001730141763,1,1,1,15,1
2007,3104.577010357,0,0,0,4,1
2008,834.7320264086709,0,1,0,3,1
2009,3636.5826629124795,1,0,1,4,1
2010,7757.87741150529,1,0,1,6,1
2011,516.8198051422445,0,1,0,9,1
2012,1487.2730898103136,0,1,1,10,1
2013,874.264240140271,0,1,1,9,1
2014,659.3452370953787,0,0,1,8,1
2015,7226.225723866722,0,0,0,10,1
2016,2302.1135864893054,0,1,0,5,1
2017,2281.780350260648,0,0,1,6,1
2018,287.4060874523744,0,0,1,11,1
2019,3114.8767565403896,0,0,0,6,1
2020,706.4078448473655,1,0,0,5,1
2021,3475.651104502408,0,0,1,11,1
2022,4140.844973253071,1,1,0,5,1
2023,6875.165679459395,0,1,0,10,1
2024,527.8086480093909,0,1,1,8,1
2025,105.31090515777198,1,1,1,7,1
2026,3618.6250918600317,1,0,0,6,1
2027,18167.68578477459,1,0,1,5,1
2028,6728.8399344634545,0,1,0,3,1
2029,3110.0788467002026,0,1,0,8,1
2030,1510.943988623572,1,0,1,13,1
2031,5214.552861859102,0,1,0,4,1
2032,954.3674407053444,1,1,0,9,1
2033,3424.205223962906,0,0,0,7,1
2034,4176.44222841462,1,1,0,10,1
2035,8004.8385277169455,1,1,0,8,1
2036,27605.01818239097,1,0,1,8,1
2037,4791.24761328147,0,0,0,9,1
2038,1152.2630249220263,0,1,0,4,1
2039,2181.1228170104255,1,1,1,8,1
2040,412.4348649624608,0,0,0,8,1
2041,854.8438493188752,0,0,1,2,1
2042,1691.5155171214733,0,1,0,8,1
2043,1821.2914431457073,0,0,1,12,1
2044,3641.713523288873,0,1,0,6,1
2045,958.4875492520622,1,1,1,6,1
2046,7866.8255117512745,0,1,1,4,1
2047,2923.3477290627534,1,0,0,4,1
2048,2041.790341491511,0,1,1,7,1
2049,1811.3709483681246,0,1,1,13,1
2050,2625.615624315721,1,0,1,4,1
2051,5173.597172949759,1,1,1,7,1
2052,756.196530916341,0,0,0,3,1
2053,1198.384830096981,0,0,0,6,1
2054,1409.3963587320973,1,0,1,7,1
2055,557.2059671298555,0,0,0,7,1
2056,964.4881285305714,0,1,1,8,1
2057,1461.6747307246594,0,0,0,8,1
2058,7559.578804548475,1,1,1,3,1
2059,3488.4680821857587,0,1,1,5,1
2060,3941.6354111769792,0,1,1,6,1
2061,6127.2833711600215,1,1,1,4,1
2062,2588.7369370941774,1,1,0,7,1
2063,4458.251449262026,0,1,0,6,1
2064,2580.0286392320145,0,1,0,7,1
2065,3581.7262931169657,0,0,1,8,1
2066,1302.3087469224292,0,0,1,7,1
2067,224.97451364097438,0,0,1,8,1
2068,1716.8691353707768,1,0,1,5,1
2069,11043.049342773655,1,0,1,7,1
2070,6289.466315684347,1,1,1,6,1
2071,7793.530886315236,0,1,0,7,1
2072,10772.88459569452,0,0,0,10,1
2073,2036.1383627916684,0,0,1,7,1
2074,3388.173826398027,1,1,1,6,1
2075,1729.6361244701,1,1,1,9,1
2076,2299.882004131769,1,1,1,4,1
2077,5585.716650940502,0,0,0,10,1
2078,5747.719579996485,0,0,1,8,1
2079,1792.107722979916,1,0,1,11,1
2080,1204.1730990123378,0,0,0,7,1
2081,3171.3842542941275,0,1,0,3,1
2082,5248.266195391497,0,0,0,9,1
2083,594.6920904776058,1,0,0,7,1
2084,327.69327785468704,0,1,1,3,1
2085,1133.243408664084,0,0,1,6,1
2086,796.6432411716027,0,0,0,9,1
2087,1592.6818318394483,0,1,0,6,1
2088,1902.061038918523,0,1,0,5,1
2089,1552.912575318954,1,1,1,9,1
2090,8684.683631025126,0,1,1,6,1
2091,3824.889214830608,1,1,0,9,1
2092,3150.626606816091,0,0,0,6,1
2093,3136.7713700102327,0,0,1,4,1
2094,1027.479464568521,0,0,0,11,1
2095,6981.280706343622,0,1,0,8,1
2096,2600.9645608842607,0,0,0,8,1
2097,3849.5273845126094,0,1,1,6,1
2098,634.8386808367536,1,1,0,6,1
2099,661.7144485892514,0,0,0,3,1
2100,5929.381006175219,0,0,1,6,1
2101,3579.2091116674405,1,1,0,8,1
2102,1015.2398865026153,0,1,1,8,1
2103,852.2213435882695,0,1,0,5,1
2104,9695.417421446024,1,1,1,7,1
2105,607.9980860071172,0,0,0,6,1
2106,9846.170351599334,0,1,1,7,1
2107,1289.987944786615,0,1,0,6,1
2108,3916.8435345034873,0,1,1,4,1
2109,2205.6071445335056,0,0,1,9,1
2110,5329.702738713944,0,1,1,8,1
2111,1319.2808187086357,1,1,0,14,1
2112,1752.8744182385294,0,0,1,9,1
2113,3014.3010371725677,0,1,1,6,1
2114,964.6635001894265,1,0,0,7,1
2115,4327.131247900943,0,0,0,6,1
2116,1861.7898490606651,0,0,1,6,1
2117,2252.4200470527817,0,1,0,12,1
2118,1161.9337965420355,0,0,0,5,1
2119,182.36612504133836,0,1,0,7,1
2120,1533.1203120677822,0,1,1,6,1
2121,35331.353520695826,0,0,0,5,1
2122,5773.096654389135,1,0,0,4,1
2123,2591.490293407962,0,0,0,0,1
2124,2003.5885661707998,1,1,1,14,1
2125,2477.0410073241364,0,0,0,7,1
2126,3567.9772652052043,0,0,0,7,1
2127,814.6525109674677,0,0,1,6,1
2128,8615.329586376301,1,0,0,7,1
2129,6446.995984159964,1,1,1,5,1
2130,3616.6905513797665,0,0,0,4,1
2131,3199.8043444143536,1,0,0,6,1
2132,2980.455669475428,1,0,1,4,1
2133,5722.789619102031,1,0,1,3,1
2134,3603.207137898928,1,1,1,8,1
2135,1367.7589789681479,0,1,1,5,1
2136,1267.2246266973755,0,1,1,7,1
2137,1935.917940121233,1,0,0,3,1
2138,13397.390027796773,0,0,1,10,1
2139,795.5765854212817,1,1,0,8,1
2140,704.7413648335823,0,0,1,7,1
2141,2773.6925489775153,0,0,0,6,1
2142,2832.901782791513,0,0,0,6,1
2143,3822.49823323162,0,0,1,13,1
2144,4112.356613784551,1,1,1,6,1
2145,1409.4123327052,0,0,0,8,1
2146,7311.554020912662,0,0,0,8,1
2147,650.3415205404574,0,1,1,2,1
2148,1102.9069980629843,1,1,0,11,1
2149,2522.672623992427,0,0,0,12,1
2150,608.3427057675825,0,0,0,8,1
2151,1977.3023231415493,0,0,0,3,1
2152,12481.863535956136,0,0,1,8,1
2153,1960.1419199553318,0,0,0,7,1
2154,3948.467156240655,1,0,1,4,1
2155,768.6721288155724,0,0,0,4,1
2156,1048.217402173112,0,1,1,4,1
2157,1763.086448646114,1,0,0,9,1
2158,1590.0925520704775,0,1,0,13,1
2159,6798.228735472506,0,0,0,5,1
2160,3395.660701159632,0,1,0,9,1
2161,844.0541726425238,0,1,0,7,1
2162,3292.698783635908,0,1,0,4,1
2163,4845.808544732821,0,0,0,6,1
2164,6419.810144324353,1,0,1,9,1
2165,15308.423465647753,0,1,0,5,1
2166,905.2112025724599,0,0,0,8,1
2167,880.4211414023279,0,1,1,11,1
2168,661.0311078139424,0,1,1,8,1
2169,2503.684002299723,0,1,0,8,1
2170,3876.2335042399855,1,1,0,8,1
2171,8277.169420436969,0,1,0,3,1
2172,1768.3282458193917,1,0,0,7,1
2173,2286.5310948643414,0,0,1,4,1
2174,2738.950733729673,0,0,1,8,1
2175,1381.6196690894558,0,0,1,4,1
2176,24806.053878527233,0,0,1,8,1
2177,547.0834696365332,1,1,0,11,1
2178,3310.0954466793783,0,1,0,6,1
2179,15077.173374271508,0,1,1,4,1
2180,2654.563813791584,1,0,0,10,1
2181,2107.706173545235,0,1,0,7,1
2182,1535.0402003959894,0,0,0,5,1
2183,2067.8800110712855,0,0,0,8,1
2184,12523.845321299726,0,1,0,9,1
2185,181.07201682160024,1,1,0,8,1
2186,10802.451094846616,1,0,0,12,1
2187,528.1704441278033,1,0,0,9,1
2188,2471.0171601178354,0,0,0,7,1
2189,2113.7714467733254,0,0,0,2,1
2190,4698.597975546056,1,1,0,5,1
2191,515.7386695932539,1,1,0,10,1
2192,4970.029329519232,1,0,1,2,1
2193,12535.199126048601,0,0,1,5,1
2194,657.4954094188456,0,0,1,4,1
2195,2037.553694628184,1,1,1,10,1
2196,1670.007139380719,0,1,1,6,1
2197,3324.600915152216,0,1,1,8,1
2198,2550.004119745946,0,0,1,9,1
2199,1227.7288550793626,0,0,1,8,1
2200,5073.721809266004,0,1,0,8,1
2201,19987.64009784653,0,0,0,6,1
2202,906.0515548869084,0,1,0,2,0
2203,2252.4143000098034,0,0,0,3,0
2204,300.8846720909113,0,0,0,3,0
2205,421.39204480662573,0,0,0,3,0
2206,1758.8338406466191,0,0,0,1,0
2207,4837.319522036704,0,0,0,0,0
2208,1564.9565652976012,0,0,0,0,0
2209,801.8663671459765,0,1,0,2,0
2210,1095.8563653680035,1,0,0,5,0
2211,314.0625801936042,0,0,0,2,0
2212,2007.2388021667384,0,0,0,1,0
2213,2650.0480802954926,0,0,0,5,0
2214,697.7840473678127,0,0,1,4,0
2215,685.3693241016017,0,0,0,0,0
2216,1430.6415079987437,0,0,0,2,0
2217,708.5922561270784,0,0,0,2,0
2218,1026.4560143038657,0,0,0,3,0
2219,8952.801590578749,0,0,1,2,0
2220,856.6027703111822,0,0,0,1,0
2221,766.3659889359666,1,1,0,1,0
2222,573.901738489509,1,0,0,2,0
2223,2308.1277371911565,0,0,0,4,0
2224,914.8643718312396,0,0,0,1,0
2225,572.8517525449922,0,0,1,0,0
2226,4110.516761341201,0,0,0,3,0
2227,4535.10268247102,0,0,0,3,0
2228,601.590170914296,0,0,0,1,0
2229,169.60293839321028,0,0,0,3,0
2230,3003.4403377071158,0,0,0,2,0
2231,553.0067315538374,0,0,0,0,0
2232,2417.829701392365,0,0,0,0,0
2233,152.91713636430893,0,0,1,2,0
2234,2677.3889823811364,0,0,0,2,0
2235,326.6300127126358,0,0,0,2,0
2236,2277.3416963229793,0,0,1,1,0
2237,1112.397714550545,0,1,1,3,0
2238,422.44555754106017,0,0,0,1,0
2239,729.940984025138,0,1,0,2,0
2240,2178.3401287996,0,0,0,2,0
2241,1219.1320536619378,0,0,0,2,0
2242,1967.291456408958,0,0,0,1,0
2243,7914.411242464409,0,0,0,2,0
2244,229.4668072425042,0,0,0,4,0
2245,5525.961702108271,0,0,0,1,0
2246,1217.2578421101862,0,0,0,4,0
2247,446.40024132826704,0,0,0,2,0
2248,289.94358635912096,0,0,0,1,0
2249,907.6688498048762,0,0,0,2,0
2250,2756.315524363986,0,0,0,1,0
2251,965.3115313186258,0,0,0,2,0
2252,4969.899662461516,0,0,1,2,0
2253,256.9353019836894,0,1,0,3,0
2254,1083.4558278812844,0,0,0,4,0
2255,313.4395616201919,1,0,0,1,0
2256,1577.5556681328517,0,1,0,1,0
2257,2662.144793158348,0,0,0,0,0
2258,719.9906359632621,0,0,0,0,0
2259,81.10836851233007,1,0,0,2,0
2260,1338.0226205641457,0,0,0,2,0
2261,1697.2058356715754,0,0,0,0,0
2262,1643.0256916677067,0,0,0,3,0
2263,3773.5904145100635,0,0,0,2,0
2264,375.7583762063482,0,0,0,1,0
2265,2165.0876085275345,0,0,0,5,0
2266,3613.7724745138744,0,0,0,2,0
2267,185.1955726212372,0,0,0,1,0
2268,1509.6782474106926,1,0,0,3,0
2269,662.3672556756045,0,0,1,5,0
2270,1010.779735062408,0,0,0,2,0
2271,1552.584877076998,0,0,0,1,0
2272,673.6909239207288,0,0,0,2,0
2273,557.9625920730058,0,0,0,3,0
2274,1134.7327248693546,0,0,0,1,0
2275,369.72299427850703,0,0,0,1,0
2276,370.2486737546226,0,1,0,0,0
2277,2163.263592758437,0,0,0,3,0
2278,347.6533855351993,1,1,0,1,0
2279,2135.1933869091517,0,0,0,2,0
2280,1741.655354036834,0,1,0,2,0
2281,195.2329129538148,0,0,0,2,0
2282,556.9276547081914,0,1,0,3,0
2283,3619.5659816040593,0,0,0,2,0
2284,411.09916750545426,0,1,0,2,0
2285,689.2442708307984,0,0,0,4,0
2286,1740.7318256713256,0,0,0,0,0
2287,2400.399616337468,0,0,0,2,0
2288,852.745474175053,0,0,0,1,0
2289,603.3453818493159,0,0,0,2,0
2290,4547.668039169697,0,1,0,3,0
2291,6241.024707316233,0,0,0,4,0
2292,2918.596271631412,0,0,0,0,0
2293,1194.3031337167056,0,0,0,1,0
2294,488.69290123590304,0,0,0,1,0
2295,477.9736442616677,0,0,0,1,0
2296,1849.2105647902783,0,1,1,4,0
2297,1666.3622247097853,0,0,1,3,0
2298,4454.181482502325,0,0,1,2,0
2299,2101.5912871308233,0,0,0,3,0
2300,243.9393669338539,0,0,0,3,0
2301,3139.904353353507,0,0,0,3,0
2302,404.2119514475218,0,0,0,4,0
2303,746.9727670537991,1,0,1,3,0
2304,1408.3867878204424,0,0,0,3,0
2305,8068.053174022388,0,0,0,3,0
2306,24585.658300690262,0,0,0,3,0
2307,2011.6751443963658,0,1,0,0,0
2308,913.0616302050971,0,0,0,3,0
2309,1871.518941802005,0,0,0,4,0
2310,2664.190200974458,0,0,0,0,0
2311,795.7876464547795,0,0,0,2,0
2312,6602.55091696651,0,0,1,2,0
2313,1380.3201709707705,0,0,0,4,0
2314,1803.9664251102024,0,0,0,1,0
2315,2134.3645614276957,1,0,0,1,0
2316,1671.683715892256,0,0,0,2,0
2317,2537.5149132347315,0,0,0,2,0
2318,591.550356558884,0,0,0,1,0
2319,627.4714964900295,0,0,0,0,0
2320,364.9811713933775,0,0,0,0,0
2321,1701.9011532411805,0,0,0,1,0
2322,2389.7319970492676,0,1,0,2,0
2323,1733.2835011504942,1,0,0,2,0
2324,5851.7288901865695,0,0,0,1,0
2325,1090.5135174084462,0,1,0,1,0
2326,2140.3864066953033,0,0,0,4,0
2327,368.0795649346561,0,0,0,1,0
2328,744.6395661815536,0,0,0,3,0
2329,2198.5157609818843,0,0,0,4,0
2330,2563.4316055003555,0,1,0,1,0
2331,817.3219266662858,0,0,1,0,0
2332,1020.8600610977236,0,1,1,2,0
2333,240.35722478424,0,0,0,0,0
2334,767.3713161835094,0,0,0,0,0
2335,2671.467333423538,0,0,0,3,0
2336,1949.2598513723274,0,1,0,3,0
2337,1809.2464676870222,0,0,0,0,0
2338,1152.5978655923934,0,0,0,4,0
2339,1104.406271432919,0,0,0,2,0
2340,566.6143199364898,0,0,1,1,0
2341,2205.7622509908038,0,0,0,1,0
2342,1670.6581747589823,0,0,0,0,0
2343,1793.6695852723028,0,1,0,2,0
2344,648.0482525115764,0,0,0,2,0
2345,127.3140769204351,1,0,1,2,0
2346,3285.101116599143,0,0,0,4,0
2347,679.3677212941323,0,0,0,0,0
2348,462.76725372553574,0,0,0,3,0
2349,2193.9940127550967,0,1,0,2,0
2350,740.9901705407198,0,0,0,0,0
2351,3165.0887778123943,0,0,0,2,0
2352,2032.467700081145,0,0,0,1,0
2353,2172.359804541102,0,0,0,4,0
2354,279.7913897262346,0,0,0,0,0
2355,3684.6985084455905,0,0,0,2,0
2356,1424.036225969775,0,0,0,0,0
2357,758.0299227250578,0,0,0,2,0
2358,1265.7099478637415,0,0,1,2,0
2359,185.63173042875158,0,0,0,2,0
2360,1650.201715896061,0,1,0,4,0
2361,391.7518061995832,0,0,1,1,0
2362,283.53333900542964,0,0,1,2,0
2363,239.28153126778815,0,0,0,2,0
2364,3336.5358430317856,1,0,0,0,0
2365,584.4882080623784,0,0,0,0,0
2366,5083.359850860177,0,1,0,1,0
2367,641.7498185108489,0,0,0,4,0
2368,198.86815001757458,0,0,0,1,0
2369,359.05499280269856,0,0,0,1,0
2370,3773.7014660601,0,0,0,1,0
2371,938.3301150034486,0,0,0,1,0
2372,633.7868527492463,0,0,0,2,0
2373,1286.93438816884,0,1,0,3,0
2374,1811.2685518822766,0,0,0,2,0
2375,3352.289472113637,0,0,0,0,0
2376,4668.0617883278155,0,0,0,1,0
2377,765.2720214457686,0,0,0,4,0
2378,291.183110189619,0,0,0,2,0
2379,725.2633562364795,0,0,0,2,0
2380,1422.6555454820254,0,0,0,1,0
2381,418.3176506836249,0,0,0,0,0
2382,421.0910516935787,0,0,0,1,0
2383,1546.559215729054,0,0,1,1,0
2384,1044.5564749604075,0,0,1,3,0
2385,1133.1957249603247,0,0,0,0,0
2386,513.6307721996754,0,0,0,3,0
2387,870.9628168819461,0,1,0,4,0
2388,435.18309724292396,0,0,0,3,0
2389,2670.9738190259122,0,1,0,2,0
2390,3087.9086693628415,0,0,0,1,0
2391,173.09007742725902,0,0,0,0,0
2392,432.89237468935335,0,0,0,2,0
2393,245.54267103725337,0,0,0,1,0
2394,572.4790069042036,0,0,0,1,0
2395,1008.8456447524512,0,0,0,1,0
2396,257.3288349144481,0,0,0,2,0
2397,436.2171574387678,0,0,0,1,0
2398,401.83543049306314,0,0,1,3,0
2399,1349.2003052045206,0,0,0,7,0
2400,1175.3771302974314,0,1,0,2,0
2401,532.8619828632869,0,0,0,2,0
2402,1308.7409826842152,1,0,0,2,0
2403,634.8063015388299,1,0,0,3,0
2404,835.762840873998,0,0,0,4,0
2405,5845.644250316217,0,1,0,2,0
2406,4190.02111293594,0,0,0,4,0
2407,298.9925818068574,1,0,0,4,0
2408,2514.2565133103017,0,0,0,2,0
2409,2468.57552933819,0,1,0,2,0
2410,347.8379502943277,0,0,0,1,0
2411,2486.86371601349,0,0,0,0,0
2412,5104.776343688857,0,0,0,4,0
2413,356.8998441273394,0,1,0,0,0
2414,438.121898610361,0,1,0,3,0
2415,3034.073748137159,0,0,0,1,0
2416,1438.700149312121,0,0,0,1,0
2417,1903.5508230186733,0,0,0,1,0
2418,1541.6201940136682,0,0,0,1,0
2419,1620.8336926227726,0,0,1,0,0
2420,291.0595460060536,0,0,0,3,0
2421,3125.4004770681186,0,0,1,0,0
2422,3531.895562790332,0,0,0,3,0
2423,871.8429076759774,0,0,0,5,0
2424,1049.9764876495537,0,1,0,1,0
2425,237.19735056686855,0,0,0,3,0
2426,1834.0001892714233,0,0,0,2,0
2427,1943.134056734607,0,0,0,0,0
2428,1030.5098749889303,0,0,0,4,0
2429,3375.684372781261,0,0,0,0,0
2430,785.1876776529498,0,1,0,3,0
2431,1928.7085751694112,0,0,0,2,0
2432,395.5731244658211,0,0,0,1,0
2433,1071.106868295652,0,0,0,1,0
2434,921.1710509624403,0,1,0,3,0
2435,1373.7615619725273,0,0,0,2,0
2436,757.8405983902173,0,0,0,2,0
2437,961.5315755049228,0,0,0,1,0
2438,2505.007910608456,0,1,0,3,0
2439,708.5607236246773,0,0,1,2,0
2440,219.95498224650427,0,0,0,0,0
2441,6308.062803533319,0,1,0,0,0
2442,4365.351878651615,0,0,0,0,0
2443,301.18879826965855,0,0,0,1,0
2444,2185.735808373924,0,0,0,0,0
2445,663.1659293913913,0,0,0,2,0
2446,1427.2249098601662,0,0,0,2,0
2447,1471.7745506212302,0,0,0,1,0
2448,867.4797769565831,0,0,0,4,0
2449,500.8137795151278,0,0,0,2,0
2450,549.7474262133412,0,0,0,1,0
2451,438.696611646334,0,0,0,1,0
2452,477.31554484388107,0,0,0,2,0
2453,1025.3832354633564,0,0,0,3,0
2454,536.0567385055144,0,0,0,3,0
2455,2169.066274559683,0,1,0,1,0
2456,4852.484667544853,0,0,0,0,0
2457,613.9704246287693,0,0,0,2,0
2458,1393.264035790644,0,1,0,2,0
2459,1807.4731701571793,0,1,0,0,0
2460,1758.1234030521039,0,0,0,0,0
2461,1183.173208537196,0,0,0,3,0
2462,2304.646124218504,0,0,0,2,0
2463,1776.2309467468672,0,0,0,4,0
2464,318.0910230003607,1,1,0,2,0
2465,2615.3574632628956,0,0,0,1,0
2466,2663.2190446270793,0,0,1,3,0
2467,511.17597046272306,0,0,0,1,0
2468,1139.0363027869964,0,0,0,2,0
2469,2171.837783194652,0,0,1,3,0
2470,889.523726229896,0,1,0,0,0
2471,3206.6371422990655,0,0,0,3,0
2472,11659.452397634726,0,0,0,2,0
2473,499.703022701867,0,0,0,3,0
2474,275.6013387872241,1,0,0,0,0
2475,1485.9634007568914,0,0,0,1,0
2476,2256.48259310817,0,0,0,4,0
2477,870.5573390657062,0,0,0,0,0
2478,4690.341453249593,1,0,0,4,0
2479,287.5492644816806,0,0,0,1,0
2480,2192.7650866107124,0,1,0,3,0
2481,598.3280482704656,1,0,0,1,0
2482,6120.370459101626,0,0,0,2,0
2483,8042.661608060502,0,0,0,4,0
2484,509.4559604961229,0,0,0,3,0
2485,632.9825559929676,1,0,0,2,0
2486,2590.4525961617355,0,1,0,4,0
2487,744.6165219428337,0,0,0,3,0
2488,1047.9475145260606,0,1,0,1,0
2489,1124.8313817796295,0,0,0,3,0
2490,160.82661252079558,0,0,0,3,0
2491,1081.5627380260821,0,1,0,2,0
2492,550.194705695905,0,0,0,4,0
2493,669.7316954304384,0,0,0,2,0
2494,4645.396477985862,0,0,0,2,0
2495,312.1528918374801,0,0,0,3,0
2496,2473.044314644326,0,0,0,3,0
2497,829.6774988394176,0,0,0,3,0
2498,829.0163118702723,0,0,0,2,0
2499,2417.2163682806645,0,0,0,2,0
2500,1540.7911458568046,0,0,0,2,0
2501,1940.329333565183,0,1,0,4,0
2502,2887.6106098353507,0,0,1,2,0
2503,787.3647554317729,0,0,0,1,0
2504,594.5252961335237,0,0,0,1,0
2505,370.49852863851703,0,0,0,0,0
2506,480.38577067396886,0,0,0,3,0
2507,20933.257167968644,1,0,0,2,0
2508,3807.3153253749083,0,1,0,7,0
2509,283.98619669459276,0,1,0,2,0
2510,292.2302571056616,0,0,0,1,0
2511,1775.5509741566261,0,0,0,1,0
2512,1895.550918403992,0,0,0,2,0
2513,1898.6223729867688,0,0,0,1,0
2514,849.8366941071964,0,0,0,2,0
2515,967.3358437804451,0,0,0,3,0
2516,1522.150663749477,0,0,0,1,0
2517,1194.9898926463695,0,0,0,2,0
2518,119.18770785028842,0,0,0,2,0
2519,871.4864957456409,0,0,0,2,0
2520,468.0586299489194,0,0,0,2,0
2521,1306.6363194141074,0,0,0,2,0
2522,21704.15514649031,0,0,0,3,0
2523,1583.64062024471,1,1,0,2,0
2524,801.4882515211686,0,1,0,1,0
2525,2756.7328347042526,0,0,0,1,0
2526,1777.010766972575,0,0,0,4,0
2527,1669.19122292621,0,0,0,2,0
2528,2011.9317178947204,0,0,0,2,0
2529,8574.462302579484,0,0,0,0,0
2530,353.9343927255612,0,0,0,2,0
2531,1760.9911392254444,0,0,0,0,0
2532,434.24933338214123,0,0,0,1,0
2533,1911.2497880404303,0,0,0,2,0
2534,437.60360470377094,0,0,1,2,0
2535,722.4391437931218,0,0,0,3,0
2536,816.4046166133289,0,0,0,3,0
2537,2909.7333374301625,0,0,0,1,0
2538,2747.521314266266,0,0,0,1,0
2539,315.53910598945464,0,0,0,2,0
2540,1158.5611323299881,0,0,0,5,0
2541,539.3798993882112,0,0,0,0,0
2542,311.52982789476863,0,0,0,3,0
2543,882.6978440515255,0,0,0,1,0
2544,805.543505365649,0,0,0,4,0
2545,12415.692632346669,0,0,0,0,0
2546,1690.8046609807832,0,0,0,2,0
2547,276.54747312028803,0,0,0,0,0
2548,623.4234580456373,0,0,1,1,0
2549,3045.387090646094,0,0,0,1,0
2550,8852.390131276225,0,0,0,0,0
2551,224.5316523712823,0,0,0,2,0
2552,167.34802314020183,0,0,0,2,0
2553,7122.151782362926,0,1,0,3,0
2554,1619.0813142013344,1,1,0,0,0
2555,460.22121134721124,1,0,1,2,0
2556,1871.7499719455386,1,0,0,3,0
2557,78.59061269828328,0,0,0,2,0
2558,1100.3411054685382,0,1,0,1,0
2559,1522.0618468459995,0,0,1,2,0
2560,2763.546615842143,0,0,0,2,0
2561,397.86153697539,0,0,0,2,0
2562,1194.7439353987904,0,0,0,1,0
2563,434.66489328328043,0,0,0,3,0
2564,1415.7061841788184,0,0,0,5,0
2565,447.9374838217689,0,0,0,3,0
2566,729.1643561424979,0,0,0,3,0
2567,405.1205208606938,0,1,0,1,0
2568,2103.0337873237886,0,0,0,2,0
2569,2587.5095196448797,0,0,0,3,0
2570,867.2952232301964,0,0,0,3,0
2571,1139.3782466845666,0,0,0,2,0
2572,257.60015227674495,0,0,0,3,0
2573,812.6685606861467,1,0,0,3,0
2574,1042.9363038047027,0,1,0,5,0
2575,15075.00104672647,0,0,0,1,0
2576,360.6950895777297,1,0,0,6,0
2577,4741.824417077397,0,0,0,3,0
2578,2971.6088143378,0,0,0,2,0
2579,1451.9117343039366,0,0,0,0,0
2580,6365.324452710215,0,0,0,1,0
2581,1590.980023957508,0,0,0,3,0
2582,1618.3448293840067,0,0,0,2,0
2583,1039.8994938977096,0,0,0,0,0
2584,3727.782688587777,0,1,0,2,0
2585,3282.8565895757756,0,0,0,1,0
2586,586.5880076489789,0,0,0,1,0
2587,293.17004686607874,0,0,0,1,0
2588,895.1751188048331,1,1,0,2,0
2589,492.73003888970214,0,0,0,1,0
2590,1029.1365466065158,0,0,0,3,0
2591,3779.8444413474563,0,0,0,1,0
2592,694.1571285631023,0,0,0,1,0
2593,1050.6629435085529,0,0,1,4,0
2594,1162.1450236238745,0,0,0,1,0
2595,2561.7115343968803,0,0,0,1,0
2596,115.94438842408617,0,0,0,1,0
2597,597.825978193515,0,0,0,1,0
2598,1354.6300799024662,0,0,0,2,0
2599,3641.237795108354,0,0,1,3,0
2600,670.5495181005952,0,0,0,1,0
2601,167.91321926631926,0,0,0,2,0
2602,2037.9739793560184,0,0,0,3,0
2603,580.9342660801735,0,0,0,2,0
2604,333.730353114691,0,0,0,4,0
2605,587.3698034363595,0,0,0,1,0
2606,911.8492153363694,0,0,0,0,0
2607,598.9962486822028,0,0,0,1,0
2608,120.83596236591272,0,1,0,1,0
2609,2689.3806296591642,0,0,0,2,0
2610,3924.03225774136,0,0,1,0,0
2611,2103.8451880777234,0,0,1,0,0
2612,351.53677526469886,1,0,0,0,0
2613,896.509120147429,1,0,0,1,0
2614,1089.5049358665833,0,0,0,3,0
2615,1995.788300877617,1,0,0,3,0
2616,2139.527926778819,0,0,1,1,0
2617,526.2762164413571,0,0,0,2,0
2618,1190.341543670605,0,0,0,2,0
2619,1732.43013583612,0,0,0,3,0
2620,4702.371910213385,0,0,0,3,0
2621,2218.322458343788,0,0,0,0,0
2622,2414.0393140434808,1,0,0,2,0
2623,1192.523140886012,0,0,0,2,0
2624,4493.823355379038,0,0,0,4,0
2625,1652.0344311422075,0,0,0,0,0
2626,463.54899677386277,0,0,0,2,0
2627,4462.078510172861,0,0,1,4,0
2628,2203.722538860986,0,0,0,0,0
2629,704.1250574964836,0,0,1,1,0
2630,678.9225339428866,0,0,1,0,0
2631,1475.2393770631859,0,0,0,4,0
2632,1742.6893374986616,0,0,0,1,0
2633,1335.8088474864328,1,0,0,1,0
2634,1497.1351687698514,0,0,0,1,0
2635,6002.656346038157,0,1,0,0,0
2636,3202.039252528272,0,0,1,2,0
2637,1326.946333135081,0,0,0,1,0
2638,2811.04219303579,0,0,0,0,0
2639,390.51879412100766,0,0,1,1,0
2640,1632.5966285694694,1,0,0,3,0
2641,6696.272784283438,0,0,0,0,0
2642,881.7901518337591,0,0,0,4,0
2643,469.82771862121666,1,0,0,4,0
2644,571.2980836782114,0,0,0,3,0
2645,368.8414816283398,0,0,0,1,0
2646,500.31509596882916,0,1,0,0,0
2647,757.0973927797571,0,0,0,0,0
2648,268.9251211516242,0,0,0,4,0
2649,1113.8951925276476,0,0,0,2,0
2650,2703.4315075993945,0,0,0,1,0
2651,442.41299332173156,0,0,0,1,0
2652,5010.46459665051,0,0,0,2,0
2653,1827.660638651157,0,0,0,1,0
2654,3073.5256001394564,0,0,0,1,0
2655,568.02500812889,0,0,0,8,0
2656,2577.371157025235,0,0,1,4,0
2657,367.9938034605288,0,0,0,0,0
2658,2671.1049395790146,0,0,0,3,0
2659,1302.2376588543057,0,0,0,2,0
2660,1906.9325208248863,0,0,0,3,0
2661,338.4598231192285,1,0,0,6,0
2662,448.06134673803257,0,0,0,1,0
2663,1992.6650009526825,0,0,0,1,0
2664,424.81424201899677,1,0,0,1,0
2665,1742.7268002004362,0,0,0,2,0
2666,279.46084505686514,0,1,0,5,0
2667,2561.0541054538803,0,0,0,2,0
2668,319.729934645629,0,0,0,3,0
2669,1905.119352214841,0,0,0,2,0
2670,2050.073517420986,0,0,0,4,0
2671,546.3327277202762,0,0,0,6,0
2672,1962.6022831181135,0,1,0,0,0
2673,1422.885688233456,0,0,0,3,0
2674,639.8016099255472,0,0,1,0,0
2675,399.9923076002911,0,0,0,2,0
2676,154.06495640601162,0,0,0,0,0
2677,1555.6520279401911,0,0,0,1,0
2678,229.3380758518443,0,0,0,1,0
2679,1206.337512737506,0,0,0,1,0
2680,842.6500808907988,0,0,0,4,0
2681,2162.765001702924,0,0,0,2,0
2682,810.7457478890364,0,0,0,2,0
2683,788.831087508085,0,0,0,6,0
2684,2279.8631638411,0,1,0,1,0
2685,1533.116742720396,0,0,0,1,0
2686,1504.4098246465571,0,0,0,3,0
2687,1753.3220642489043,0,0,0,4,0
2688,236.14071487099358,0,0,0,1,0
2689,2337.386444259784,0,0,0,4,0
2690,2023.2669663127972,1,0,1,1,0
2691,396.75417066465945,0,0,0,1,0
2692,859.1293788716509,0,0,0,4,0
2693,1054.3636750950038,0,0,0,2,0
2694,958.628115069695,0,0,1,0,0
2695,1531.2810728621243,0,0,0,3,0
2696,4588.767653047621,0,0,0,5,0
2697,3234.943455081056,0,0,0,3,0
2698,295.2377035338202,0,0,0,1,0
2699,2042.7863041598246,0,1,0,2,0
2700,4141.997007736942,0,0,0,3,0
2701,1614.545094407265,0,0,0,2,0
2702,3264.8869790035037,0,0,0,0,0
2703,8203.124897351634,0,0,0,3,0
2704,3052.4796707904734,0,0,0,3,0
2705,1407.1316148634014,0,0,0,2,0
2706,3118.4409926710464,0,0,0,2,0
2707,1267.6091334459911,0,0,0,3,0
2708,1123.1618230958811,0,1,1,1,0
2709,771.6921987873176,0,0,0,6,0
2710,5236.524840019324,0,0,0,0,0
2711,483.7514946514601,0,0,1,3,0
2712,5076.451255360384,0,0,0,2,0
2713,1807.7967611051442,0,0,0,4,0
2714,270.6141011876465,0,0,0,5,0
2715,1583.9061042404765,0,0,0,0,0
2716,134.28622002541832,0,0,0,1,0
2717,2049.8215443999593,1,0,1,3,0
2718,2657.7401764964948,0,0,0,0,0
2719,606.4631962487811,0,0,0,2,0
2720,1240.8447739507176,0,0,0,5,0
2721,7740.003615869656,0,0,0,0,0
2722,661.330222799891,0,0,0,0,0
2723,380.3502021561128,0,0,1,1,0
2724,4825.469923309137,0,0,1,7,0
2725,7805.525743627956,0,0,1,8,0
2726,1100.693452856096,0,1,0,4,0
2727,3015.325415195022,1,0,0,3,0
2728,4194.275571918449,0,0,0,0,0
2729,521.9207557558254,0,0,0,2,0
2730,674.9874949035677,0,0,0,3,0
2731,3755.1162151300155,0,1,0,3,0
2732,5913.624935936785,0,1,1,4,0
2733,1925.3842942498798,0,0,0,2,0
2734,454.9491463759531,0,0,0,2,0
2735,7998.914401964105,0,0,0,1,0
2736,644.8573323586747,0,0,0,3,0
2737,784.3553881314597,1,0,0,1,0
2738,1544.3182572250669,0,0,0,0,0
2739,5188.295077335771,0,0,0,0,0
2740,2575.9559232859683,0,1,1,1,0
2741,1660.4858186352121,0,0,0,1,0
2742,1742.8701244933857,0,0,0,1,0
2743,1145.406263847448,0,0,0,1,0
2744,1916.2769892921826,0,0,0,2,0
2745,87.39516163883168,0,0,0,5,0
2746,815.1666255976742,0,0,0,2,0
2747,1395.9380909986642,0,0,0,0,0
2748,346.88243426296845,0,0,0,4,0
2749,1613.761902500224,0,0,0,3,0
2750,893.8417794359148,0,1,0,1,0
2751,6345.338312788654,0,0,0,4,0
2752,5287.071210973685,0,1,0,0,0
2753,688.2791045461553,0,1,0,1,0
2754,943.0905378152639,0,1,0,1,0
2755,1018.4655739829797,0,1,0,2,0
2756,698.0847570579897,0,0,0,4,0
2757,1332.7836234746155,1,1,1,3,0
2758,513.7403237650095,0,0,0,5,0
2759,354.0310655457704,0,0,0,0,0
2760,2044.096627430617,0,0,0,2,0
2761,2058.0816380088363,0,0,0,5,0
2762,490.6270369827396,0,0,0,2,0
2763,2684.783661671693,0,0,1,1,0
2764,583.1370703652013,1,0,0,2,0
2765,1412.5688963922546,0,0,0,1,0
2766,2490.7621142590774,0,0,0,1,0
2767,1060.3851130231544,0,0,0,0,0
2768,1728.0362240585637,0,0,1,1,0
2769,654.3028751554132,0,0,0,2,0
2770,901.0253715833892,0,0,0,0,0
2771,892.6018003086152,0,0,1,2,0
2772,519.7883208761908,0,0,1,5,0
2773,918.9445993216646,0,0,0,2,0
2774,233.07999041141068,0,0,0,3,0
2775,671.0517467548723,0,0,0,1,0
2776,824.7864518867385,0,0,0,4,0
2777,848.7971651866076,0,1,0,1,0
2778,861.3514024829461,0,0,1,2,0
2779,1030.9498081444988,0,0,0,0,0
2780,1771.2512878429977,0,0,0,2,0
2781,2629.416070600137,0,0,0,3,0
2782,572.6271307099958,0,1,0,3,0
2783,329.24400901737914,0,0,0,2,0
2784,386.81849883429913,0,0,0,3,0
2785,673.708199543767,1,0,0,4,0
2786,771.3009866811716,0,0,0,2,0
2787,507.75748090953454,0,0,0,3,0
2788,300.0302598541666,0,0,0,2,0
2789,694.9772926088705,0,0,0,1,0
2790,1314.7826162551937,0,1,0,1,0
2791,1988.2884372171934,0,0,0,0,0
2792,628.0230985307297,0,0,0,1,0
2793,725.6023792866727,0,0,0,0,0
2794,434.11162051207737,0,0,0,0,0
2795,1062.6922542699629,0,0,1,3,0
2796,469.4544922376613,0,0,0,2,0
2797,1945.2150456191314,0,0,0,4,0
2798,183.85244527983744,0,0,0,1,0
2799,765.3783812424302,0,0,0,3,0
2800,1481.9400296169313,0,0,0,2,0
2801,1317.952290924257,0,0,0,2,0
2802,16204.328290822386,0,0,0,2,0
2803,1555.8853578782898,0,0,0,4,0
2804,401.7963640387124,0,0,0,2,0
2805,996.7856510454069,0,0,0,4,0
2806,185.62966982251757,0,0,0,2,0
2807,1011.7130383590594,0,0,0,4,0
2808,476.72697282492413,0,0,0,2,0
2809,2739.1153315757874,0,0,0,3,0
2810,632.9932289999766,0,0,1,3,0
2811,975.7770073227907,1,0,0,3,0
2812,580.8207320753884,0,0,0,5,0
2813,6240.723198561819,0,0,0,1,0
2814,795.3300882943248,0,0,0,4,0
2815,6853.789866741266,0,0,0,2,0
2816,2475.386345761815,0,0,0,2,0
2817,1775.907301938354,0,0,0,4,0
2818,1585.6237583989864,0,1,0,0,0
2819,1625.8683125172956,0,0,0,1,0
2820,159.54522440972545,0,0,0,2,0
2821,829.7434908435212,0,0,1,1,0
2822,2553.34098598557,0,0,0,2,0
2823,1044.3007655143615,0,0,0,4,0
2824,269.0265714091988,0,0,0,4,0
2825,1040.6445392224653,0,1,0,1,0
2826,6027.607930587809,0,0,0,2,0
2827,3815.7469425914255,0,0,0,2,0
2828,1030.702606222267,0,0,1,2,0
2829,2839.6874635623253,0,0,0,2,0
2830,760.1326668051111,0,0,0,1,0
2831,199.5626881273142,0,0,0,3,0
2832,435.08177932629616,0,0,0,0,0
2833,5233.778530164109,1,0,0,5,0
2834,833.8111335756023,0,0,0,2,0
2835,859.7279660183655,0,1,1,2,0
2836,812.5372860915111,1,0,0,1,0
2837,7362.365721101443,0,0,0,4,0
2838,5574.505625534243,0,0,0,3,0
2839,10084.75577511551,0,0,0,2,0
2840,935.3818013228903,0,0,0,1,0
2841,1473.8370081930864,0,0,0,1,0
2842,240.65333418795865,0,0,0,2,0
2843,4802.704261755138,0,0,0,1,0
2844,341.11526774146057,0,0,0,1,0
2845,1362.089999919851,0,0,0,1,0
2846,366.0234756143218,0,0,0,3,0
2847,608.5829203665904,0,0,0,4,0
2848,474.72589245479503,0,0,0,1,0
2849,597.1239655499394,0,1,0,3,0
2850,639.6219488206201,0,0,1,1,0
2851,633.7985789067066,0,0,0,3,0
2852,2523.3279183085106,0,0,0,0,0
2853,363.26667518766453,0,0,0,5,0
2854,1367.2291151245156,1,0,0,0,0
2855,3706.9293791896375,0,0,0,4,0
2856,656.4218429074897,0,0,0,1,0
2857,534.900693078506,0,0,0,4,0
2858,870.8549017166418,0,0,0,5,0
2859,3567.8741041309204,0,0,0,2,0
2860,1331.561550941319,0,1,0,2,0
2861,644.700395250107,0,0,0,1,0
2862,1779.1244694601123,0,0,0,1,0
2863,364.2017055052724,0,0,1,4,0
2864,2167.5645963385728,0,0,0,3,0
2865,1650.126627190458,0,0,0,1,0
2866,806.0868804838983,0,0,0,3,0
2867,474.098071196674,0,0,0,4,0
2868,451.83590763665404,0,0,0,1,0
2869,1872.1023624638035,0,0,0,1,0
2870,3748.010716037367,0,0,0,2,0
2871,579.8052393768929,0,0,0,2,0
2872,1734.3477820018852,0,0,0,1,0
2873,136.04326789131505,0,0,0,1,0
2874,611.1743493852503,0,0,0,1,0
2875,1063.096406552171,0,0,0,4,0
2876,441.5611797916172,0,0,0,2,0
2877,429.87463738252427,0,0,0,1,0
2878,562.4039947608793,0,0,0,3,0
2879,1468.787821436754,0,0,1,0,0
2880,909.2962799356067,0,1,0,1,0
2881,116.95260493177453,0,0,1,1,0
2882,131.5385345857047,0,0,0,4,0
2883,597.7274149237567,0,0,0,2,0
2884,1733.1339597308922,0,0,0,0,0
2885,70.2805547894082,0,1,0,0,0
2886,665.3211283344665,0,1,0,1,0
2887,647.9102239599447,0,0,0,1,0
2888,4395.5053137988325,0,0,0,2,0
2889,746.1884545098776,0,0,0,2,0
2890,1608.3900435809408,0,0,0,4,0
2891,1263.0151784930008,1,0,0,0,0
2892,130.24711363458357,0,0,0,0,0
2893,2364.2289363666914,0,0,0,2,0
2894,1360.2128930089066,0,0,0,2,0
2895,1823.054444700566,0,0,0,1,0
2896,55616.63946594742,0,0,1,1,0
2897,136.44028692693158,0,0,0,1,0
2898,6153.0098633937705,0,0,1,5,0
2899,822.667805437598,0,0,0,7,0
2900,1461.6612413571695,0,0,1,3,0
2901,1047.8416484935874,0,0,0,2,0
2902,717.4933408905708,0,0,0,1,0
2903,620.277570222415,0,0,0,3,0
2904,1524.6325902266406,0,0,0,1,0
2905,240.52554577132494,0,0,0,2,0
2906,2322.9173833965497,0,0,0,4,0
2907,723.2866344504938,0,0,0,2,0
2908,354.22441783500363,0,0,0,1,0
2909,699.2351829950276,0,0,1,1,0
2910,3855.0883994986593,0,0,0,2,0
2911,642.0491850506214,0,0,0,3,0
2912,1569.4077819146921,0,1,0,0,0
2913,527.9722493546093,1,0,0,3,0
2914,2340.0366015644327,0,0,0,1,0
2915,2176.57482456317,0,0,0,0,0
2916,6964.693178187901,0,0,0,2,0
2917,920.0573954913575,0,0,0,2,0
2918,2140.2005204218085,0,1,0,0,0
2919,1209.6272575710138,0,0,0,3,0
2920,4007.295211480226,0,0,0,0,0
2921,534.412286087454,0,0,0,3,0
2922,2310.0057966322042,0,0,0,2,0
2923,902.6209554475056,0,1,0,0,0
2924,1028.4538355778284,0,0,0,2,0
2925,1202.012464027192,0,0,0,2,0
2926,1411.26309781954,0,0,0,4,0
2927,976.3010159836247,0,1,0,3,0
2928,1359.2837467150723,0,0,0,1,0
2929,5314.095287476558,0,0,0,1,0
2930,2937.898138019387,0,0,0,3,0
2931,2615.3536137410183,0,0,0,2,0
2932,695.381401360124,0,0,1,3,0
2933,450.68072941522354,0,0,0,0,0
2934,2850.6449851513844,1,0,0,3,0
2935,2633.441414773981,0,0,0,2,0
2936,4782.270323258133,0,0,1,5,0
2937,599.4540797969157,0,0,0,1,0
2938,871.7052447052822,0,0,0,2,0
2939,212.8347062553771,0,1,0,3,0
2940,740.6505294990706,0,0,0,3,0
2941,2970.752333255629,0,0,0,7,0
2942,687.8044863783385,0,0,0,0,0
2943,2080.7419070938768,0,0,0,4,0
2944,906.4146695577067,0,0,0,3,0
2945,1516.3433552981735,0,0,0,4,0
2946,348.0369353425774,0,0,0,2,0
2947,1194.173328463037,0,0,1,1,0
2948,55.08426089135336,0,0,0,2,0
2949,909.6899633443634,0,0,0,1,0
2950,214.76120925908484,0,0,0,0,0
2951,3662.8415924774804,1,0,1,2,0
2952,2386.0805291133915,0,0,0,2,0
2953,1748.7752800889227,0,0,0,2,0
2954,5019.101573062601,0,0,1,5,0
2955,424.57279670955865,0,0,0,4,0
2956,6294.0699915020095,0,0,0,2,0
2957,2785.524776574239,0,0,0,0,0
2958,865.6188743444307,0,0,1,4,0
2959,3413.932553096947,0,0,0,2,0
2960,362.7473141451242,0,0,0,3,0
2961,480.81656637023633,0,0,0,1,0
2962,596.6974951972488,0,0,0,4,0
2963,646.143937180239,0,0,0,4,0
2964,381.2450549596058,0,0,0,3,0
2965,3725.9721144736573,1,0,0,2,0
2966,846.52996498558,0,0,0,0,0
2967,1560.099637438537,0,0,0,4,0
2968,619.9560779950867,0,1,0,2,0
2969,177.5756471852726,0,0,0,2,0
2970,1436.6328536229446,0,1,0,2,0
2971,162.024089465229,0,0,0,4,0
2972,1023.8916136111827,0,0,0,2,0
2973,279.13204827627953,0,0,0,3,0
2974,8000.63345362833,0,0,0,2,0
2975,2728.1055844038283,0,0,0,2,0
2976,1218.9605803596482,0,0,0,5,0
2977,3880.4510569609774,0,0,0,1,0
2978,470.44733682842485,1,1,0,3,0
2979,1888.3890284240229,0,1,0,1,0
2980,1339.1768775503238,0,0,0,2,0
2981,1427.9856321562338,0,0,0,1,0
2982,3914.150113196583,0,0,0,2,0
2983,2281.2803076318573,0,0,0,3,0
2984,1463.7013280670208,0,0,0,6,0
2985,209.58147455241345,0,0,0,0,0
2986,419.8735962712415,0,1,0,2,0
2987,969.9951450717913,0,0,0,1,0
2988,1203.961169709266,0,0,1,6,0
2989,354.1768183606024,0,1,0,2,0
2990,12230.36014085529,1,0,0,2,0
2991,4996.00591530799,0,0,0,1,0
2992,2002.4332006177342,0,0,0,4,0
2993,1178.5461261052149,0,0,0,0,0
2994,886.9521456800161,0,0,0,3,0
2995,423.3001661244929,0,0,0,2,0
2996,1184.9792211474928,0,0,0,3,0
2997,1419.063662000486,0,1,0,2,0
2998,316.79010477288523,0,0,0,4,0
2999,1531.7657244734537,0,0,0,1,0
3000,938.9300207847411,0,0,0,0,0
3001,162.74628300071862,0,0,0,3,0
3002,463.8749396219118,0,0,0,2,0
3003,725.1615564973412,0,0,0,0,0
3004,7242.253235547184,0,0,0,1,0
3005,1913.2394366769236,0,0,0,1,0
3006,288.4490395199844,0,0,0,3,0
3007,1782.970886619356,0,0,0,2,0
3008,233.38653115686145,0,0,0,2,0
3009,3237.9349804778667,0,0,0,1,0
3010,684.627810444956,0,0,0,1,0
3011,998.6094999210353,0,0,0,2,0
3012,4129.025276395407,0,1,0,1,0
3013,302.72852034147746,0,0,0,0,0
3014,271.2068502787069,0,0,0,4,0
3015,611.7970890240994,0,0,0,4,0
3016,3097.5874669407895,0,0,0,4,0
3017,240.00360031048436,0,0,0,2,0
3018,64.57610184665386,0,0,0,2,0
3019,698.4343181697616,1,0,0,1,0
3020,1904.0544257793615,0,0,0,4,0
3021,3641.903449861349,0,0,0,2,0
3022,690.1014652826351,0,0,0,4,0
3023,726.7433527715623,0,0,0,2,0
3024,3476.9151700507355,0,0,0,1,0
3025,169.0607808567733,0,1,0,6,0
3026,743.5821307405796,0,0,0,3,0
3027,1326.6654465513757,0,0,0,4,0
3028,1718.5199776702782,0,0,0,0,0
3029,658.6506725697791,0,0,0,5,0
3030,1135.060249431093,0,0,0,2,0
3031,91.07402583899375,0,0,0,1,0
3032,567.7899748000747,0,0,1,5,0
3033,1725.9082498512469,0,0,0,2,0
3034,410.6355024872671,0,0,0,0,0
3035,1163.2629480505855,0,0,0,2,0
3036,1714.492677214213,0,0,0,0,0
3037,778.5636900305169,0,0,0,3,0
3038,1300.447572840057,0,0,0,1,0
3039,418.74721598175154,0,0,0,0,0
3040,891.9309509224158,0,0,0,2,0
3041,2018.7144352238831,0,0,1,0,0
3042,1283.0212932973348,0,0,0,0,0
3043,610.0059617230443,0,0,0,2,0
3044,1372.2628949028108,1,0,0,0,0
3045,2240.8483271616897,0,0,0,4,0
3046,141.1832541595877,0,0,0,2,0
3047,3494.949009328483,0,0,0,3,0
3048,783.4797855869267,0,1,0,4,0
3049,1678.2215881751645,0,0,0,4,0
3050,3630.940278641511,0,0,0,4,0
3051,278.19611170372224,0,0,1,1,0
3052,539.454798739334,0,0,0,2,0
3053,821.7624015994168,0,0,0,0,0
3054,500.81986166595857,0,0,0,1,0
3055,6216.33992372852,0,0,0,3,0
3056,465.5539124235317,0,1,0,0,0
3057,629.202547842972,1,0,0,1,0
3058,1345.3224883727323,0,0,0,3,0
3059,329.5903349145915,0,0,0,2,0
3060,738.277144194257,0,0,0,1,0
3061,1506.3627681379694,0,0,0,1,0
3062,786.143696439673,0,0,0,1,0
3063,998.8585141091406,0,0,0,0,0
3064,645.914981509821,0,0,0,1,0
3065,241.1766592324563,1,0,0,2,0
3066,1512.6119615630178,0,0,0,0,0
3067,6341.8960970045855,0,0,0,2,0
3068,1116.9998120248188,0,0,0,2,0
3069,1373.7013859491442,0,0,0,1,0
3070,2192.335636344795,0,0,0,2,0
3071,308.17552390278917,0,0,0,4,0
3072,6018.026484912878,0,0,0,0,0
3073,1342.5536608508137,0,0,0,3,0
3074,5607.481117867572,0,1,0,2,0
3075,526.8769366484769,0,0,1,2,0
3076,6755.15990735728,0,0,0,4,0
3077,2380.713458054956,0,0,0,3,0
3078,1906.5299447817756,0,0,0,2,0
3079,1385.7883387636073,0,0,0,5,0
3080,855.3163341098564,0,0,0,1,0
3081,3642.886564084243,0,1,0,0,0
3082,1261.8824208322753,0,0,0,1,0
3083,153.38180898606512,0,1,0,3,0
3084,358.8173692496811,0,0,0,0,0
3085,910.6460091422172,0,1,0,0,0
3086,1495.175668844558,0,0,0,1,0
3087,1036.2995387532653,0,0,0,1,0
3088,3710.6813454102416,0,0,0,1,0
3089,155.8506436225593,0,1,0,0,0
3090,1265.9624431492018,0,0,0,1,0
3091,178.04223093800007,0,0,0,1,0
3092,2344.23006267089,0,0,0,3,0
3093,997.7884556515553,0,0,0,1,0
3094,1668.3826649157545,0,0,0,3,0
3095,462.25516296518447,0,0,0,1,0
3096,3942.084532937883,0,0,0,0,0
3097,3107.9687727485175,0,0,0,0,0
3098,1965.5832567070584,0,0,1,3,0
3099,963.4135444784291,0,0,0,1,0
3100,1958.3494601785458,0,1,0,3,0
3101,540.8313171658688,0,0,0,2,0
3102,2580.0283314065823,0,0,0,3,0
3103,5707.183333398286,0,0,0,2,0
3104,3199.0544475382585,0,1,1,1,0
3105,528.6875053547358,0,0,0,1,0
3106,1574.0659335584305,0,0,0,4,0
3107,300.9242151812671,1,1,1,2,0
3108,1943.7809743853475,0,0,0,6,0
3109,1720.9012460898123,0,0,0,3,0
3110,169.04816265860643,0,0,0,4,0
3111,343.16663862579946,0,0,0,2,0
3112,826.2200176586422,1,0,0,5,0
3113,811.7076617471716,0,0,0,2,0
3114,327.1841180492309,0,0,0,3,0
3115,1618.0527990066591,0,0,1,4,0
3116,1410.181373715699,0,1,0,2,0
3117,903.007508119073,0,0,0,0,0
3118,515.0214240222267,0,0,0,0,0
3119,3129.745988529358,0,0,0,2,0
3120,5741.105766961761,0,0,0,2,0
3121,676.1659378777698,0,0,0,1,0
3122,594.5668057649787,1,0,0,3,0
3123,1792.2151817221775,0,0,0,2,0
3124,766.6041912486658,0,0,0,1,0
3125,953.9419297730558,0,0,0,4,0
3126,2297.675300181768,0,0,0,0,0
3127,162.49446058689153,0,0,0,0,0
3128,4098.19669254877,0,0,0,1,0
3129,1179.3049568835856,0,0,0,4,0
3130,726.6949987335372,0,0,1,1,0
3131,1003.0151031037747,0,0,0,3,0
3132,1056.1963188829209,0,0,0,0,0
3133,194.18255010755175,0,0,0,4,0
3134,4889.954254187293,0,0,0,0,0
3135,1142.9016701976404,0,0,0,3,0
3136,1707.8697803811424,0,0,0,2,0
3137,2839.972848079161,0,0,0,1,0
3138,394.9809525869985,0,0,0,0,0
3139,1760.709090170408,0,1,0,1,0
3140,839.124351224288,0,0,0,2,0
3141,2557.462347203921,0,0,0,2,0
3142,130.68274338301092,0,1,0,5,0
3143,993.1738256759701,0,0,0,3,0
3144,600.1498321048709,0,1,0,3,0
3145,1689.6267924061153,0,0,0,1,0
3146,1754.6842187397938,0,0,0,1,0
3147,540.4348564333709,0,0,0,0,0
3148,537.9825559890553,0,0,0,5,0
3149,981.7479756184206,0,0,0,2,0
3150,447.3573753821,1,0,0,1,0
3151,2545.2488278231076,0,0,0,1,0
3152,758.0829402812453,0,0,0,5,0
3153,59.920086372908344,0,0,0,2,0
3154,753.8383411615971,0,0,0,3,0
3155,388.17496517635436,0,0,0,1,0
3156,214.58891712808472,0,0,0,3,0
3157,318.16603265013396,0,0,0,6,0
3158,1223.423642463425,0,0,1,5,0
3159,4140.785686859698,0,0,0,2,0
3160,1499.9461311293257,0,0,0,3,0
3161,597.9437056343883,0,0,0,1,0
3162,1730.0475889389872,0,0,0,3,0
3163,692.9166305947983,0,0,0,4,0
3164,547.5203504857468,0,0,0,2,0
3165,345.7228117115986,0,1,0,0,0
3166,190.21807806373997,0,0,0,2,0
3167,742.5396674616106,0,0,1,0,0
3168,1284.408384211375,0,0,0,2,0
3169,995.6306246209062,0,0,1,1,0
3170,723.4511841942455,0,0,0,3,0
3171,425.9210239540004,1,0,0,1,0
3172,2014.7415269470978,0,0,0,6,0
3173,293.79083837579435,0,0,0,1,0
3174,2382.7913458980493,1,0,0,3,0
3175,402.53537495082657,0,1,0,5,0
3176,516.7528752489678,0,0,0,1,0
3177,252.95580998582483,0,0,0,0,0
3178,664.209660309105,0,0,0,1,0
3179,2908.2664426553747,0,0,0,1,0
3180,1836.52061149351,0,0,1,2,0
3181,2917.3242196985398,0,1,0,0,0
3182,1848.5236009802386,0,0,0,2,0
3183,363.70029804379317,0,0,0,1,0
3184,787.773628943241,0,0,0,1,0
3185,502.60313913533565,0,0,1,3,0
3186,4148.802029820145,0,0,1,1,0
3187,331.36197356165394,0,0,1,1,0
3188,2680.336671714893,0,0,0,2,0
3189,2678.3437269079377,0,0,1,1,0
3190,6833.690898615701,0,0,0,1,0
3191,728.0089975341396,0,1,1,3,0
3192,2235.7279519333833,0,0,0,3,0
3193,10739.156604549089,0,0,0,2,0
3194,591.3205895660925,1,0,0,1,0
3195,236.26634578010132,0,1,0,0,0
3196,167.3336906018632,0,0,0,2,0
3197,2236.599763518128,0,0,0,1,0
3198,166.80905782232392,0,0,0,2,0
3199,755.7275646869626,0,0,0,3,0
3200,1698.181390332601,1,0,0,6,0
3201,1319.7208775646088,0,0,0,0,0
3202,1678.145954016721,0,1,0,1,0
3203,1369.6217088982075,0,0,1,2,0
3204,3939.723465129334,0,0,0,1,0
3205,423.13175972748735,0,1,1,1,0
3206,557.2449230718942,0,0,0,5,0
3207,506.4069295739715,0,0,0,1,0
3208,2515.411812973869,0,0,0,3,0
3209,2698.3576479935114,0,0,0,2,0
3210,1721.9718185482982,0,0,1,2,0
3211,3581.3448557724496,0,0,0,1,0
3212,337.632873679281,0,0,1,2,0
3213,5809.350836775969,0,0,0,0,0
3214,5030.318703947133,0,0,0,0,0
3215,2288.431659892886,0,0,0,2,0
3216,6514.585784335147,0,0,0,2,0
3217,209.2180045542272,0,0,1,2,0
3218,649.0773310313742,0,0,0,2,0
3219,525.6820379225542,0,0,0,0,0
3220,2256.2949036036453,0,0,0,2,0
3221,383.69933356929516,0,0,0,2,0
3222,2339.038319573872,1,0,0,1,0
3223,4317.950485440918,0,1,0,2,0
3224,2197.7796947760294,0,0,0,3,0
3225,1456.4409361347286,0,0,1,5,0
3226,408.3508204964238,0,0,0,5,0
3227,470.1957201503051,0,0,0,3,0
3228,3826.167411426827,0,1,0,1,0
3229,2390.7179657800025,0,0,0,2,0
3230,1054.667131145155,0,0,0,1,0
3231,722.0471592164995,0,0,0,3,0
3232,144.63193368753178,0,0,0,1,0
3233,375.8340093103444,0,0,0,2,0
3234,7416.177837026392,0,0,0,0,0
3235,304.7660487514325,0,0,0,3,0
3236,1325.413574242352,0,0,0,1,0
3237,3003.2309552319543,0,0,0,1,0
3238,312.6478045745311,0,0,0,1,0
3239,1319.1072681636865,1,0,0,1,0
3240,2801.5147653595523,0,0,0,1,0
3241,1110.4263524972896,0,0,1,3,0
3242,19310.4765813967,0,0,0,3,0
3243,206.72734293387037,1,0,0,3,0
3244,3161.2681200198717,0,0,0,1,0
3245,922.6022986421411,0,0,0,0,0
3246,2373.023489021614,0,0,0,4,0
3247,1704.9774293280732,0,1,0,1,0
3248,526.8120285727218,0,1,0,4,0
3249,1378.8379972411274,0,0,0,2,0
3250,171.07439982943382,0,0,0,1,0
3251,2004.6955855772035,0,1,0,4,0
3252,1477.576413415335,0,0,0,4,0
3253,2076.9591764822385,0,0,0,4,0
3254,3159.3396874785203,1,1,0,4,0
3255,1583.8594544867244,0,0,0,1,0
3256,1271.6739975254518,0,0,0,1,0
3257,454.3790053564171,0,0,0,4,0
3258,537.9573254823456,0,0,1,1,0
3259,3592.9706563181026,0,0,0,1,0
3260,4611.624249457612,0,0,0,1,0
3261,864.2737541393474,0,0,0,1,0
3262,1148.2596729531367,0,1,0,4,0
3263,443.8051545484688,0,0,0,2,0
3264,3543.098285607425,0,0,0,2,0
3265,2133.2817990483254,0,0,0,0,0
3266,7640.493210795583,0,0,0,6,0
3267,455.6281073992211,0,0,0,2,0
3268,751.4405525306706,0,0,0,3,0
3269,1382.2196424017018,0,0,0,2,0
3270,2093.2842806849535,0,0,0,2,0
3271,883.8897719090908,0,0,0,3,0
3272,458.077740845021,0,0,0,4,0
3273,2647.596506967504,0,0,0,1,0
3274,2255.5189591295607,0,0,0,2,0
3275,438.6605588106439,0,1,0,1,0
3276,4253.267547003022,0,0,0,2,0
3277,3534.0461413253643,0,0,0,1,0
3278,1254.2543069556878,0,1,0,3,0
3279,1187.490887714809,0,0,0,3,0
3280,1908.4711798267022,0,1,0,2,0
3281,463.2639276252479,0,0,0,3,0
3282,1130.066183165267,0,0,0,2,0
3283,127.43627750508124,1,0,0,2,0
3284,2634.51832526003,0,0,0,1,0
3285,230.0983388029169,0,0,1,3,0
3286,4931.605278958106,0,0,0,1,0
3287,788.3009285924745,0,0,0,3,0
3288,887.4329933679788,0,0,0,0,0
3289,585.3828595385635,0,0,0,3,0
3290,822.1814609261645,0,0,0,4,0
3291,4530.245200455315,0,0,1,1,0
3292,91.12127790554538,0,0,0,0,0
3293,3932.2434172909598,0,0,0,1,0
3294,1537.6698745686613,0,1,0,3,0
3295,327.98843615668403,0,0,0,4,0
3296,374.16153163949133,0,0,0,2,0
3297,5862.861225862882,0,0,0,0,0
3298,426.0229082495709,0,1,0,4,0
3299,346.0729148456575,0,0,0,3,0
3300,3419.7220073924695,0,0,1,2,0
3301,1538.4841251062958,0,0,0,3,0
3302,429.26499125399584,0,1,1,1,0
3303,1361.8849004664837,0,0,0,1,0
3304,393.1720555167405,0,0,1,1,0
3305,3297.175257849736,1,0,0,2,0
3306,3169.632611956647,0,0,0,3,0
3307,1866.8470154763938,0,0,0,2,0
3308,1574.44964940659,0,1,0,2,0
3309,6381.689319224597,0,0,0,3,0
3310,1096.2892285850019,0,1,0,3,0
3311,336.34111714998386,0,0,1,3,0
3312,1718.9585854045113,0,0,0,4,0
3313,8831.20763751625,0,0,0,1,0
3314,397.5181155688899,0,0,0,1,0
3315,763.9766556792277,0,0,0,2,0
3316,1663.1123542600992,0,1,0,1,0
3317,1039.0843285529422,0,1,0,0,0
3318,410.63158252911245,0,0,0,0,0
3319,3367.2708425053975,1,0,0,3,0
3320,11159.43627891264,0,0,1,0,0
3321,1334.259131384543,0,1,0,1,0
3322,444.04757618610523,0,0,0,2,0
3323,233.00023798185353,0,0,1,2,0
3324,1419.3807745421489,0,0,1,2,0
3325,3307.266655266183,1,0,1,2,0
3326,1763.6975174512484,0,0,0,1,0
3327,1094.0001926525633,1,0,0,1,0
3328,608.3366006166194,0,0,0,5,0
3329,367.9092730993423,0,1,0,2,0
3330,2526.907055962312,0,0,0,2,0
3331,2734.685237472096,0,0,0,4,0
3332,233.75421808964276,0,0,0,2,0
3333,5376.747831985109,0,0,1,0,0
3334,1947.0510422899958,0,0,1,1,0
3335,4445.264472911789,0,0,0,1,0
3336,286.53831201206106,0,0,0,1,0
3337,279.8282003234435,1,0,0,0,0
3338,944.8542570281045,0,0,0,3,0
3339,1813.0837917986935,0,0,0,2,0
3340,6610.14469502063,0,0,0,2,0
3341,2221.8132345632903,0,0,0,2,0
3342,860.3323113762042,0,0,0,3,0
3343,392.92973020567786,0,0,0,1,0
3344,3751.835900837731,0,0,0,6,0
3345,417.9219005378456,0,0,0,2,0
3346,5588.513194165962,1,0,0,2,0
3347,825.1913925457558,0,0,1,0,0
3348,5380.7447482483085,0,0,0,3,0
3349,2162.3076568896063,1,0,1,1,0
3350,956.2357762855978,0,1,0,2,0
3351,652.3646131051311,1,0,0,2,0
3352,779.8426141973483,1,0,0,1,0
3353,1682.972227673546,0,0,0,1,0
3354,1184.5953236524804,0,0,0,4,0
3355,605.581159960819,0,0,0,4,0
3356,929.2414328237693,0,0,0,5,0
3357,1186.2792767681042,0,0,0,5,0
3358,130.4859953378403,0,0,0,0,0
3359,1733.968714497434,0,0,1,2,0
3360,411.6933496607828,0,0,0,1,0
3361,346.07918137970455,0,0,0,2,0
3362,202.88831452558043,0,1,0,3,0
3363,182.38275024303377,0,0,1,2,0
3364,282.7469977457553,0,0,0,4,0
3365,539.6814415175188,0,0,0,1,0
3366,7733.053921759281,0,0,1,1,0
3367,648.148815869107,0,0,0,1,0
3368,1309.9576746791804,0,0,0,4,0
3369,1636.7721604112742,0,0,0,2,0
3370,1250.2079621967687,0,0,0,2,0
3371,1014.911341387409,0,0,0,4,0
3372,331.8576913131371,0,0,1,3,0
3373,4679.411102894363,0,0,1,1,0
3374,6682.160508386704,0,0,0,0,0
3375,203.84120948690654,0,0,0,3,0
3376,393.8505052958087,0,0,0,1,0
3377,828.9747179478242,0,0,0,4,0
3378,417.9919630094576,0,0,0,0,0
3379,1818.860624351656,1,0,0,3,0
3380,529.3912691015206,0,0,0,2,0
3381,9557.257263953394,0,0,0,3,0
3382,3606.7003192281813,0,0,0,1,0
3383,1356.3791392448397,0,0,0,3,0
3384,3062.498188429954,0,0,0,2,0
3385,3313.964296385161,0,0,0,2,0
3386,623.9389405767105,0,0,0,1,0
3387,484.8224567968842,0,0,0,1,0
3388,1185.7645826944972,0,0,0,2,0
3389,2595.7638959029987,0,0,0,0,0
3390,1260.2437059373933,1,0,0,1,0
3391,226.55857433120002,0,1,0,1,0
3392,491.35926264443447,0,0,1,2,0
3393,1018.4398091810629,0,0,0,3,0
3394,1016.7173129146237,0,0,0,1,0
3395,7883.617702418748,0,0,0,1,0
3396,274.24230971154725,0,1,0,1,0
3397,1818.176294732239,0,0,0,2,0
3398,4861.552490280878,0,0,1,2,0
3399,10630.151734625642,0,1,0,1,0
3400,731.8697615971289,0,0,0,5,0
3401,1792.6127163854962,0,0,0,2,0
3402,1938.675636226144,0,1,0,2,0
3403,1333.3925081389132,0,0,0,4,0
3404,993.421255100654,0,1,0,1,0
3405,1695.911086390093,1,0,0,4,0
3406,87.16073255706999,0,0,0,0,0
3407,2169.104069458924,0,1,0,4,0
3408,1244.1127492805524,0,0,0,2,0
3409,877.8933378963936,0,0,0,1,0
3410,8491.850311955619,0,0,0,3,0
3411,558.3946560042731,0,0,0,1,0
3412,732.8375185434165,0,1,0,1,0
3413,8034.927878429807,0,0,0,1,0
3414,477.201433953024,0,0,0,0,0
3415,632.6293572381774,0,0,0,2,0
3416,946.6927326231506,1,1,0,2,0
3417,2542.071254224977,0,0,0,0,0
3418,1349.9225607142694,0,0,0,2,0
3419,301.0795913387951,0,0,0,0,0
3420,644.0854714062486,0,0,0,4,0
3421,597.435045112733,0,0,0,3,0
3422,1015.137098508863,1,0,1,2,0
3423,1678.8153227635833,0,0,0,2,0
3424,1666.041539164382,0,0,0,1,0
3425,185.67321983020528,0,0,0,2,0
3426,3177.7891163923596,0,1,0,0,0
3427,1411.726702708344,0,0,0,1,0
3428,4378.80899565615,1,0,1,1,0
3429,1709.9139511927838,0,0,0,2,0
3430,3298.8294015983474,0,1,0,2,0
3431,1748.5555244058814,0,0,0,2,0
3432,4214.245101115618,0,0,0,5,0
3433,1848.723418850224,0,0,0,0,0
3434,994.3455216581317,0,0,0,3,0
3435,10640.627326837903,0,0,1,1,0
3436,2667.8738472545742,0,0,0,1,0
3437,1946.4148501837692,0,0,0,0,0
3438,306.03380920945256,0,0,0,2,0
3439,302.3823821543083,0,0,0,0,0
3440,1469.5558365984784,0,0,0,4,0
3441,1268.4122465930957,0,0,0,1,0
3442,593.4051787044846,0,0,0,2,0
3443,1262.668603566243,0,0,0,4,0
3444,5370.23489184059,0,1,1,2,0
3445,2198.2183592573174,0,0,0,1,0
3446,350.37061359955146,1,0,0,2,0
3447,980.9202609800558,0,0,0,0,0
3448,490.30787942468334,0,0,0,0,0
3449,744.1927572418944,1,0,0,3,0
3450,725.1542090468411,0,0,0,1,0
3451,680.1779243467731,0,0,0,1,0
3452,312.5813102169991,0,0,1,3,0
3453,965.2096373104097,0,0,0,1,0
3454,626.0262875768531,0,0,0,2,0
3455,58.58925453142277,0,0,1,0,0
3456,8543.89288712104,0,0,0,2,0
3457,3257.6770343570106,0,0,0,3,0
3458,752.724488013414,0,0,1,2,0
3459,1117.4661662472774,0,0,0,1,0
3460,339.7960731051681,0,0,0,4,0
3461,5977.291857978484,0,0,0,1,0
3462,7312.121245950512,0,0,0,1,0
3463,1282.6630817838552,0,0,1,4,0
3464,3051.9336251573714,1,0,0,1,0
3465,1306.7347912707157,0,0,0,1,0
3466,288.0904695312157,0,0,0,1,0
3467,726.4550659305377,0,0,0,0,0
3468,1251.2870827728286,0,0,0,3,0
3469,696.0714278267388,0,0,1,0,0
3470,881.2547309491147,0,0,0,3,0
3471,1000.8455207600649,1,0,0,1,0
3472,1011.4310640994679,0,0,0,4,0
3473,1155.4654057526761,0,0,0,2,0
3474,379.70511321346254,0,0,0,0,0
3475,535.3837882187731,0,0,0,0,0
3476,303.5103567501498,1,0,0,0,0
3477,2915.5552172473203,0,0,0,2,0
3478,133.53359019777517,0,0,0,2,0
3479,3475.8361345569774,0,0,0,0,0
3480,4386.774058194408,0,0,0,0,0
3481,810.6362336758572,0,0,1,3,0
3482,81.19575050961112,0,0,0,3,0
3483,764.0929453870046,1,1,0,2,0
3484,1028.4579656712717,0,0,0,3,0
3485,399.1757436019739,0,0,0,1,0
3486,655.0958797313245,0,0,0,3,0
3487,5065.434505380719,0,0,0,3,0
3488,2132.2374690221736,0,0,0,1,0
3489,435.0390884780611,0,0,0,4,0
3490,221.93861406274488,0,0,0,0,0
3491,790.7506485769512,0,1,0,3,0
3492,885.8460886293049,0,0,0,1,0
3493,1801.1834271195876,0,0,1,2,0
3494,642.0609824587331,0,0,0,2,0
3495,1828.9541420048538,0,0,0,3,0
3496,7594.306038811381,0,0,0,2,0
3497,2478.7285405880657,0,0,0,2,0
3498,1045.1456081859128,0,0,0,3,0
3499,913.1037668414895,0,1,0,1,0
3500,767.6446001502811,1,0,0,2,0
3501,3571.1427173586526,0,0,0,2,0
3502,585.6290414448714,0,0,0,0,0
3503,1147.3643357275616,0,0,0,3,0
3504,1154.2405819286082,0,0,0,1,0
3505,663.9559501819898,0,0,1,1,0
3506,277.97590912611446,1,0,0,1,0
3507,1514.7027644583,1,0,0,2,0
3508,1031.7338630526244,0,0,0,4,0
3509,1808.477245676475,0,0,0,5,0
3510,643.1639661771105,0,0,0,1,0
3511,3717.5543520270335,0,0,0,1,0
3512,456.3345572975549,0,0,0,1,0
3513,6075.6258532763795,0,0,0,3,0
3514,191.01720264053733,0,0,0,4,0
3515,1693.8681938782725,0,0,0,2,0
3516,1764.1613180490692,0,0,0,1,0
3517,494.94316216118324,0,0,0,3,0
3518,1676.383272645899,0,0,0,1,0
3519,3942.296378772257,0,0,1,1,0
3520,119.48384341058394,0,0,0,3,0
3521,1813.0119599217498,0,0,0,1,0
3522,90.62491540115644,0,0,0,4,0
3523,417.5211478231928,0,0,0,0,0
3524,5592.41427622578,0,0,0,3,0
3525,612.909914421844,1,1,0,3,0
3526,339.0406581013636,0,0,0,0,0
3527,899.7008066644044,1,0,0,4,0
3528,8672.447612357877,0,0,0,2,0
3529,175.6191540162839,0,0,0,4,0
3530,383.2509851870629,0,0,0,4,0
3531,4902.162352475341,0,1,0,0,0
3532,7028.3155237362225,0,0,0,3,0
3533,988.875832997161,0,0,0,1,0
3534,317.6490946228133,0,0,0,3,0
3535,8918.147296449075,0,0,0,4,0
3536,5401.556283880879,1,0,1,0,0
3537,2162.341600419317,1,0,0,2,0
3538,486.6755362612671,0,0,0,3,0
3539,1044.1627625972912,1,0,0,1,0
3540,934.1527034800865,0,0,0,0,0
3541,1526.6808894274486,0,0,0,3,0
3542,4679.756876663208,0,0,0,1,0
3543,2642.331739923202,1,0,0,3,0
3544,373.390176687522,0,0,0,3,0
3545,4343.763642465002,0,0,0,1,0
3546,1499.867635224769,0,0,0,0,0
3547,2179.968695589969,0,0,0,2,0
3548,4753.045546623038,0,0,1,4,0
3549,360.8346248584252,0,0,0,2,0
3550,1058.0410605868115,0,0,0,3,0
3551,644.5455202330072,1,0,0,1,0
3552,228.6381389815448,0,0,0,1,0
3553,1551.0850195085463,0,0,0,1,0
3554,13515.014770198493,0,0,0,1,0
3555,174.1509158019195,0,0,0,1,0
3556,1061.7984378820065,0,0,0,2,0
3557,2080.873289023288,0,0,0,3,0
3558,1240.262341138047,1,0,0,4,0
3559,979.3332152439035,0,1,0,3,0
3560,299.10169617646505,0,0,0,2,0
3561,1384.074193747993,0,0,0,4,0
3562,514.5208210580668,0,0,0,0,0
3563,122.74122716807983,0,0,1,1,0
3564,3621.313993231927,0,0,1,2,0
3565,2859.453552050876,0,0,0,3,0
3566,1154.7752056273243,0,1,0,3,0
3567,1378.9459586176376,0,1,0,1,0
3568,3210.9368037301365,0,0,0,2,0
3569,1372.4320401413938,0,0,0,2,0
3570,2708.140604984661,1,1,0,3,0
3571,814.453877053917,0,0,0,0,0
3572,4072.383520418849,0,0,0,0,0
3573,1511.3910424817855,0,0,0,3,0
3574,1331.4874018751377,0,0,0,3,0
3575,307.9504555060933,0,0,0,3,0
3576,1461.1160701774184,0,0,0,2,0
3577,477.2522048522208,0,0,0,3,0
3578,579.2402166422322,0,0,0,2,0
3579,485.23066299556274,0,0,0,1,0
3580,377.5734306687945,0,0,0,2,0
3581,9179.898280677817,0,0,0,1,0
3582,4151.9735815004515,0,0,0,1,0
3583,7482.838683703012,0,0,1,5,0
3584,322.8232566566436,0,0,0,0,0
3585,1177.6235545157308,0,1,0,2,0
3586,300.8140725714161,0,0,1,2,0
3587,546.9214128942002,0,0,0,0,0
3588,437.84852471734706,1,0,1,1,0
3589,3787.9642116586842,0,1,0,3,0
3590,737.8719661131865,0,0,0,2,0
3591,3191.9245902875964,0,0,0,2,0
3592,2006.4472295062621,0,0,0,0,0
3593,10977.892449005445,0,0,0,2,0
3594,249.77381712864494,0,0,0,2,0
3595,3863.130869533287,1,0,0,0,0
3596,3451.074360542833,0,0,0,2,0
3597,414.3127659768424,0,0,0,1,0
3598,3002.2981862961424,0,0,0,3,0
3599,1534.7840453050137,1,0,0,2,0
3600,873.5136358541432,0,0,0,0,0
3601,481.0948832028097,0,0,0,2,0
3602,534.2642402771012,0,0,0,1,0
3603,8516.93740577216,0,0,0,4,0
3604,1097.3822160447044,0,0,0,2,0
3605,2397.3758001874703,1,0,0,2,0
3606,497.25382913728043,0,0,0,3,0
3607,502.77716186560025,0,0,0,5,0
3608,3235.6490135834715,0,0,0,0,0
3609,284.41197079563887,0,0,0,2,0
3610,723.9962639589644,0,1,0,2,0
3611,1134.5908848641766,0,0,0,1,0
3612,1225.8289669627015,0,0,1,0,0
3613,916.8159240589165,0,1,0,4,0
3614,1629.1599308428042,0,0,0,1,0
3615,2192.627237912328,0,0,0,2,0
3616,2286.179917804829,0,0,0,6,0
3617,409.19679076120866,0,0,0,0,0
3618,825.3808383573186,0,1,0,0,0
3619,3621.9319919149075,1,0,0,0,0
3620,2682.8828551262072,0,0,0,3,0
3621,277.86643497818636,0,0,0,2,0
3622,1558.501248584687,0,0,0,4,0
3623,151.680259694353,0,0,0,0,0
3624,1149.3305277507577,0,0,0,3,0
3625,7315.619630821183,0,0,0,0,0
3626,425.0076984375276,0,0,0,4,0
3627,476.1233477108738,0,0,0,1,0
3628,2354.3731238618284,0,0,1,1,0
3629,234.43971707378813,0,0,0,2,0
3630,582.4509466388004,0,0,0,4,0
3631,1991.0972299074747,0,0,0,2,0
3632,581.5600024701016,0,0,0,2,0
3633,866.1256693775882,0,0,0,5,0
3634,2308.1132856218564,0,0,1,3,0
3635,1671.6159688088921,0,0,0,1,0
3636,1431.9871819028979,0,0,0,2,0
3637,781.2363436188515,0,0,1,5,0
3638,1587.7308146751286,0,0,0,3,0
3639,969.0026240647366,0,0,0,0,0
3640,1733.3402563227437,0,1,0,1,0
3641,667.1854043840185,0,0,0,3,0
3642,913.634888052342,0,0,0,5,0
3643,407.50051946791166,0,0,0,5,0
3644,1058.9068591076987,0,0,0,0,0
3645,487.3580830533116,0,1,0,1,0
3646,359.9458306954708,0,0,1,4,0
3647,1420.3536201327115,0,0,0,2,0
3648,1356.603971242963,0,1,0,2,0
3649,2399.159471889356,0,0,0,0,0
3650,712.567347458726,0,0,0,1,0
3651,1649.2119501531104,0,0,0,2,0
3652,1902.2593157539081,0,0,0,1,0
3653,1710.8982565954857,0,0,0,1,0
3654,480.2689777174545,0,0,1,5,0
3655,1273.2952221949322,1,0,0,1,0
3656,1578.357922541797,0,0,0,1,0
3657,1104.533625962615,0,0,0,0,0
3658,136.11802518484956,0,0,0,0,0
3659,1287.541189632175,0,0,0,3,0
3660,10021.93068686071,0,0,1,0,0
3661,765.0649492805826,0,0,0,3,0
3662,529.4945658240391,1,0,1,2,0
3663,1592.9589804616828,0,0,0,1,0
3664,1498.7372668612056,0,0,0,0,0
3665,3614.595254087085,0,0,0,3,0
3666,311.72825916689555,1,0,1,1,0
3667,2278.745275203904,0,0,0,1,0
3668,1979.1486594524247,1,0,0,3,0
3669,951.3228246692053,0,0,0,2,0
3670,1538.6909753330203,0,0,0,1,0
3671,3070.0756488545676,0,0,0,1,0
3672,2623.633269056366,0,0,0,1,0
3673,349.6667954132871,0,0,0,1,0
3674,2490.299309256581,0,1,0,0,0
3675,1027.9392973153335,0,1,0,1,0
3676,1179.5332613873727,0,0,0,2,0
3677,1179.9141859000565,0,0,0,1,0
3678,943.6515820471518,0,0,0,3,0
3679,3610.8825571305847,0,0,0,2,0
3680,1008.5632175412564,0,1,0,3,0
3681,357.97167802773305,0,1,0,1,0
3682,739.8667807886188,0,0,0,1,0
3683,1311.195659123364,0,0,0,2,0
3684,3748.888909632658,0,0,0,1,0
3685,2004.3892601794985,0,0,0,0,0
3686,468.4665594641575,1,0,0,2,0
3687,13163.32610753812,0,1,0,2,0
3688,1429.064496581205,1,0,0,1,0
3689,3926.0563901813694,0,0,0,2,0
3690,942.2640719261909,0,0,0,3,0
3691,1869.3746547661694,0,0,0,5,0
3692,2538.8550851597565,0,0,0,1,0
3693,3707.8026842841537,0,0,0,3,0
3694,3156.9710088345905,0,0,0,3,0
3695,2623.3227018496286,0,0,0,0,0
3696,800.2412692848503,0,0,0,1,0
3697,619.0920430799929,0,0,0,1,0
3698,1529.3644108387894,0,0,0,4,0
3699,2788.134664936468,0,0,0,2,0
3700,877.6775747226325,0,0,0,1,0
3701,3181.7033140227804,0,0,0,1,0
3702,4687.322230906163,0,0,0,2,0
3703,438.640021857777,0,0,0,2,0
3704,474.88814695196373,0,0,0,1,0
3705,953.0095657287675,0,0,1,2,0
3706,1491.6119625077345,0,0,0,5,0
3707,649.0001749242532,0,0,0,1,0
3708,4239.508742379838,0,0,0,3,0
3709,1675.8350569954237,0,0,0,1,0
3710,1140.7566488045802,0,0,0,1,0
3711,260.887812077363,0,1,0,3,0
3712,294.177752085452,1,0,0,1,0
3713,1452.453174414508,0,0,0,1,0
3714,129.98309114039293,0,0,0,1,0
3715,3018.8686157894504,0,0,0,2,0
3716,936.2159405900206,0,0,0,1,0
3717,28087.86663137137,0,0,0,2,0
3718,11024.950942178366,0,0,0,3,0
3719,914.6586456009361,0,0,0,1,0
3720,986.0065498876803,0,0,0,1,0
3721,2967.8157217544076,0,1,0,3,0
3722,6021.987359090702,0,0,0,1,0
3723,213.14462854972402,0,1,0,2,0
3724,183.75889308169297,0,0,0,3,0
3725,588.7285399325725,0,0,1,2,0
3726,1963.998221126372,0,0,0,6,0
3727,1802.3985605851226,0,0,0,1,0
3728,3196.3712308786658,0,0,0,2,0
3729,330.399481268399,0,0,0,1,0
3730,108.18645102933017,1,0,0,2,0
3731,2586.3792284228894,0,0,0,2,0
3732,479.04940163716657,1,0,0,4,0
3733,145.69452504803502,0,0,0,2,0
3734,1267.8321418116202,0,0,0,0,0
3735,2424.0032506576204,0,0,0,4,0
3736,970.627595431203,0,0,0,3,0
3737,693.7777150036626,0,0,0,3,0
3738,935.0853119504657,0,1,1,4,0
3739,757.0408671135369,0,0,0,1,0
3740,284.84719769749154,0,0,0,3,0
3741,536.6356233830988,0,0,0,2,0
3742,1846.929676471319,0,0,0,1,0
3743,1512.741038305044,0,0,0,2,0
3744,1297.3250970170116,0,0,0,3,0
3745,405.3907910903779,0,1,0,1,0
3746,914.6091704112641,0,0,0,3,0
3747,124.3294570013863,0,0,0,4,0
3748,1310.9097802440278,0,0,0,0,0
3749,4577.26852746777,1,0,0,2,0
3750,251.10416874516665,0,0,1,2,0
3751,610.3742701753055,0,0,0,1,0
3752,1524.0198768440532,0,0,0,3,0
3753,3838.521841739501,0,0,1,1,0
3754,700.4867031811148,0,0,0,1,0
3755,548.8085582308786,0,0,0,0,0
3756,153.09778847426762,0,0,0,1,0
3757,1216.1411453978922,0,0,1,1,0
3758,8451.304102868688,0,0,0,2,0
3759,1447.1602428992405,0,0,0,2,0
3760,1072.471439720419,0,1,0,2,0
3761,1513.3519601595146,0,0,0,2,0
3762,1084.5365111578415,0,0,0,1,0
3763,486.37777061153844,0,0,1,1,0
3764,2498.085495493505,0,0,0,4,0
3765,1374.384843037872,0,0,0,5,0
3766,1116.1195400373113,0,0,0,3,0
3767,413.4902656042674,0,0,0,3,0
3768,4038.012651324076,0,0,0,0,0
3769,2131.7590124418707,0,0,0,1,0
3770,630.8569685709455,0,0,0,3,0
3771,2986.4027656512594,0,0,0,1,0
3772,666.7593336003205,0,0,0,1,0
3773,501.6970781070844,0,1,0,1,0
3774,513.0107922735281,0,0,0,1,0
3775,186.5933120957039,0,0,0,2,0
3776,1757.3150446917466,0,0,0,4,0
3777,175.71355164312126,0,1,0,2,0
3778,321.036931763333,1,1,0,1,0
3779,137.6084028586574,0,0,0,1,0
3780,1006.194133017735,0,0,0,3,0
3781,943.5784788002588,0,0,0,2,0
3782,791.0046028787642,0,1,0,2,0
3783,386.6122703201576,0,0,0,4,0
3784,339.59925020687444,0,0,0,2,0
3785,1744.755767541172,0,1,0,2,0
3786,632.3531807067003,0,0,0,2,0
3787,1504.71429437379,0,0,0,1,0
3788,452.4835070085287,1,0,0,1,0
3789,1314.3042836827858,0,0,0,1,0
3790,4037.084440644724,0,0,0,3,0
3791,1970.7427879604847,0,0,0,1,0
3792,726.0262576868608,0,0,0,3,0
3793,1418.2783286200936,0,0,0,0,0
3794,862.0685789707098,0,0,0,1,0
3795,1105.3089688581908,0,1,0,2,0
3796,791.8634361565034,0,0,0,1,0
3797,930.4467006556188,0,0,0,3,0
3798,1355.7273149036287,0,0,0,3,0
3799,406.117002027145,0,0,0,0,0
3800,397.0734090383386,0,1,0,1,0
3801,273.54262126852547,0,0,0,2,0
3802,221.34640006329448,0,0,0,2,0
3803,324.6401401477728,0,0,0,2,0
3804,1286.2194128960496,0,0,0,2,0
3805,449.0851370184685,0,0,0,4,0
3806,1832.826269878935,0,1,0,3,0
3807,1135.369864631222,0,0,0,4,0
3808,153.1619390106527,0,0,0,4,0
3809,2111.1235739009317,0,0,0,2,0
3810,2467.099987223006,0,1,0,0,0
3811,405.9123806747203,0,0,1,0,0
3812,1669.3532298739383,0,0,0,3,0
3813,465.68142480943044,0,1,1,1,0
3814,1209.1469340234344,0,0,0,3,0
3815,309.66825925524694,0,0,0,2,0
3816,182.52616771167078,0,0,0,1,0
3817,747.8353327724484,0,0,0,3,0
3818,969.0062421576367,0,0,0,3,0
3819,736.8028156455393,1,1,0,4,0
3820,335.6166015976948,0,0,0,1,0
3821,735.1693919286539,1,0,0,3,0
3822,1435.5376867043508,0,0,0,2,0
3823,1048.4906888743028,0,0,0,2,0
3824,1316.195991620607,0,0,0,2,0
3825,561.0919520819352,0,0,0,4,0
3826,3539.4191640591207,0,0,0,2,0
3827,338.2640026202063,0,0,0,2,0
3828,1785.6902195401003,0,0,0,4,0
3829,3575.610082298957,0,0,0,5,0
3830,1773.8508658749527,0,0,0,1,0
3831,895.5837792282804,0,0,0,1,0
3832,646.5838921309818,0,1,1,1,0
3833,3090.4983989573934,0,0,0,5,0
3834,264.2842093734773,0,0,0,2,0
3835,415.66337568393203,0,0,0,3,0
3836,736.8926581068356,0,0,0,1,0
3837,3780.659549969623,0,0,0,3,0
3838,1603.2171946532487,0,0,0,3,0
3839,416.5282312779558,0,0,0,8,0
3840,804.0747959295569,0,0,0,4,0
3841,593.2861659710699,0,0,0,3,0
3842,539.2671066279457,0,0,1,3,0
3843,2918.688231554726,0,0,0,3,0
3844,278.17679665265234,0,0,0,3,0
3845,5479.564224669444,0,0,0,3,0
3846,2510.4811078301946,0,0,0,5,0
3847,3264.4992817350253,0,0,1,0,0
3848,690.2545813179844,0,0,0,2,0
3849,943.9368624594762,0,0,1,1,0
3850,261.6082577677423,1,1,0,2,0
3851,648.9382676088461,0,1,0,4,0
3852,1796.606429769902,0,0,0,2,0
3853,4008.0617998953608,0,0,0,2,0
3854,362.4342879339582,0,0,0,2,0
3855,760.894004003989,0,0,1,3,0
3856,942.6553937784978,0,0,0,2,0
3857,271.5675191589581,0,0,0,3,0
3858,1980.9845384738994,0,0,0,3,0
3859,531.6629140205624,0,1,0,1,0
3860,901.9956061525395,0,1,0,0,0
3861,697.8824145827336,0,0,0,0,0
3862,498.03058673259216,1,0,0,1,0
3863,1088.934543904933,0,0,0,2,0
3864,883.9410911370919,0,0,0,1,0
3865,756.0761644419991,0,0,0,2,0
3866,529.2910016883983,0,0,0,1,0
3867,1509.4862962718398,0,0,0,0,0
3868,5730.839270287206,0,0,0,2,0
3869,1261.286149420353,0,0,0,1,0
3870,2969.408978663283,0,1,0,2,0
3871,273.0836271536051,0,0,0,1,0
3872,1284.0333267088158,0,0,0,1,0
3873,365.99939523218916,0,0,0,1,0
3874,250.40386451365654,0,0,0,4,0
3875,523.547935022085,0,1,0,3,0
3876,3611.575325561757,0,0,0,0,0
3877,2835.61983420888,0,0,0,1,0
3878,1398.2891352618287,0,0,0,3,0
3879,236.81978241160286,1,1,0,2,0
3880,901.1929166444784,0,0,0,2,0
3881,1482.8185909071276,0,0,0,4,0
3882,1307.0607977663917,0,0,0,0,0
3883,173.5049998445012,0,0,0,3,0
3884,450.19559864458984,0,0,0,1,0
3885,1028.5673964789942,0,0,0,2,0
3886,1874.8630758360428,1,0,0,7,0
3887,121.98183972010543,1,0,0,2,0
3888,932.5064090965496,0,0,1,3,0
3889,1265.2800624248105,0,0,1,3,0
3890,2564.73897556993,0,0,0,1,0
3891,2192.6312469586665,0,0,0,4,0
3892,1963.6717053538791,0,0,0,2,0
3893,492.77835723087793,0,0,0,1,0
3894,162.7146190323719,0,0,0,4,0
3895,740.2198546409186,0,0,0,4,0
3896,2985.826360517611,0,0,0,1,0
3897,4418.053650504775,0,0,0,2,0
3898,2231.767390395613,0,0,0,1,0
3899,1684.6966936271567,0,0,0,0,0
3900,1603.012015774623,0,0,0,1,0
3901,628.842767478048,1,0,1,1,0
3902,962.8905079713019,0,0,0,2,0
3903,5820.081393856078,0,0,0,3,0
3904,427.28105033099234,0,1,0,3,0
3905,5512.529056214633,0,0,0,0,0
3906,794.7056905188422,0,0,1,1,0
3907,4127.520362249262,0,1,0,1,0
3908,268.5897145395537,1,0,0,3,0
3909,1970.227310595482,0,1,0,2,0
3910,524.911598210471,0,0,0,0,0
3911,266.32911224383025,0,0,0,0,0
3912,1364.487313296232,0,0,1,2,0
3913,3009.327132086727,0,0,0,2,0
3914,471.0944296054426,0,0,0,1,0
3915,244.93283731168523,0,0,1,2,0
3916,1000.4000366762459,0,0,0,1,0
3917,1004.8209759302686,0,0,0,0,0
3918,1897.551457642962,0,0,0,1,0
3919,2834.4255602050566,0,0,1,1,0
3920,1033.3743749681419,0,0,0,1,0
3921,7012.877036940813,0,1,1,3,0
3922,1372.2880627706122,0,0,0,5,0
3923,775.5508057366397,0,1,0,0,0
3924,218.8600842407348,0,0,0,0,0
3925,843.3149375922541,0,0,0,2,0
3926,783.3762111331738,0,0,0,2,0
3927,2864.946044343056,0,0,1,3,0
3928,1741.4678422120894,0,0,0,1,0
3929,337.18470908192796,0,0,0,4,0
3930,1302.7782603694563,0,0,0,2,0
3931,2146.3653844656296,0,1,0,0,0
3932,5054.485568380458,0,0,0,4,0
3933,2663.7867173863397,0,1,1,3,0
3934,2346.8907695485827,0,0,0,3,0
3935,1164.5453060924167,0,1,0,0,0
3936,1616.9743640367544,1,0,0,4,0
3937,3825.7312356413677,0,0,0,5,0
3938,289.2301108260018,0,0,0,2,0
3939,773.2177261602542,0,0,0,1,0
3940,506.45286100032325,1,0,0,3,0
3941,1602.2322925784788,0,0,0,3,0
3942,3752.667410801497,0,0,1,4,0
3943,603.6688061035312,0,0,0,2,0
3944,100.4535701839772,0,0,0,2,0
3945,726.1664474269204,0,0,0,2,0
3946,2733.870725137843,0,0,0,0,0
3947,1877.3751866563937,0,0,0,3,0
3948,1682.752707411893,0,0,0,5,0
3949,828.8230630237879,0,0,1,2,0
3950,305.20059952628594,0,0,0,4,0
3951,1835.9077441331697,0,0,0,1,0
3952,476.1429812794816,1,0,0,1,0
3953,9740.977328915536,0,0,0,2,0
3954,1940.124079184236,0,0,0,4,0
3955,613.6051833422393,0,0,0,1,0
3956,595.0317423507897,0,0,0,4,0
3957,999.3007589872929,0,0,0,3,0
3958,863.0719658906963,0,0,0,0,0
3959,3350.3958282645576,0,0,0,2,0
3960,1321.3591827803348,0,0,0,1,0
3961,527.61574394991,0,0,0,4,0
3962,7262.218830461077,0,0,0,1,0
3963,1152.0616224326584,0,0,0,2,0
3964,2365.7246879838594,0,0,0,2,0
3965,596.9142645169436,0,0,0,3,0
3966,1576.7414575081937,0,0,0,5,0
3967,1496.8377440590648,0,1,0,3,0
3968,165.7284669662065,0,1,0,1,0
3969,8227.809603714082,0,0,0,3,0
3970,3986.402447472366,0,0,0,1,0
3971,737.1597927771113,0,0,0,1,0
3972,364.2098671313428,0,0,0,3,0
3973,1552.4065423067675,0,0,0,1,0
3974,1195.9518797930352,0,0,1,3,0
3975,1565.0435789534852,0,1,0,0,0
3976,1328.1966464154198,0,1,0,1,0
3977,1819.3616727740484,0,0,0,3,0
3978,4662.493637742109,1,0,0,0,0
3979,1935.4656163626428,1,0,0,5,0
3980,383.88556527946247,0,0,0,1,0
3981,4283.659097748864,0,0,0,4,0
3982,5656.805222350312,0,0,0,0,0
3983,25643.79047411618,0,0,0,1,0
3984,356.561225898924,0,0,0,1,0
3985,1398.1175632613138,0,0,0,0,0
3986,136.71538687209127,1,1,1,5,0
3987,1906.737902348125,0,0,0,3,0
3988,633.8419935416435,0,0,0,3,0
3989,7505.908540922895,0,0,0,3,0
3990,505.41760592945957,0,0,0,1,0
3991,202.51560838744865,0,1,0,1,0
3992,684.5325929484083,0,0,0,4,0
3993,152.096049940922,0,1,0,2,0
3994,2324.1262815393407,0,0,0,1,0
3995,139.0615935077946,0,0,0,2,0
3996,1128.2889732217134,0,0,0,1,0
3997,137.30272781698142,0,0,0,2,0
3998,796.0819998800199,0,0,0,2,0
3999,5672.459947472825,0,1,0,1,0
4000,1572.8552723762477,0,0,1,2,0
4001,462.43517965597397,0,0,0,1,0
4002,1062.9427406224809,0,0,0,2,0
4003,1116.5701192550157,0,0,0,5,0
4004,1759.2279831182993,0,0,0,1,0
4005,279.53894939628526,1,1,0,1,0
4006,1983.3989113027283,0,0,1,3,0
4007,73.37684102011352,0,1,0,4,0
4008,584.1252608793952,0,0,0,2,0
4009,672.987097302895,0,0,0,1,0
4010,2065.91152831951,0,0,0,3,0
4011,1121.733855689132,0,0,0,0,0
4012,268.9261875285334,0,0,0,3,0
4013,409.5286540818622,1,0,0,4,0
4014,1337.6638949554485,0,0,0,1,0
4015,1013.2645834342804,0,0,0,3,0
4016,614.5411491322776,0,0,0,4,0
4017,678.0128296086741,0,0,0,3,0
4018,2199.9017893805253,0,0,0,2,0
4019,653.4770586751541,0,1,0,2,0
4020,1004.1621146289444,0,0,0,0,0
4021,9604.015661633954,0,0,0,2,0
4022,264.09723853544807,0,0,0,2,0
4023,172.1140379447668,0,0,0,2,0
4024,2400.877716768281,0,0,0,3,0
4025,556.3273826636964,0,0,0,2,0
4026,797.7238398921841,0,0,0,5,0
4027,502.12225297676156,0,0,0,5,0
4028,845.729745859268,0,0,0,1,0
4029,5423.724915126287,0,0,0,3,0
4030,2445.8022302351746,0,0,0,1,0
4031,2597.2890627683996,0,0,0,2,0
4032,266.0735952022751,0,0,0,3,0
4033,346.8339944959482,0,0,0,1,0
4034,64.13058149203559,0,0,0,2,0
4035,488.1482637734106,0,0,0,0,0
4036,2854.6461854893664,0,0,0,2,0
4037,1838.9435272810185,0,0,0,2,0
4038,878.7379558673766,0,0,0,1,0
4039,1072.4485914591903,1,0,0,1,0
4040,550.6582921981667,1,0,0,3,0
4041,1345.820148994127,0,0,0,1,0
4042,2358.7292025161273,0,0,0,3,0
4043,217.9167725477165,0,0,0,2,0
4044,1479.778491775167,0,1,0,2,0
4045,2786.20259585511,0,0,0,1,0
4046,724.0784269507359,0,0,0,2,0
4047,2209.8957293753037,1,0,0,0,0
4048,18299.965333300464,1,0,0,1,0
4049,987.9748154750446,0,0,0,0,0
4050,1625.0714288372385,0,0,1,0,0
4051,524.2364989311366,0,0,0,1,0
4052,1314.5519480054597,0,0,0,2,0
4053,1737.619974248498,0,1,0,0,0
4054,1332.5402210936775,0,1,0,3,0
4055,395.5608693980678,0,0,0,2,0
4056,1347.9790790044606,0,0,0,3,0
4057,4732.438741185134,0,0,0,0,0
4058,1717.5184467670176,0,0,0,2,0
4059,2869.770065724415,0,0,0,1,0
4060,865.2236513512714,0,0,0,3,0
4061,2321.3408247610378,0,0,0,1,0
4062,1449.9260559482498,0,1,0,2,0
4063,423.72695354990856,0,0,1,3,0
4064,1507.9720362555852,0,0,0,4,0
4065,406.7925443946556,0,0,0,1,0
4066,582.3780021381945,0,0,0,0,0
4067,1325.2127708371981,0,0,0,2,0
4068,1476.2262412296386,0,0,0,2,0
4069,333.87528829876493,0,1,0,1,0
4070,3146.310486398721,0,0,0,0,0
4071,1943.0346419062648,0,0,1,5,0
4072,542.0030151269993,0,0,0,3,0
4073,235.6659187378233,0,0,0,0,0
4074,948.7026511645795,0,0,0,5,0
4075,702.0862685436681,0,0,0,3,0
4076,1227.997971770483,0,0,0,1,0
4077,762.7141632220461,0,0,0,1,0
4078,147.31057884519703,0,0,0,2,0
4079,743.7114039754903,0,0,0,4,0
4080,807.8536282312151,0,1,0,1,0
4081,2066.6020686548304,0,0,0,0,0
4082,545.5531998171665,0,0,1,0,0
4083,5876.253473065894,0,0,0,3,0
4084,162.1236716685655,0,0,0,1,0
4085,4069.060831194711,0,0,0,4,0
4086,876.2759292985572,0,0,0,1,0
4087,2590.444786901218,0,0,0,3,0
4088,1187.732711226973,0,0,0,2,0
4089,3427.3941761624815,0,0,0,1,0
4090,744.4443010676971,0,0,0,0,0
4091,365.5414118994749,0,0,0,1,0
4092,4539.191934831394,0,0,0,0,0
4093,978.9879697179305,0,0,0,3,0
4094,1368.6203582212313,1,0,0,1,0
4095,3769.7045702583564,0,0,0,1,0
4096,390.7409302522659,0,0,0,1,0
4097,1989.2061084421002,0,0,0,0,0
4098,607.95766130935,0,0,0,2,0
4099,960.8618521359326,0,0,0,2,0
4100,1178.8314914976972,0,0,0,2,0
4101,244.6376505798039,0,0,1,0,0
4102,503.2881944302963,0,0,0,4,0
4103,4234.72170750383,0,0,0,4,0
4104,2660.2920489433436,0,0,0,2,0
4105,1030.0477327985514,0,1,0,2,0
4106,1398.4551730188728,0,0,0,3,0
4107,817.0967381211515,0,0,0,2,0
4108,4258.121526649063,0,0,0,1,0
4109,897.5307864324659,0,0,0,0,0
4110,1382.7673443016251,0,0,0,4,0
4111,3449.657204733835,0,0,0,1,0
4112,504.0263332176044,0,0,0,2,0
4113,5212.366136325947,0,0,0,2,0
4114,237.35065158818833,0,0,0,2,0
4115,5595.075591012729,0,0,0,2,0
4116,755.458172398184,0,0,0,2,0
4117,860.3172806302955,0,0,0,3,0
4118,165.6686698188116,0,0,0,2,0
4119,695.899520366054,0,0,0,1,0
4120,387.68512202512744,0,0,0,4,0
4121,597.260672009554,0,0,0,4,0
4122,955.9341540964125,1,0,0,1,0
4123,2857.7549541054395,0,0,0,1,0
4124,1349.653742369911,0,0,0,3,0
4125,1491.707406668729,1,0,0,5,0
4126,366.6767285179512,0,0,0,3,0
4127,454.5218150599123,0,0,0,2,0
4128,6625.790856867257,0,0,0,2,0
4129,525.7358841458129,0,0,0,4,0
4130,5745.7070333976535,0,0,0,1,0
4131,860.0055142272372,0,1,0,1,0
4132,1099.1450575043914,0,0,0,2,0
4133,3198.2694966962813,0,0,0,4,0
4134,3912.3458000293467,0,0,0,0,0
4135,981.603481078018,0,1,0,2,0
4136,743.7886682840161,0,0,0,2,0
4137,1036.992059978842,0,0,0,3,0
4138,1537.5684641721405,1,1,0,3,0
4139,2673.9276136816184,0,0,0,2,0
4140,1101.2815862232903,1,0,0,0,0
4141,2036.2930429250937,0,0,0,3,0
4142,5644.064450887233,0,0,0,4,0
4143,1605.6912244064556,0,0,0,4,0
4144,1497.650545274455,0,0,0,4,0
4145,240.10808470713437,0,0,0,0,0
4146,78.98594009690254,0,0,1,2,0
4147,1617.0774070817113,0,0,0,1,0
4148,997.4238138148111,0,0,0,3,0
4149,655.3813795774996,0,0,0,5,0
4150,1399.0241043073406,0,0,0,0,0
4151,1032.353339628956,0,0,0,1,0
4152,3387.2723183499766,0,0,0,2,0
4153,1195.250263854772,0,0,0,3,0
4154,519.6090567762387,0,0,0,1,0
4155,2951.787620801399,0,1,0,3,0
4156,882.5972005899561,0,0,0,2,0
4157,1856.6641405231574,0,0,0,3,0
4158,680.3377008597569,0,0,0,2,0
4159,572.5918243831197,0,0,1,2,0
4160,1192.9305790686096,0,0,0,5,0
4161,1110.7921001418351,0,1,0,1,0
4162,1771.9342674648099,0,0,0,2,0
4163,838.2817378723557,0,1,0,1,0
4164,174.7996072262689,0,1,0,3,0
4165,711.3937801838988,0,0,0,1,0
4166,2425.5618497252644,0,0,0,3,0
4167,814.5403128137868,0,0,1,4,0
4168,857.1531414879032,0,0,0,5,0
4169,2940.622303836841,0,0,1,3,0
4170,538.090505979568,0,0,0,2,0
4171,234.4393178154941,0,0,1,1,0
4172,933.8995464598252,0,0,0,1,0
4173,675.7519350768933,0,0,1,2,0
4174,417.2784230803749,0,0,0,2,0
4175,920.2280723990133,0,1,0,3,0
4176,1792.749308866502,0,0,0,1,0
4177,1086.4941750019525,0,0,0,1,0
4178,1490.6701645490414,0,0,0,2,0
4179,6723.792930796498,0,0,0,0,0
4180,778.3070704806379,0,1,0,1,0
4181,1448.5938910978377,0,0,1,2,0
4182,659.0415861221067,0,0,0,2,0
4183,470.42675877291765,0,0,1,4,0
4184,610.9971817143976,0,0,1,1,0
4185,679.4213149819449,0,0,0,4,0
4186,1571.012818299248,1,0,0,1,0
4187,11488.200989059878,0,0,0,2,0
4188,535.9048162746384,1,0,0,3,0
4189,722.9750368501972,0,0,0,4,0
4190,1029.5498912121893,0,0,0,0,0
4191,1629.1258289949064,0,0,0,4,0
4192,1427.3156794320187,0,0,0,3,0
4193,3960.3821176452907,0,0,0,5,0
4194,96.89306323234874,0,0,0,2,0
4195,100.79312307063438,0,0,0,3,0
4196,667.8888904162892,0,0,0,2,0
4197,3285.585625207355,0,0,0,2,0
4198,229.14430739791868,0,0,0,1,0
4199,54.18302460974033,0,0,0,2,0
4200,1941.4286648682346,0,0,0,0,0
4201,1399.2018189588352,0,0,0,1,0
4202,368.62932254610155,0,0,0,2,0
4203,409.30491808859296,0,0,1,0,0
4204,415.82158263475725,0,0,1,3,0
4205,1224.8030290939405,0,0,0,0,0
4206,586.2138904902364,0,0,0,2,0
4207,1797.3415202978504,0,0,0,4,0
4208,63.14119045062065,0,0,0,2,0
4209,465.5167760634766,0,0,0,0,0
4210,355.6496222676879,0,0,0,0,0
4211,848.6605827484287,0,0,0,2,0
4212,640.3098766941363,0,0,1,2,0
4213,2435.345172025571,0,0,0,1,0
4214,170.82902941177943,0,0,0,0,0
4215,1147.6727512216435,0,0,0,5,0
4216,1916.6543580423256,0,0,0,3,0
4217,7020.905213943212,0,0,1,0,0
4218,677.381093029243,0,0,0,2,0
4219,1516.9524048776975,1,0,0,2,0
4220,180.57337546445095,0,0,0,0,0
4221,100.28777424729473,0,0,0,2,0
4222,2552.3617239542345,0,0,0,4,0
4223,1090.5524768971259,0,0,1,6,0
4224,3563.5506122385455,0,1,0,2,0
4225,277.7154729634963,0,0,0,1,0
4226,1844.386792660762,0,0,0,3,0
4227,7106.8745463316955,0,0,0,3,0
4228,1668.5422305461275,0,0,0,2,0
4229,1446.0362992090065,0,0,0,0,0
4230,1106.0562954414002,0,0,0,3,0
4231,227.94823025199656,1,0,0,1,0
4232,4253.8210803107195,0,0,0,0,0
4233,595.3457684445037,0,0,0,1,0
4234,1816.1665297897916,0,0,0,2,0
4235,229.7440109993906,0,0,0,3,0
4236,337.15418079098725,0,0,0,4,0
4237,4605.87250234908,0,0,1,2,0
4238,774.8718888986754,1,0,0,1,0
4239,4690.410930485907,0,0,0,5,0
4240,1014.1127192500579,0,0,0,1,0
4241,173.83424444305612,0,0,0,3,0
4242,2675.971041778803,0,1,0,2,0
4243,607.9591439419344,1,0,0,2,0
4244,2205.454333328144,0,0,1,4,0
4245,1124.6316823198254,1,0,0,1,0
4246,234.3654787869433,0,0,0,1,0
4247,1292.4497989669057,0,0,0,2,0
4248,9859.819509975308,0,0,0,1,0
4249,1795.4059987859073,0,0,0,1,0
4250,1035.3369900895138,0,0,0,4,0
4251,3214.2309523869594,1,0,0,0,0
4252,1353.7969311129818,0,0,1,4,0
4253,1352.2622778248367,0,0,0,1,0
4254,368.1074310775319,0,0,0,1,0
4255,1385.5438676840902,0,0,0,1,0
4256,3088.5080340667887,0,0,0,1,0
4257,475.2960380488022,0,0,0,2,0
4258,4557.346481804166,1,0,0,3,0
4259,1000.5388419959551,0,0,1,3,0
4260,451.34431154419786,0,0,0,1,0
4261,2973.907658436644,0,0,0,4,0
4262,823.2054164613439,0,0,0,4,0
4263,2343.7673385814464,0,0,0,2,0
4264,819.1288256354273,0,0,0,3,0
4265,1032.9497843535905,0,0,0,2,0
4266,1796.4364010388385,0,0,0,5,0
4267,1466.8859883793648,0,0,1,1,0
4268,149.07778542368723,0,0,0,1,0
4269,357.36449663976344,0,0,0,3,0
4270,2777.787384118548,0,0,0,2,0
4271,960.8933369649566,0,0,0,1,0
4272,649.5427782047863,0,0,0,0,0
4273,281.8643663212054,0,0,0,2,0
4274,372.5099238691301,0,0,1,2,0
4275,145.21296078881244,0,0,0,5,0
4276,991.0047042569282,0,0,0,4,0
4277,602.7861072275305,0,0,0,3,0
4278,417.13591711464545,0,0,0,3,0
4279,1024.4145675906186,0,0,0,5,0
4280,1578.090152842404,1,0,0,1,0
4281,8894.584898804556,0,0,0,3,0
4282,241.80136430137242,0,0,0,1,0
4283,3496.0220476812574,1,0,0,4,0
4284,2901.8436664219385,0,0,1,5,0
4285,503.1595218234434,0,0,0,2,0
4286,1343.7721219487337,1,0,0,2,0
4287,693.9269882088198,1,0,0,3,0
4288,1320.3981256139114,0,0,0,2,0
4289,4959.85117091338,0,0,0,3,0
4290,2009.4297063916508,0,0,0,1,0
4291,1823.6739026944217,0,0,0,1,0
4292,713.1492177290257,0,0,0,1,0
4293,248.6244027789849,0,1,0,3,0
4294,890.2762336518583,0,0,0,0,0
4295,3665.0899421943022,0,0,0,4,0
4296,238.13366731941883,0,0,0,2,0
4297,381.80523853492457,0,0,0,2,0
4298,1244.2245161488815,0,0,0,3,0
4299,409.66723784678624,0,1,0,0,0
4300,496.44691179530906,0,1,0,3,0
4301,717.9510694098918,0,0,0,2,0
4302,279.8860611279209,0,0,0,1,0
4303,414.00504253345224,0,0,0,3,0
4304,2215.9310146008183,0,0,0,3,0
4305,296.67290969993957,0,0,0,3,0
4306,221.8780408788357,1,0,0,2,0
4307,584.0432395811795,0,0,1,3,0
4308,2280.056500379951,0,0,1,1,0
4309,900.6152960424513,0,0,0,1,0
4310,689.1224123229345,0,1,0,3,0
4311,1146.373542541593,0,0,0,0,0
4312,191.38604517519647,0,0,1,1,0
4313,1798.4953070709998,0,0,0,1,0
4314,1609.1076206167502,0,0,1,2,0
4315,728.284323278466,1,0,0,3,0
4316,2998.671126842765,0,0,0,3,0
4317,355.1370960733857,0,0,0,4,0
4318,3387.708432734431,0,0,0,2,0
4319,1279.844244589666,0,0,1,3,0
4320,783.246459944771,0,0,0,2,0
4321,1075.0542072418334,0,0,0,6,0
4322,985.0921934359786,1,0,0,5,0
4323,3715.5533505794556,0,0,0,0,0
4324,373.6505014956881,0,0,0,1,0
4325,511.5681237847774,0,0,0,0,0
4326,3091.16367259885,0,0,0,0,0
4327,604.5383233479389,0,0,0,2,0
4328,2698.7205716480225,0,0,0,1,0
4329,5999.527427402491,0,0,0,1,0
4330,733.7768571474176,0,0,0,0,0
4331,2167.5707004959645,0,0,1,4,0
4332,345.9546574577164,0,0,0,3,0
4333,2332.5871562985717,0,0,0,1,0
4334,1338.6594556680152,0,0,0,2,0
4335,1759.945782500424,0,1,0,2,0
4336,575.0332860845806,0,0,0,3,0
4337,208.28692670362665,0,0,0,1,0
4338,1813.9318566909449,0,0,0,0,0
4339,139.29539854215668,0,1,0,1,0
4340,798.4317631875617,0,0,0,1,0
4341,2810.6803948588877,1,1,0,0,0
4342,1328.6221886581043,0,0,0,3,0
4343,7695.127726647066,1,0,0,4,0
4344,3056.754932245788,0,0,0,2,0
4345,570.26525468232,0,0,0,1,0
4346,1126.9987217704684,0,0,0,1,0
4347,1045.896088022674,0,1,0,4,0
4348,225.38797186080697,1,0,0,1,0
4349,428.2045849161256,0,0,0,2,0
4350,625.930343797622,0,1,0,1,0
4351,143.13374847320244,0,0,0,3,0
4352,1149.9726842529176,0,0,0,2,0
4353,854.8518297210526,0,0,0,1,0
4354,205.84142662330643,0,0,0,2,0
4355,1642.8911503212603,0,0,0,0,0
4356,2243.680203530098,0,0,0,4,0
4357,1376.1354881413183,0,0,0,1,0
4358,793.0861269795982,0,1,0,1,0
4359,1981.1686002848605,0,0,0,3,0
4360,2165.0968210517235,0,0,0,1,0
4361,1491.3001013352575,0,1,1,2,0
4362,480.7694059117283,0,0,0,3,0
4363,1446.0641500208394,0,0,0,3,0
4364,3624.532707942017,0,0,0,1,0
4365,603.8772455216348,0,0,0,1,0
4366,8936.857882731028,0,0,0,0,0
4367,648.3100576963818,0,0,0,0,0
4368,1132.7538851045572,0,0,0,2,0
4369,559.7635172943699,0,0,0,3,0
4370,1370.9659397898356,0,0,0,2,0
4371,192.0543312704488,1,0,0,2,0
4372,635.2116187084843,0,1,1,2,0
4373,367.92488469278544,0,0,0,5,0
4374,1255.5617335671202,0,0,1,4,0
4375,2964.451715688843,0,0,0,2,0
4376,2092.272734933751,0,0,0,0,0
4377,102.3440973421239,0,0,0,2,0
4378,8451.250122737443,0,0,0,2,0
4379,1473.329287885612,0,0,0,2,0
4380,504.46620957703664,0,0,0,3,0
4381,1283.2201231445204,0,0,0,3,0
4382,1307.9153626935465,0,1,0,1,0
4383,562.9277463504237,0,0,0,2,0
4384,1336.6431892713076,0,0,0,2,0
4385,597.3646389080378,0,0,1,1,0
4386,731.8956925636518,0,0,0,3,0
4387,552.0954037617415,0,0,0,0,0
4388,261.7339972276199,0,0,0,0,0
4389,1268.812205070697,0,0,0,0,0
4390,1969.0361469920208,1,0,0,0,0
4391,1835.1538447521752,0,0,1,2,0
4392,2489.719301132284,0,0,0,0,0
4393,1516.7728169337843,0,0,0,5,0
4394,643.7268574780574,0,0,0,2,0
4395,2539.3511241192505,0,0,0,1,0
4396,282.1623064502392,0,0,0,0,0
4397,445.5585294363388,0,0,0,2,0
4398,418.13315255289103,0,0,0,0,0
4399,3229.414269754789,0,0,0,4,0
4400,2815.199797679185,1,0,0,3,0
4401,1785.2348193978557,0,0,0,3,0
4402,3203.277762118231,0,0,0,1,0
4403,455.1910484780025,0,0,0,1,0
4404,1554.0117932472333,0,0,0,2,0
4405,967.6065728139448,0,0,0,1,0
4406,2557.7470819308446,0,0,0,2,0
4407,977.2825065872397,0,0,0,1,0
4408,746.2473484912291,0,0,0,1,0
4409,1883.5404795413017,0,0,0,0,0
4410,2633.763700994962,0,0,0,2,0
4411,562.085967430261,0,0,0,3,0
4412,1031.6598909055276,0,0,0,0,0
4413,380.527849455164,0,1,0,2,0
4414,90.19184226946787,0,0,0,1,0
4415,1340.0465503566936,0,0,0,3,0
4416,2016.0700109753902,0,0,0,3,0
4417,1425.1991097562875,0,0,0,0,0
4418,156.09086134996988,0,0,0,1,0
4419,772.1281780015897,0,0,0,3,0
4420,119.30130167091542,0,0,0,2,0
4421,4314.3463448639495,0,0,0,2,0
4422,370.16372874527843,1,1,0,0,0
4423,3848.3647987414693,0,0,0,1,0
4424,2823.8871695346234,0,0,0,1,0
4425,445.59463449624843,1,0,0,3,0
4426,353.2637866159858,0,0,0,1,0
4427,1556.7727639515658,0,0,0,0,0
4428,471.3853737761531,1,0,0,2,0
4429,1214.9821230875416,0,0,0,3,0
4430,676.6623534889056,0,0,0,2,0
4431,184.7200776725832,0,0,0,2,0
4432,117.86406641290434,0,0,1,2,0
4433,1375.6536080891751,0,0,0,2,0
4434,625.4317765342338,0,0,0,3,0
4435,630.7503756525465,0,0,0,3,0
4436,2199.232773256452,0,1,1,3,0
4437,3545.52766879426,0,0,0,5,0
4438,835.0196676440478,0,0,0,1,0
4439,780.0837557535608,0,0,0,2,0
4440,1808.3010428884106,0,0,0,1,0
4441,282.3265642798328,0,0,1,1,0
4442,1370.8044753228264,0,0,0,2,0
4443,1904.3308610642785,0,1,0,3,0
4444,2165.118142902329,0,1,0,5,0
4445,158.10309140412477,0,1,0,3,0
4446,512.1639200720246,0,0,1,1,0
4447,455.6553658727981,0,1,0,4,0
4448,1211.830074702383,0,0,0,1,0
4449,1773.5608419441674,0,0,0,1,0
4450,4898.627816568831,0,1,0,2,0
4451,668.4987452867952,0,1,0,0,0
4452,666.7582268314143,0,0,0,3,0
4453,3462.2433287905087,0,0,0,2,0
4454,1475.2414326477399,0,0,0,1,0
4455,3895.7890233865583,0,0,0,3,0
4456,1463.707680815082,0,0,0,2,0
4457,344.7720180285202,0,0,0,0,0
4458,289.1286212180616,0,0,0,1,0
4459,232.40644360320155,0,0,0,3,0
4460,2126.1153936026035,0,0,0,2,0
4461,3599.6677304488076,0,1,1,1,0
4462,6969.941714537428,0,0,1,2,0
4463,2548.1052744029876,0,0,0,3,0
4464,3508.13058437296,0,0,0,3,0
4465,613.9930859072214,0,0,0,1,0
4466,345.0137196203373,0,0,0,1,0
4467,2565.9378708150607,1,0,0,3,0
4468,1665.1670908420137,1,1,0,4,0
4469,1221.023077399143,0,0,0,0,0
4470,1615.4542745148349,0,0,0,5,0
4471,1515.0223684049538,0,0,0,6,0
4472,3959.2775860981237,0,0,0,0,0
4473,4003.745531391448,0,0,0,3,0
4474,1889.788793503772,1,0,0,0,0
4475,2554.9881701860777,0,0,0,3,0
4476,1833.6477217192244,0,0,0,4,0
4477,691.4772616829388,0,0,0,1,0
4478,2336.8629164753697,0,0,1,3,0
4479,271.9191912439253,0,1,0,5,0
4480,3146.014058491332,0,0,1,3,0
4481,332.11359374601153,0,1,0,4,0
4482,1459.4330053802285,0,0,0,2,0
4483,470.9943233337554,0,0,0,2,0
4484,1907.1952438370483,0,0,0,3,0
4485,1060.0536235402512,1,0,0,2,0
4486,222.5705303776245,0,0,0,4,0
4487,1670.201623935164,0,0,0,3,0
4488,615.2810917651776,0,0,0,2,0
4489,2646.906082364026,0,0,0,2,0
4490,1098.0879167176463,0,1,0,2,0
4491,1628.5103583868884,0,1,0,0,0
4492,420.9150555290185,0,0,0,1,0
4493,608.2997489217807,0,0,0,2,0
4494,693.229673794139,0,0,0,4,0
4495,2582.988859923987,0,0,0,0,0
4496,5868.633476238878,0,0,0,4,0
4497,490.20724381887857,0,0,0,2,0
4498,3219.0711836892597,1,1,0,2,0
4499,125.25135800660475,0,0,1,2,0
4500,332.2243849491507,1,0,0,1,0
4501,420.40626602900113,0,0,1,1,0
4502,283.57916067529897,0,0,0,0,0
4503,225.07003269860311,0,0,0,3,0
4504,1657.3892662530175,0,0,0,2,0
4505,885.3050742488332,0,0,0,0,0
4506,1602.6365529361553,0,1,0,3,0
4507,2187.40827543193,0,0,0,2,0
4508,1430.267821060201,0,0,0,3,0
4509,2117.016734983976,0,1,0,4,0
4510,1022.9723259799675,0,0,0,2,0
4511,334.6236982623395,0,0,0,0,0
4512,3158.3789385376526,0,0,0,1,0
4513,608.4336496081628,1,1,0,4,0
4514,430.26603405804633,0,0,0,2,0
4515,917.8941915201524,0,0,1,2,0
4516,440.18235344493087,0,0,0,3,0
4517,722.3932209635964,0,0,0,1,0
4518,1546.9707170992979,0,0,0,2,0
4519,1553.6180866644854,0,0,0,2,0
4520,446.8263022724346,1,1,0,1,0
4521,673.3697787045369,0,0,0,4,0
4522,3210.9849426311284,0,1,0,0,0
4523,1801.5453759351985,0,0,0,0,0
4524,8734.7538230457,0,0,0,5,0
4525,3569.3121235945746,0,1,0,1,0
4526,3443.67009097682,0,0,0,2,0
4527,273.7270520650865,0,0,0,4,0
4528,2353.974256357042,0,0,0,2,0
4529,1039.9138979787856,0,0,0,5,0
4530,632.081408305689,0,0,0,1,0
4531,1297.2674121756563,0,0,0,1,0
4532,2822.0293551574787,0,0,0,1,0
4533,1809.5465916065677,0,0,0,3,0
4534,455.5594384095715,0,0,0,2,0
4535,2304.131082382555,0,0,0,2,0
4536,579.6430354355808,0,0,0,1,0
4537,1361.964087604543,0,0,0,2,0
4538,809.6887645437492,0,0,0,2,0
4539,881.0670663237298,0,1,0,1,0
4540,2359.5895774612054,0,0,0,2,0
4541,387.53504374839997,0,0,0,0,0
4542,7670.9448481448535,0,0,0,1,0
4543,177.4899399028277,0,0,1,1,0
4544,603.2503693338945,0,0,1,1,0
4545,1587.9702223170345,0,0,0,4,0
4546,1967.0970700020632,0,0,0,1,0
4547,991.8027823731037,0,0,0,3,0
4548,1035.4685380145695,0,0,0,2,0
4549,1653.3355724057483,0,0,0,2,0
4550,870.3805436793942,0,0,0,1,0
4551,4416.846495744054,0,0,0,3,0
4552,2538.551988616741,0,1,0,2,0
4553,2624.968962130762,0,0,0,3,0
4554,417.3158113926228,0,0,0,1,0
4555,1012.9392940921362,1,0,0,2,0
4556,812.0273738889057,0,0,0,2,0
4557,401.1753543279903,1,0,0,2,0
4558,1572.094654473389,0,0,0,2,0
4559,640.5673334648291,0,0,0,3,0
4560,2112.0278469544487,0,0,0,1,0
4561,376.0824634786619,0,0,0,3,0
4562,6118.306446859901,0,1,0,0,0
4563,447.495884671553,0,0,0,7,0
4564,1365.5360446051768,0,0,0,4,0
4565,2420.8144458136076,0,0,0,3,0
4566,619.7768970423696,0,0,1,1,0
4567,2572.0760244935964,0,0,0,1,0
4568,320.799527207626,0,0,0,2,0
4569,4684.983623658148,0,1,0,1,0
4570,1112.2600050447422,0,0,0,1,0
4571,604.0086940967401,0,0,1,7,0
4572,813.0708300393673,1,0,0,2,0
4573,2462.4677324646073,0,0,1,2,0
4574,611.273635881059,0,1,0,1,0
4575,518.3456566640763,0,0,1,2,0
4576,878.7174510801275,0,1,0,3,0
4577,337.99729322132873,0,0,0,2,0
4578,6771.946939480352,0,0,0,3,0
4579,622.4139642739395,0,1,0,1,0
4580,2518.9987652565146,0,0,0,1,0
4581,1352.17553755917,0,0,1,3,0
4582,409.71670174666593,1,0,0,2,0
4583,1090.1224308401643,0,0,0,2,0
4584,2401.8697590943884,0,0,1,5,0
4585,908.448922910744,0,0,0,2,0
4586,3615.961035419614,0,0,0,1,0
4587,3045.789404789735,0,0,0,1,0
4588,2748.78659377333,0,1,1,3,0
4589,692.5242307672763,0,0,0,3,0
4590,372.47039279027894,1,0,0,1,0
4591,593.7227114545658,0,0,0,1,0
4592,1334.4052162628454,0,0,0,1,0
4593,1892.7512048283888,0,0,0,1,0
4594,125.01435806670959,0,0,0,2,0
4595,1087.7719475219744,0,0,0,3,0
4596,1284.4542838827858,0,0,0,1,0
4597,830.8553760632469,0,0,0,4,0
4598,3988.9121915501382,0,0,0,0,0
4599,1672.0071571889257,0,0,0,4,0
4600,4065.093033056957,0,0,0,2,0
4601,883.6309337019848,0,0,0,3,0
4602,2800.287844556595,0,0,0,5,0
4603,5625.507214800598,0,0,0,2,0
4604,4071.2015226211006,0,0,0,0,0
4605,367.91738164762194,0,1,0,1,0
4606,850.9249399059207,0,0,0,1,0
4607,776.5300138281177,0,0,0,3,0
4608,1788.7181680561257,0,0,0,2,0
4609,2178.416585649155,0,0,1,0,0
4610,473.95260439805304,0,0,0,5,0
4611,1173.6085521578311,0,1,0,1,0
4612,145.4849533473686,0,0,0,2,0
4613,4637.566311558836,0,0,0,1,0
4614,656.961724845973,0,0,1,4,0
4615,1159.6388968797485,0,0,0,4,0
4616,804.6040443290481,0,0,0,5,0
4617,3449.6483421320613,0,0,0,3,0
4618,64.23148805503054,0,1,1,0,0
4619,1078.5681545580865,0,0,0,2,0
4620,986.5176753179414,0,0,0,0,0
4621,696.7060685427721,0,0,0,3,0
4622,6162.430532283433,0,0,0,3,0
4623,451.5429705263489,0,0,0,1,0
4624,2372.7293054987563,0,0,0,3,0
4625,1565.9575810097763,0,1,0,4,0
4626,3871.9721377266414,0,0,0,3,0
4627,562.736176461199,0,0,0,1,0
4628,526.9107086458005,0,0,0,2,0
4629,3281.545920200314,0,0,0,3,0
4630,1677.938622068934,0,0,0,2,0
4631,233.93952769917,0,0,0,3,0
4632,639.5053491315252,0,0,0,2,0
4633,1613.8576595762695,0,0,0,2,0
4634,2534.5318427308716,0,0,0,3,0
4635,556.000585221701,0,1,0,1,0
4636,59.48617961438906,0,0,0,4,0
4637,1850.5222688859683,0,1,0,2,0
4638,323.6553807468546,0,1,0,3,0
4639,145.8620339329151,0,1,0,2,0
4640,64.56510373778221,0,1,0,3,0
4641,2474.9633336291063,0,1,0,3,0
4642,1247.1515255973397,0,0,0,3,0
4643,875.1047725861063,0,0,1,4,0
4644,4398.524236989512,0,0,0,1,0
4645,2074.187278695452,0,0,0,2,0
4646,5520.921383937226,0,0,0,1,0
4647,272.39808055586553,0,0,0,1,0
4648,1059.3908753588812,0,0,0,2,0
4649,217.73671968428536,0,1,0,2,0
4650,871.8502418346849,0,0,0,1,0
4651,855.2417232517893,0,0,0,1,0
4652,2052.089122290706,0,0,0,3,0
4653,1147.755851258839,0,0,0,3,0
4654,2045.519638756626,0,0,0,2,0
4655,2215.9580853585344,0,1,0,5,0
4656,9460.955653357089,0,0,0,2,0
4657,800.0732969943347,0,0,0,1,0
4658,427.9375609607021,0,0,0,0,0
4659,1402.6009526653174,0,0,0,1,0
4660,491.62683971752506,0,0,0,5,0
4661,4826.905067243498,0,0,0,3,0
4662,826.1546313749914,0,1,0,0,0
4663,622.9234463137307,0,0,0,0,0
4664,684.4970115619226,0,0,0,2,0
4665,2249.3969194526767,0,1,0,2,0
4666,936.5969279749024,0,1,0,0,0
4667,577.2833265483001,0,0,0,0,0
4668,5798.484780272413,1,0,0,3,0
4669,465.83437818800655,0,0,0,4,0
4670,1136.3379815861565,0,0,0,3,0
4671,2105.495586893991,0,0,0,0,0
4672,214.57619346488644,0,0,0,1,0
4673,1772.702507284166,0,0,0,2,0
4674,381.79824877442957,0,0,1,4,0
4675,2496.843918792235,0,0,0,2,0
4676,418.781367619137,0,1,0,2,0
4677,2192.4370928210137,0,0,1,1,0
4678,3313.7410816883835,0,0,0,1,0
4679,2595.2458360790038,0,0,0,6,0
4680,1409.9600480269276,0,0,1,2,0
4681,870.1791039500853,0,0,0,2,0
4682,616.2054456931579,0,0,0,6,0
4683,4774.452997316843,0,0,0,1,0
4684,544.8468684342948,0,0,0,2,0
4685,388.749013717839,0,0,0,2,0
4686,2133.179641489923,0,0,0,1,0
4687,494.65630932288724,0,0,0,2,0
4688,424.0861007969835,0,0,0,1,0
4689,258.8880523184217,0,0,0,3,0
4690,676.6067012100839,0,0,0,1,0
4691,1009.5752492693889,0,0,0,2,0
4692,1398.4107995484846,0,0,0,1,0
4693,2839.281324277144,0,0,0,3,0
4694,1857.3349630218486,0,0,0,1,0
4695,906.0801613559416,0,0,0,2,0
4696,899.4687611140714,0,0,0,1,0
4697,1826.5011373250934,0,1,1,2,0
4698,3914.9982558822435,1,0,0,3,0
4699,1244.2823282056097,0,0,1,3,0
4700,685.9941814163786,1,1,0,4,0
4701,406.31714456432314,0,0,0,1,0
4702,258.47390358110476,0,0,0,2,0
4703,2135.10194095664,0,0,0,2,0
4704,1954.6736423785396,0,0,0,4,0
4705,1953.4718905318753,0,0,0,1,0
4706,964.2403156612334,0,0,1,3,0
4707,4478.013204446064,0,0,0,1,0
4708,675.7894110639863,0,0,0,4,0
4709,2850.5557014109604,0,0,0,1,0
4710,1054.9589181506933,0,0,0,3,0
4711,596.8400982091001,1,0,0,5,0
4712,1983.325593283391,0,0,0,1,0
4713,1651.8251691760809,0,0,0,5,0
4714,1567.0854303280669,0,0,0,1,0
4715,1189.4882148649174,0,0,0,0,0
4716,1055.8558172859214,0,0,0,2,0
4717,11948.631032772866,0,1,0,2,0
4718,3584.0783868844474,0,0,0,4,0
4719,2259.3374712759037,0,0,0,1,0
4720,1226.3519636447725,0,0,1,6,0
4721,3002.3698343657775,0,0,0,1,0
4722,1840.8722301205428,0,0,0,1,0
4723,1125.7499927865936,0,0,0,3,0
4724,809.5153010030781,0,0,0,3,0
4725,1011.391781084906,0,0,0,3,0
4726,46.04293193290295,0,1,0,3,0
4727,1353.7053824652587,0,0,0,1,0
4728,672.8510077296058,1,0,0,3,0
4729,5391.991079971857,0,0,0,1,0
4730,1118.0530135709862,0,1,1,4,0
4731,333.96512804167094,0,0,0,0,0
4732,1043.2747528606772,1,0,0,1,0
4733,385.24477632944826,0,1,0,1,0
4734,1760.5955574583786,0,0,0,0,0
4735,1466.959784501504,0,0,0,2,0
4736,2857.8921771774935,0,0,0,1,0
4737,497.2625758956303,0,0,0,4,0
4738,1134.5689706297699,0,1,0,0,0
4739,280.0528133733339,0,0,1,3,0
4740,2211.6514589152644,0,0,0,9,0
4741,1842.4862851749858,0,0,0,3,0
4742,1800.4736011520538,0,0,0,0,0
4743,1098.4100799567038,0,0,0,3,0
4744,1660.3320488727634,0,0,0,0,0
4745,5455.279357928883,0,0,1,2,0
4746,824.6060383083127,0,0,1,4,0
4747,1259.720542538594,0,0,0,3,0
4748,370.13718264161963,0,0,0,4,0
4749,460.23583293531726,0,0,1,1,0
4750,1209.3197532328295,0,0,0,2,0
4751,3307.452540073081,0,0,0,5,0
4752,848.7113801017689,0,1,0,1,0
4753,866.1719718736168,1,0,0,2,0
4754,730.0512633876986,0,0,1,0,0
4755,642.4206641068,0,0,0,1,0
4756,1472.8748581257885,1,0,0,2,0
4757,245.36388531013057,0,0,0,2,0
4758,3947.901996511943,0,0,1,4,0
4759,563.7312900419797,0,0,0,0,0
4760,2257.252140439575,0,0,0,5,0
4761,307.9697003372957,1,0,0,1,0
4762,2140.597191525959,0,0,0,0,0
4763,2147.2529528318687,1,0,0,1,0
4764,1610.3423449764769,1,0,0,0,0
4765,405.68276135690803,0,0,0,1,0
4766,1407.4687954857152,0,0,0,1,0
4767,335.9437768860598,0,0,0,5,0
4768,851.7020379133868,0,0,0,2,0
4769,3069.939399946548,0,0,0,2,0
4770,2432.5659532923337,0,0,0,0,0
4771,1113.4103176929343,0,0,0,2,0
4772,413.7216580141712,1,0,0,1,0
4773,2091.39735440097,0,0,0,1,0
4774,1118.0945688924226,0,0,0,5,0
4775,107.73606589371028,0,1,0,3,0
4776,2398.5743675433887,0,0,0,2,0
4777,1070.3780321454171,0,0,0,4,0
4778,3649.886126910202,0,0,0,0,0
4779,366.7679947126267,0,1,0,3,0
4780,45.75477632433101,0,0,0,1,0
4781,1449.6593232764958,0,0,0,4,0
4782,1467.864168585534,0,0,0,1,0
4783,202.21437001681352,1,0,0,4,0
4784,412.1966140699804,0,0,0,2,0
4785,17243.969096242694,0,0,0,3,0
4786,807.8604925235933,0,0,0,2,0
4787,2277.785496236599,0,0,0,1,0
4788,572.1150872523507,0,0,0,1,0
4789,135.59833560707304,1,0,0,2,0
4790,924.9519157646182,0,0,0,0,0
4791,840.8349949513323,0,0,1,1,0
4792,735.184700860505,0,0,1,0,0
4793,977.8528166569289,0,0,0,1,0
4794,1428.340088340238,0,0,0,4,0
4795,943.7705250708578,0,0,0,3,0
4796,309.8207275742169,0,0,0,0,0
4797,1783.2356812800485,0,0,0,2,0
4798,156.12051556610044,0,0,0,3,0
4799,141.1245089205675,0,0,0,1,0
4800,2296.5895444295797,0,0,0,0,0
4801,1820.7800226622444,1,0,0,3,0
4802,1035.4637105964325,0,0,0,1,0
4803,271.66005727967564,0,0,1,1,0
4804,540.2808296726294,0,1,1,3,0
4805,843.2413806560188,0,0,0,0,0
4806,222.31738686421843,0,0,1,4,0
4807,523.7274115374103,0,0,0,1,0
4808,2105.546512218764,0,0,0,4,0
4809,4570.168546540426,0,0,0,3,0
4810,720.9467273189188,0,0,0,2,0
4811,2336.684572508126,0,0,0,2,0
4812,161.7318843726288,0,0,0,1,0
4813,2120.593414745455,0,0,0,0,0
4814,490.80729944575245,0,0,0,1,0
4815,1491.213678507265,0,0,0,1,0
4816,855.9804882318582,0,0,0,3,0
4817,4106.859936551006,0,0,0,0,0
4818,457.40277645908566,0,0,0,2,0
4819,2054.127161064659,0,0,0,2,0
4820,829.2258350752741,0,0,0,4,0
4821,936.0739895241595,0,0,0,2,0
4822,912.4616953170255,1,0,1,0,0
4823,470.74987194124793,1,0,0,2,0
4824,1081.2802493079505,0,1,0,2,0
4825,1030.0388282859753,1,0,1,4,0
4826,1395.824066344963,0,0,0,2,0
4827,1193.3325635932779,0,0,0,1,0
4828,2435.712376007586,0,0,0,4,0
4829,2761.442911289076,0,0,0,4,0
4830,383.51421176275795,0,0,0,2,0
4831,2614.3544991825,0,1,0,0,0
4832,334.8436052746007,1,1,0,3,0
4833,1974.076332392671,0,1,0,2,0
4834,2038.0296957517116,0,0,0,1,0
4835,162.17615294483204,1,1,0,2,0
4836,1203.4879521904154,0,0,0,1,0
4837,686.4297481676308,0,0,0,3,0
4838,513.4921500294049,0,0,0,1,0
4839,4233.787793021819,0,0,0,1,0
4840,570.3902977282441,0,0,0,4,0
4841,489.6168129978797,0,0,0,0,0
4842,1182.865235616187,0,0,0,5,0
4843,2176.7533273601534,0,0,0,4,0
4844,951.7966547171441,0,0,0,1,0
4845,3520.543097204074,0,0,1,4,0
4846,1864.9241517801038,0,1,0,0,0
4847,124.18702311551776,0,0,0,1,0
4848,645.8278850634304,1,0,0,1,0
4849,625.2539584018607,0,0,0,2,0
4850,1771.1085933393101,0,1,0,0,0
4851,79.45437389399105,1,0,0,5,0
4852,14030.793217187962,0,0,0,4,0
4853,1865.0182077412687,0,0,0,0,0
4854,1272.6756877419093,0,1,0,1,0
4855,3574.454000814126,0,0,0,0,0
4856,11426.083564678978,0,0,0,1,0
4857,2619.5207091681286,0,0,0,3,0
4858,2832.2113930647506,0,1,0,3,0
4859,1249.7390199580698,0,0,0,2,0
4860,951.9135735965921,0,0,0,3,0
4861,681.4375126260138,0,0,0,2,0
4862,480.0489165964555,0,0,0,0,0
4863,551.6897826228155,0,0,0,2,0
4864,284.13345383449433,0,0,0,0,0
4865,1016.5080468964949,0,1,0,2,0
4866,203.43212736198933,0,0,0,2,0
4867,1327.319168356695,1,1,0,1,0
4868,1057.5068537190757,0,0,0,3,0
4869,1270.2071779431078,0,1,0,1,0
4870,650.5827046409479,0,0,0,1,0
4871,23786.188359542128,1,0,0,2,0
4872,4273.190001187684,0,0,0,0,0
4873,315.9100432863241,0,0,0,1,0
4874,1384.1867851321686,0,0,0,2,0
4875,597.0458177291221,0,0,0,1,0
4876,397.6293433703776,1,0,0,1,0
4877,287.1279481763916,0,0,0,2,0
4878,1689.5486322899212,0,0,1,4,0
4879,554.80670007697,0,0,0,3,0
4880,2886.5751929310136,0,0,0,1,0
4881,2962.4805337343487,0,0,1,1,0
4882,4332.562230837893,0,0,0,4,0
4883,467.6000020237648,0,0,0,1,0
4884,1764.0465245705018,0,0,0,3,0
4885,2064.1095807531065,0,0,0,1,0
4886,682.5404719736362,0,0,0,0,0
4887,506.8565590761319,1,0,0,4,0
4888,5483.619561210828,0,0,0,1,0
4889,1376.7705792475972,0,0,0,2,0
4890,2071.374655658336,0,0,0,0,0
4891,481.99029942416644,0,0,0,3,0
4892,323.99093385694107,1,0,0,3,0
4893,620.515277433704,0,0,0,1,0
4894,968.722906323125,0,0,0,0,0
4895,378.33497981908846,0,0,0,0,0
4896,1085.8899838422446,0,0,0,1,0
4897,202.65293010859088,0,0,0,4,0
4898,357.7922739131983,0,0,0,1,0
4899,2145.0352145712113,0,0,1,4,0
4900,2005.7844704019076,0,0,0,2,0
4901,741.090859073902,0,0,0,1,0
4902,396.3254396014589,0,0,0,1,0
4903,392.5235158706494,1,0,0,5,0
4904,755.0105737053356,1,0,0,1,0
4905,2089.1623844663454,0,0,0,4,0
4906,2774.5551064964325,0,0,0,1,0
4907,667.4525252459797,0,0,0,0,0
4908,346.0238052581714,0,0,0,1,0
4909,1433.456067543472,0,1,0,5,0
4910,481.28760815975295,0,0,0,3,0
4911,653.1111708682688,0,0,0,2,0
4912,4126.876442294377,0,0,0,0,0
4913,2507.6853329884443,0,1,0,1,0
4914,1284.306691775818,0,0,0,4,0
4915,307.37884170462166,0,0,0,1,0
4916,1354.7829926615873,0,1,0,2,0
4917,3173.7124159407576,0,0,0,1,0
4918,753.2267672840626,0,0,0,0,0
4919,4234.89617135667,0,0,0,0,0
4920,3994.785998846669,0,0,0,1,0
4921,5789.104133841792,0,1,0,0,0
4922,1488.081710017189,0,0,0,6,0
4923,1973.1602018382512,0,1,0,2,0
4924,4510.608240824484,0,0,0,2,0
4925,1715.3869089965588,0,0,0,0,0
4926,664.3212828778104,0,0,1,5,0
4927,700.26382960624,0,0,0,1,0
4928,1392.0808954786003,0,0,0,3,0
4929,301.70163880529157,0,0,0,3,0
4930,950.265182043598,0,0,0,3,0
4931,3283.1122829122605,0,1,0,3,0
4932,122.57782677112588,0,0,0,1,0
4933,5087.1961430966085,0,0,0,3,0
4934,3369.0100237891793,0,0,0,1,0
4935,692.4495505175538,0,0,0,1,0
4936,1888.2218174715274,0,0,1,2,0
4937,1100.0904986543771,0,1,0,5,0
4938,3751.7976162472637,0,0,0,1,0
4939,2929.7815495672176,0,0,0,0,0
4940,270.407282686139,0,0,0,1,0
4941,1972.9051156638338,0,0,0,1,0
4942,892.8085305034349,0,0,0,6,0
4943,1191.3382934204833,0,0,0,2,0
4944,529.4443704694664,0,0,0,2,0
4945,6298.942676204448,0,0,1,0,0
4946,3102.804999501792,0,0,0,4,0
4947,523.338685151991,0,0,0,4,0
4948,288.70037716395376,0,0,0,4,0
4949,745.7029786840197,0,0,0,3,0
4950,1693.4152828060535,0,0,0,4,0
4951,1394.3809662079382,1,0,0,1,0
4952,3839.6359053381984,0,0,0,3,0
4953,2416.123613274964,0,0,0,4,0
4954,2891.6108858152447,0,0,0,1,0
4955,1520.5925913752114,1,0,0,1,0
4956,273.33585298595756,1,0,0,2,0
4957,901.7176720028743,0,0,0,2,0
4958,3165.574199950572,0,0,1,2,0
4959,1041.562294784393,0,0,0,1,0
4960,1813.6385746492526,0,0,0,2,0
4961,797.3164765704164,0,0,0,1,0
4962,391.57934004299085,0,0,0,2,0
4963,969.3792672205218,0,0,0,2,0
4964,1493.753625862695,0,0,0,2,0
4965,569.2457736729762,0,1,0,4,0
4966,866.3498017674259,0,0,0,3,0
4967,428.6054325285168,0,0,0,1,0
4968,3358.483855249633,0,0,0,4,0
4969,816.9225092251066,0,0,0,0,0
4970,4687.97287469792,0,0,0,1,0
4971,5058.108360267739,0,0,0,2,0
4972,1011.2616971008916,0,0,0,2,0
4973,400.03468964199453,0,0,0,4,0
4974,136.19696666245883,0,0,0,1,0
4975,251.63079826501414,0,0,0,1,0
4976,277.59554357547927,0,0,0,1,0
4977,4352.343120530207,1,0,0,3,0
4978,1231.2985057298513,0,0,0,6,0
4979,1619.0656848332585,0,0,0,3,0
4980,119.05421660328648,0,0,1,2,0
4981,330.97193086949096,0,0,0,3,0
4982,2662.6570027450643,1,0,0,2,0
4983,1460.8505482677258,0,0,0,1,0
4984,946.5224802714064,0,0,0,2,0
4985,1929.1646388699944,0,0,0,0,0
4986,5629.623281165911,0,0,0,2,0
4987,879.1517625853389,0,0,0,1,0
4988,1175.4070623880446,0,0,1,1,0
4989,1329.5514633461391,0,0,0,1,0
4990,11993.374307878019,0,0,0,1,0
4991,134.37625462479147,0,1,0,0,0
4992,2171.607628317612,0,0,0,2,0
4993,977.694990991078,0,0,1,2,0
4994,1932.890299517262,0,0,0,3,0
4995,568.2874962317164,1,0,0,3,0
4996,1044.229914842496,1,0,0,3,0
4997,2233.690835429111,0,0,1,3,0
4998,24659.319993242825,0,0,0,3,0
4999,2460.2941363533214,0,0,0,3,0
5000,469.6249521336426,0,0,0,3,0
5001,1830.9843102311434,0,0,0,11,1
5002,1711.750603028859,1,1,0,6,1
5003,339.7229727731424,0,1,0,3,1
5004,1334.2364227834948,0,0,0,6,1
5005,5995.9907874512255,0,0,0,8,1
5006,906.7239776922961,1,0,0,10,1
5007,8159.509009590475,0,0,1,7,1
5008,4686.9686603372165,0,1,0,7,1
5009,920.9584359544905,1,0,0,7,1
5010,1780.6264726560137,1,1,0,7,1
5011,12898.320204747904,0,0,0,5,1
5012,3533.202366875254,0,0,1,7,1
5013,2767.854827510155,0,1,0,7,1
5014,1484.7795201965205,0,0,1,3,1
5015,2510.0796392674333,0,1,1,6,1
5016,1301.7643249427356,0,0,0,3,1
5017,221.8224452338922,0,1,1,11,1
5018,20016.055839110144,0,1,0,6,1
5019,2615.4474093357476,1,1,1,2,1
5020,2557.1726172092945,0,0,0,8,1
5021,2242.3174816958626,1,1,0,7,1
5022,1254.1898711686883,1,1,0,7,1
5023,1543.9894212561971,0,1,0,12,1
5024,526.710417611904,0,0,1,8,1
5025,20878.426664642462,0,0,0,7,1
5026,602.9206146846685,0,1,1,6,1
5027,1052.3415498100276,0,1,1,10,1
5028,1554.533602848861,0,1,0,12,1
5029,8218.295667064102,0,0,0,7,1
5030,3025.9167688742386,0,0,0,12,1
5031,912.8876113846678,1,0,1,4,1
5032,7583.2998525631065,0,0,0,6,1
5033,3589.0216919027694,0,0,0,7,1
5034,4342.251726361671,0,1,0,6,1
5035,5771.585175692027,0,0,1,6,1
5036,28628.860308363288,0,0,0,6,1
5037,24689.60110701527,0,1,1,7,1
5038,1363.1286207702503,0,1,0,13,1
5039,16321.671928750997,1,1,1,11,1
5040,4502.492647836977,0,1,1,5,1
5041,3066.8573855832624,0,0,0,8,1
5042,439.9020112371243,0,0,0,12,1
5043,2018.1290812569957,0,0,1,7,1
5044,1062.695238743351,1,0,1,3,1
5045,7269.251441989033,0,1,1,5,1
5046,6371.636936369028,1,1,1,9,1
5047,333.5735833174972,0,1,1,3,1
5048,3051.357810310924,0,0,0,3,1
5049,5306.191622693891,1,0,1,8,1
5050,2563.909351951481,0,1,0,8,1
5051,6018.878424470443,0,0,0,7,1
5052,2822.818220631896,1,1,0,8,1
5053,3068.43705343434,0,0,1,4,1
5054,1643.5684900738174,0,1,1,12,1
5055,595.145251113643,0,1,0,6,1
5056,878.0725255944901,0,1,1,5,1
5057,6629.879328858273,1,0,1,4,1
5058,1956.7241622445354,1,0,0,5,1
5059,1764.7159328385467,1,1,0,5,1
5060,1389.233265867524,1,0,0,2,1
5061,2348.9211476890396,0,1,0,7,1
5062,7618.92209810709,1,0,1,7,1
5063,1426.5926787617404,1,1,0,10,1
5064,776.192655188501,0,1,0,7,1
5065,6653.758403102056,0,1,0,8,1
5066,1880.9201422092053,1,0,0,4,1
5067,1990.755365869226,0,0,0,8,1
5068,10753.71818674557,0,0,0,4,1
5069,1961.3487468140581,0,0,1,3,1
5070,2639.009174472415,1,0,0,8,1
5071,592.4220321820503,0,0,0,4,1
5072,2477.395279435268,1,0,1,5,1
5073,3285.878285519416,1,0,1,7,1
5074,490.8083934992388,0,1,1,9,1
5075,2040.4747112063112,0,0,1,4,1
5076,2353.1895843779225,0,1,1,7,1
5077,2926.1768616330824,0,0,1,4,1
5078,5582.019494509383,0,0,1,8,1
5079,4593.582164009355,0,0,1,9,1
5080,7560.601942380251,1,1,1,7,1
5081,692.1582303892992,0,0,0,3,1
5082,3367.2824374825504,0,0,0,9,1
5083,3536.8991013003592,0,0,1,6,1
5084,1103.3384577003308,1,1,0,5,1
5085,7696.85083934436,0,0,1,3,1
5086,33179.4780702849,0,0,0,6,1
5087,2976.9550982017013,0,1,0,10,1
5088,2883.874456980671,1,0,1,7,1
5089,3303.7269783251586,1,0,0,4,1
5090,1195.6835159725947,1,0,1,7,1
5091,387.9649354065333,1,0,0,9,1
5092,814.2079120183657,1,0,1,9,1
5093,662.5470721168971,0,0,1,9,1
5094,15113.650577834229,0,1,0,2,1
5095,2625.3530011588145,0,0,0,6,1
5096,1543.2983875628795,0,1,0,8,1
5097,4515.104091356154,0,0,1,3,1
5098,771.435575342805,0,1,0,9,1
5099,1040.8226178388047,0,0,0,2,1
5100,3086.959760099215,0,1,1,10,1
5101,5657.808398116377,0,1,1,9,1
5102,3091.9978766912577,1,0,1,9,1
5103,3036.807755730467,1,1,1,5,1
5104,2895.5452580071515,1,0,0,5,1
5105,3144.2797431426807,0,0,0,10,1
5106,2242.7631040826973,0,1,1,10,1
5107,845.156773996575,0,0,0,5,1
5108,3379.375385420162,0,1,0,6,1
5109,1105.9343806801521,0,0,0,6,1
5110,3048.095042707926,0,1,0,8,1
5111,1807.7351554883717,0,1,1,9,1
5112,25086.600350837307,0,0,0,5,1
5113,2172.8017294712163,0,0,1,12,1
5114,648.1979392678146,0,0,1,7,1
5115,2517.7948216116306,0,1,1,10,1
5116,3225.808068341296,0,0,0,7,1
5117,12780.03883775929,0,0,0,7,1
5118,1060.8273108153248,0,0,1,6,1
5119,552.070358800915,1,0,1,9,1
5120,6597.872361759063,1,0,0,6,1
5121,758.2314215164166,0,1,0,6,1
5122,1842.350136684573,1,0,0,6,1
5123,1473.693950844149,0,0,0,5,1
5124,2805.3383970266846,1,0,1,5,1
5125,4372.637902858927,1,0,0,4,1
5126,1524.303462363185,1,0,0,9,1
5127,1564.9351157858464,1,0,0,6,1
5128,2393.063002096051,1,1,1,3,1
5129,3011.8679978507334,0,1,1,6,1
5130,1876.9898642729097,0,0,0,9,1
5131,4842.8922303629415,0,1,0,5,1
5132,5781.600293062019,0,0,1,4,1
5133,2903.774825431095,0,1,0,8,1
5134,3005.413165129726,0,0,1,6,1
5135,570.1650728846388,1,1,1,10,1
5136,1871.0542160915954,1,1,0,7,1
5137,3825.6817119909297,1,0,0,6,1
5138,5252.021026586426,0,1,0,6,1
5139,1015.0273727476513,0,1,1,9,1
5140,960.9622444606442,1,0,1,10,1
5141,1381.071087947549,1,0,1,8,1
5142,3769.8601948771816,0,1,0,7,1
5143,5274.22142298793,1,0,0,6,1
5144,1324.6904315056795,0,0,1,9,1
5145,5998.8847582864555,1,1,0,5,1
5146,2108.7663349281656,0,0,1,11,1
5147,2812.600998094265,1,0,1,11,1
5148,2364.065459946367,1,0,1,5,1
5149,4600.452065095639,0,0,0,9,1
5150,2866.505132785306,0,0,1,4,1
5151,30017.12691396279,1,1,1,6,1
5152,1001.009614471857,0,0,1,5,1
5153,5144.088276726247,0,1,0,9,1
5154,1688.4393619738732,0,1,0,6,1
5155,753.1745889155319,1,0,1,2,1
5156,2951.043046876073,0,1,0,9,1
5157,2905.9706849820104,0,0,1,4,1
5158,51072.575416696985,0,0,0,5,1
5159,1667.9553381100814,0,0,1,1,1
5160,531.4222576969541,0,0,0,10,1
5161,2882.530786501888,0,0,1,4,1
5162,245.99357404717125,0,1,0,6,1
5163,2153.4447420498436,1,0,1,5,1
5164,1823.4606442247343,1,1,0,9,1
5165,6900.221299081637,0,1,0,7,1
5166,4872.078846618012,1,0,1,11,1
5167,1753.8774071848613,0,1,0,8,1
5168,2744.051690658577,1,1,1,6,1
5169,877.9279845654378,0,1,0,6,1
5170,716.8695975947384,0,1,0,7,1
5171,3881.959234255885,1,1,0,6,1
5172,789.1677694644778,0,0,0,4,1
5173,1127.2665728152908,1,0,0,5,1
5174,651.0576769776935,0,1,0,7,1
5175,3192.634265799475,1,0,0,8,1
5176,15626.29067052372,1,1,0,8,1
5177,472.22650432241454,0,1,1,10,1
5178,409.5996045720261,1,0,1,7,1
5179,1949.0229061774608,0,0,0,10,1
5180,2789.5440381269723,0,0,1,6,1
5181,3647.8181468388307,0,1,0,8,1
5182,1885.8645699444996,0,0,0,5,1
5183,1396.5633182340432,0,0,1,8,1
5184,4625.619385128687,0,0,0,10,1
5185,7387.306997208296,0,0,0,6,1
5186,441.42318747643054,1,1,0,3,1
5187,1837.1128542439842,1,1,1,10,1
5188,3023.268782769037,1,0,0,7,1
5189,1136.2101010031354,0,1,0,11,1
5190,11327.75413410429,0,0,0,15,1
5191,961.307219369964,0,1,0,8,1
5192,1721.2517989786113,0,1,1,14,1
5193,5303.942786466334,0,0,1,10,1
5194,1741.6056231702594,0,0,0,4,1
5195,470.90416891613984,0,0,0,11,1
5196,2040.5919961602979,0,0,0,9,1
5197,9139.962879659346,1,1,1,8,1
5198,1792.3062868007346,1,1,0,12,1
5199,814.1637207648216,1,0,1,7,1
5200,6674.721704212858,0,1,0,6,1
5201,1599.8650445363703,0,0,0,11,1
5202,1329.7879219357253,0,0,1,5,1
5203,3300.320338561423,0,1,0,9,1
5204,3877.670235145838,0,0,1,4,1
5205,18472.21486954194,1,0,1,7,1
5206,6377.591973200928,0,1,0,8,1
5207,6614.343467833856,0,0,0,7,1
5208,1374.109078341318,1,0,0,9,1
5209,771.0981157510906,1,1,1,8,1
5210,2827.1745130097343,0,0,1,7,1
5211,2113.9549009734787,0,1,1,9,1
5212,962.5812625982826,0,1,0,4,1
5213,2657.280739767531,0,0,0,10,1
5214,4502.694158870846,0,0,1,6,1
5215,4498.094833247858,1,1,1,6,1
5216,5276.033830559096,0,1,0,4,1
5217,3019.791025260433,0,0,1,10,1
5218,1779.1192951102728,0,0,1,4,1
5219,1470.8180711085488,0,1,1,9,1
5220,629.7683089734935,0,1,0,5,1
5221,17121.1983722561,0,0,0,10,1
5222,2074.2414909712274,1,1,0,10,1
5223,1457.7218977490431,1,0,1,8,1
5224,1107.671097466154,1,1,0,8,1
5225,39889.487304518436,0,1,0,7,1
5226,734.3927082264007,1,1,1,6,1
5227,2015.2248028758627,1,1,1,6,1
5228,2831.0687540354256,1,0,0,5,1
5229,5290.888760660545,1,0,0,5,1
5230,5943.018215377571,0,0,1,8,1
5231,18981.914873663307,0,1,1,6,1
5232,3930.4330002748457,0,0,1,7,1
5233,806.1991425464419,0,0,0,9,1
5234,1819.1066255309602,0,1,0,7,1
5235,4112.585054724843,0,0,1,6,1
5236,13149.598526253681,1,0,1,7,1
5237,693.0792821525939,0,1,0,10,1
5238,6599.311412118167,1,0,1,11,1
5239,3706.269818594655,1,0,1,12,1
5240,5231.341775285923,1,1,0,5,1
5241,1988.9463037844976,0,0,1,6,1
5242,1213.2517108729235,0,0,0,6,1
5243,6003.4225570605795,0,1,0,5,1
5244,5170.632181056232,1,1,0,10,1
5245,5782.300055201758,0,0,0,8,1
5246,2613.9399317579805,0,0,0,4,1
5247,951.926476456176,0,1,1,10,1
5248,676.6541437223566,0,0,1,5,1
5249,5422.273118861062,1,0,0,8,1
5250,3278.5527231083893,0,0,0,6,1
5251,1165.2345591082003,0,1,0,8,1
5252,639.9732167842193,0,0,0,4,0
5253,687.6233200330531,0,0,0,1,0
5254,248.89112902458822,1,0,0,3,0
5255,484.11263829703586,0,0,0,1,0
5256,352.8946756657991,0,0,0,0,0
5257,725.9789269123984,0,1,1,1,0
5258,523.9008776674915,0,0,0,4,0
5259,215.50736367233236,0,0,0,5,0
5260,8288.217696048952,0,0,0,2,0
5261,3837.3631538659174,0,1,0,3,0
5262,503.19641375357116,0,0,0,1,0
5263,1440.03312626135,0,0,0,1,0
5264,1664.8080156015626,0,0,1,1,0
5265,3608.6385772201756,0,0,1,1,0
5266,483.6661874131364,0,0,0,0,0
5267,3268.566485004718,0,0,0,2,0
5268,634.029000682862,0,0,0,2,0
5269,288.3392089251944,0,1,0,2,0
5270,2262.2983834464817,0,0,0,1,0
5271,3986.856776539201,1,0,0,2,0
5272,14587.335117483884,0,0,0,0,0
5273,330.3903171959695,0,0,0,2,0
5274,2205.9635688005806,0,0,0,2,0
5275,727.9255352397599,0,0,0,2,0
5276,2400.3232878231934,0,0,0,2,0
5277,252.02050387094522,0,0,0,2,0
5278,310.20402442410665,0,1,0,1,0
5279,504.7812549062134,0,0,0,0,0
5280,1186.7384746208188,0,0,0,0,0
5281,577.6214558605329,0,0,0,1,0
5282,2119.7519241600726,0,0,0,1,0
5283,3062.2175384544507,0,0,0,2,0
5284,1997.3519180400397,0,0,0,2,0
5285,5534.672307358547,0,0,0,3,0
5286,1662.0825270632802,0,0,0,1,0
5287,324.765469545374,0,0,0,2,0
5288,4287.145961718094,0,0,0,1,0
5289,598.7497698817845,0,0,0,4,0
5290,2725.53086150518,1,0,0,1,0
5291,5290.850127409988,0,0,0,0,0
5292,1731.4041587390188,1,0,0,0,0
5293,245.63364718673722,0,0,0,2,0
5294,437.81122901415563,0,0,0,1,0
5295,4116.441958362893,0,0,0,2,0
5296,926.0028518167816,0,0,1,2,0
5297,1187.461999460157,0,0,0,1,0
5298,2342.1495930152787,0,0,0,3,0
5299,2200.2425033790637,0,0,0,0,0
5300,1449.2476118779898,0,0,1,1,0
5301,890.0980531884471,0,0,0,1,0
5302,802.1788229469304,0,1,1,4,0
5303,2586.0808550353704,0,0,0,3,0
5304,1907.539615198125,0,0,0,0,0
5305,847.8468341586612,0,0,0,3,0
5306,3236.061597246804,0,1,0,2,0
5307,963.8791125907102,0,0,0,1,0
5308,467.9389439051339,0,0,0,0,0
5309,513.3866685405385,0,1,0,5,0
5310,412.0971669646029,0,0,0,2,0
5311,835.1321563426163,0,0,0,2,0
5312,3765.832677019697,0,1,0,1,0
5313,490.2447807738431,0,0,0,3,0
5314,1324.083447095581,0,0,0,2,0
5315,568.6758876652115,0,0,0,1,0
5316,845.2994630602689,0,0,0,2,0
5317,242.24722316324326,0,0,0,2,0
5318,879.5951729116935,0,0,1,2,0
5319,903.5167240868311,0,0,0,0,0
5320,1882.371964915043,0,0,0,3,0
5321,1370.9797555426487,0,0,0,3,0
5322,330.8310675147786,0,0,0,2,0
5323,3242.8188437385256,0,0,0,2,0
5324,1353.302310273905,0,0,0,5,0
5325,1337.2807193470912,0,0,0,1,0
5326,1086.6095757019093,0,0,0,1,0
5327,653.4346661488777,0,0,0,5,0
5328,1363.4892794730586,0,0,0,1,0
5329,1764.4396424513297,0,0,0,1,0
5330,191.15876414398312,0,0,0,4,0
5331,639.8534480139665,0,0,0,0,0
5332,849.8441923769959,0,0,0,2,0
5333,1416.8205709882436,0,0,0,2,0
5334,3616.677283865226,0,0,0,4,0
5335,506.8723442523956,0,0,0,1,0
5336,666.4986760413177,0,0,0,4,0
5337,656.8567047898255,0,0,0,0,0
5338,491.9968971641342,0,0,0,0,0
5339,774.961619489548,0,0,0,2,0
5340,2370.372085690673,1,1,0,3,0
5341,382.2842740051508,0,0,0,4,0
5342,1682.127087671826,0,0,0,4,0
5343,199.95608550863778,0,0,0,2,0
5344,625.5692301995018,1,0,0,2,0
5345,788.7983407558875,0,0,0,1,0
5346,5853.878271212358,0,1,0,1,0
5347,833.1366674260804,0,1,0,2,0
5348,121.35941644291158,0,0,0,6,0
5349,148.57815158939172,0,0,0,2,0
5350,1134.5933529134225,0,0,0,3,0
5351,2025.9031007253907,0,1,0,1,0
5352,1596.319359017077,0,0,0,3,0
5353,1296.6899522298143,0,0,0,1,0
5354,3506.100034704941,0,1,0,1,0
5355,639.322344878168,0,0,0,2,0
5356,2683.589534887709,1,0,0,3,0
5357,214.4303795827016,0,1,0,1,0
5358,443.65718886550076,0,0,0,4,0
5359,180.0003157523122,0,0,0,4,0
5360,833.1008467210689,0,0,0,3,0
5361,1047.0571382997452,0,0,0,2,0
5362,1229.17868827851,0,1,0,0,0
5363,1166.640293388794,0,1,0,2,0
5364,433.74060417769124,0,0,0,3,0
5365,906.652418480087,0,0,0,3,0
5366,245.31751017077355,0,0,0,0,0
5367,4286.513489694334,0,0,0,1,0
5368,809.4653168933202,1,0,0,2,0
5369,672.5751691762432,0,0,0,1,0
5370,5371.918189365689,0,0,0,0,0
5371,316.63619546549705,0,0,0,2,0
5372,355.81569494612944,0,1,0,3,0
5373,366.4198016453057,0,0,0,7,0
5374,1024.6727971325543,0,0,0,2,0
5375,1688.5604321789417,0,0,0,2,0
5376,2297.7265765792754,0,0,0,1,0
5377,14357.034605684665,0,0,0,2,0
5378,115.64990252117587,0,0,0,2,0
5379,2015.727777606125,0,0,0,3,0
5380,628.2068099279593,0,0,0,1,0
5381,610.076800139995,0,0,1,2,0
5382,590.0621508326174,1,0,0,1,0
5383,441.9648390231304,0,0,0,3,0
5384,5910.7312552776,0,0,0,1,0
5385,2546.047223382564,0,0,0,1,0
5386,1122.3679556783031,0,0,0,2,0
5387,4234.479742731237,0,0,0,4,0
5388,241.64532083378705,0,0,0,2,0
5389,289.8300940416033,0,0,0,4,0
5390,124.21727721118454,0,0,0,4,0
5391,544.8908284771323,0,0,1,3,0
5392,1289.0986429080294,0,0,0,3,0
5393,1215.4365333231149,0,0,0,1,0
5394,1273.2677559708768,0,0,1,0,0
5395,267.4528178564528,0,0,0,1,0
5396,2448.3136063933603,1,0,0,4,0
5397,1393.5747929873337,0,0,0,1,0
5398,2282.563155359085,0,0,0,2,0
5399,165.21337535200695,0,0,0,1,0
5400,1497.4079497195075,0,0,0,4,0
5401,334.36551807271053,0,0,0,3,0
5402,737.0654892355934,0,0,0,4,0
5403,1871.255544339601,0,0,0,6,0
5404,1201.220745079396,1,0,0,1,0
5405,467.99612698984606,0,1,0,2,0
5406,1103.5341323209589,0,0,0,3,0
5407,237.09589623402766,0,0,0,0,0
5408,3464.305282663629,0,0,0,3,0
5409,893.1155613437699,0,0,0,2,0
5410,3356.1506094779784,0,0,0,4,0
5411,647.7263533214726,0,0,0,4,0
5412,649.6436693635395,0,1,0,2,0
5413,510.71577051065213,0,0,0,2,0
5414,2633.776249596863,0,0,0,1,0
5415,539.4601097514152,0,0,0,0,0
5416,2089.3231324125773,0,0,0,0,0
5417,748.1081868414996,0,0,1,0,0
5418,152.02374110172548,0,0,0,0,0
5419,619.979201936972,0,0,1,1,0
5420,337.2726945013009,0,1,0,2,0
5421,1134.449424507489,0,0,0,3,0
5422,333.48312498338885,0,0,1,0,0
5423,2768.262374482744,1,0,0,2,0
5424,1001.169544048697,0,0,0,3,0
5425,918.1896918177443,0,0,0,3,0
5426,2113.0594187578636,0,0,0,4,0
5427,2875.2845840116343,0,0,0,3,0
5428,1074.812222145882,0,0,0,2,0
5429,507.1463904379929,0,0,0,2,0
5430,186.05277757890255,1,0,1,2,0
5431,552.2220572239706,0,0,0,4,0
5432,591.5745750664605,0,0,0,0,0
5433,1220.5507288901233,0,0,0,2,0
5434,776.5438550645375,0,0,0,2,0
5435,2181.8599324424745,0,0,0,2,0
5436,594.0816267718126,0,0,0,2,0
5437,1035.8305349611674,0,0,0,1,0
5438,3583.1136756740257,0,0,0,2,0
5439,1543.5268108475354,0,0,0,1,0
5440,1032.7314437504028,0,0,0,0,0
5441,600.6759221491395,0,0,0,2,0
5442,582.1735524037075,0,0,0,0,0
5443,468.43003258075527,0,0,0,3,0
5444,638.417931683063,0,0,0,2,0
5445,2334.7634032650117,0,0,0,3,0
5446,878.4084835864124,0,1,0,1,0
5447,284.35598758287534,0,0,1,3,0
5448,6426.396839498415,0,0,0,2,0
5449,1510.151402207418,0,0,0,1,0
5450,268.5552322469717,0,1,0,2,0
5451,704.9670560823113,0,0,0,3,0
5452,1225.2330904889257,0,0,0,0,0
5453,6030.541539879903,0,0,0,1,0
5454,362.08809614713954,1,0,0,3,0
5455,2910.3851907352932,0,0,0,4,0
5456,4444.783440538721,0,0,0,1,0
5457,584.8443216187395,0,0,0,1,0
5458,830.8808317476539,0,0,0,3,0
5459,389.0433405182449,0,0,0,4,0
5460,894.7450871860054,1,0,0,3,0
5461,1057.2326076452105,0,0,0,2,0
5462,2121.014939353629,0,0,0,2,0
5463,3262.2860502737917,0,0,0,2,0
5464,519.0000270982697,0,0,0,3,0
5465,153.34264630985157,0,0,1,3,0
5466,1073.5811633232572,0,1,0,1,0
5467,1470.7643784518416,0,0,0,0,0
5468,1407.2851300999698,0,0,0,2,0
5469,791.0227690438307,0,0,0,5,0
5470,1242.3401523368254,0,0,0,2,0
5471,4991.265722336567,0,0,0,0,0
5472,1606.373076102366,0,0,0,1,0
5473,754.9349412428927,0,0,0,2,0
5474,665.0100696712581,0,0,0,1,0
5475,925.3274198834242,0,0,0,1,0
5476,5634.929762173109,0,0,0,1,0
5477,912.9665938305476,0,0,0,3,0
5478,1075.139452580688,0,0,1,2,0
5479,677.0102607922695,0,1,1,2,0
5480,3291.12048077427,0,0,0,0,0
5481,7784.090535287349,0,0,0,2,0
5482,1720.9178297530582,0,1,0,5,0
5483,1191.2672122776157,0,0,0,1,0
5484,1137.721472729851,0,0,0,2,0
5485,101.05785869776643,0,0,0,5,0
5486,2310.34204569749,0,0,0,7,0
5487,1254.0911625964172,0,0,0,0,0
5488,1683.014905504879,0,0,1,0,0
5489,538.3655583538518,0,0,0,5,0
5490,746.6101198899598,0,0,0,1,0
5491,727.0353228534151,0,0,0,3,0
5492,3046.1171228339285,0,0,0,1,0
5493,750.8757285192378,0,0,1,3,0
5494,8801.349333901197,0,0,0,4,0
5495,1687.2620729775376,0,0,0,3,0
5496,306.22414689830657,0,0,0,3,0
5497,964.3494286153086,0,0,0,3,0
5498,571.5345165611795,0,0,0,2,0
5499,122.19492678198321,1,0,0,1,0
5500,5428.786678196208,0,1,0,6,0
5501,2215.298734468974,0,0,0,4,0
5502,1869.0906682185275,0,0,0,4,0
5503,1293.8837849180757,0,0,0,3,0
5504,275.3333185905262,1,0,0,1,0
5505,676.1283064303758,0,1,0,2,0
5506,2544.732396629503,0,1,0,4,0
5507,383.2854340453884,0,0,0,2,0
5508,87.20229799742604,0,0,0,2,0
5509,873.8371160564386,0,0,1,1,0
5510,951.6929449733254,0,0,0,2,0
5511,1255.844352794452,0,0,1,3,0
5512,2272.2337182865335,0,0,0,3,0
5513,2074.770475295595,0,0,0,0,0
5514,1420.5079604328234,0,1,0,2,0
5515,3624.7166114702036,0,1,0,1,0
5516,240.09392937861585,0,0,0,2,0
5517,1816.3455365231696,0,0,0,0,0
5518,2051.934659299298,0,0,0,3,0
5519,317.4872671042013,0,0,0,1,0
5520,243.9905246939388,0,0,0,1,0
5521,520.1191258565211,0,0,1,6,0
5522,565.9233004706484,0,0,0,3,0
5523,2329.5245349952797,0,0,1,1,0
5524,593.1582437756803,0,0,0,3,0
5525,465.75115144585163,0,1,0,0,0
5526,594.8839016952977,0,0,1,3,0
5527,3356.427133778586,0,0,0,1,0
5528,1111.0306470658586,0,0,0,2,0
5529,916.6713166081595,0,0,0,2,0
5530,982.3960153014051,0,0,0,5,0
5531,3992.0506863272917,0,0,0,2,0
5532,518.4420586471979,0,0,0,3,0
5533,4086.762173664938,0,0,1,2,0
5534,1353.5638729922516,0,0,0,2,0
5535,934.0973089980142,1,0,0,4,0
5536,13371.762654378885,0,0,0,5,0
5537,381.59525698084343,0,0,1,1,0
5538,769.9412709404443,0,0,0,2,0
5539,319.7593753280043,0,0,1,1,0
5540,2842.564653146139,0,0,0,3,0
5541,5938.363881860427,0,0,0,1,0
5542,5825.04953001512,0,1,0,1,0
5543,3729.199033106074,0,0,0,3,0
5544,899.9862920961452,0,0,0,0,0
5545,761.0956368064409,0,0,0,1,0
5546,206.19662987887898,0,0,0,1,0
5547,8399.04707699867,0,0,0,3,0
5548,1752.814530539476,0,0,0,2,0
5549,670.5130027361661,0,0,0,1,0
5550,4138.368425360299,0,0,0,1,0
5551,414.5673653150727,0,0,0,2,0
5552,1646.8539242404308,0,0,0,0,0
5553,922.7615564079448,0,0,0,4,0
5554,2076.9944253481804,0,0,0,3,0
5555,1029.086156610924,0,0,0,1,0
5556,256.99897816837534,0,0,0,1,0
5557,1182.7249947516268,0,0,0,1,0
5558,3130.237445613845,0,0,0,1,0
5559,1065.0569960677385,0,0,1,3,0
5560,2380.617344770328,0,0,0,2,0
5561,385.4727543327031,0,0,0,2,0
5562,1068.2095484949834,0,0,0,1,0
5563,587.2728570207526,0,0,0,1,0
5564,2314.5737865876076,0,0,0,2,0
5565,1131.7173788469433,0,0,0,1,0
5566,2186.535652230635,0,0,1,1,0
5567,3254.2282382889225,0,0,0,1,0
5568,2189.916239162584,0,0,0,4,0
5569,1441.037233462852,0,1,0,1,0
5570,404.15066495207503,0,0,0,1,0
5571,1093.5820693975818,0,0,0,3,0
5572,643.4920019547326,0,0,0,2,0
5573,777.3852488798384,0,0,0,3,0
5574,754.0554068919705,0,0,0,2,0
5575,411.6092286931946,0,0,0,3,0
5576,154.8816707518812,0,0,0,3,0
5577,562.1996026370687,0,1,0,2,0
5578,1330.5922886848891,0,1,0,4,0
5579,284.8101889121328,0,0,0,3,0
5580,1113.9663755140798,0,0,1,3,0
5581,7333.941883265145,0,0,0,2,0
5582,3050.487080123703,0,0,0,2,0
5583,5673.386638302047,0,0,0,1,0
5584,1621.533972702934,0,1,1,4,0
5585,3524.556257716217,0,0,0,2,0
5586,531.676525443171,0,0,0,1,0
5587,575.742051409978,0,0,0,2,0
5588,70.8708916239393,0,0,1,3,0
5589,3590.854494967996,0,0,0,0,0
5590,5117.001898483057,0,0,0,2,0
5591,630.6952325460751,0,0,1,4,0
5592,850.6904327591208,0,0,1,2,0
5593,516.0160585968547,0,0,0,0,0
5594,1607.8506265340116,0,0,0,3,0
5595,3377.640086301216,0,1,0,4,0
5596,191.94867644638282,1,0,0,0,0
5597,1651.4988205179618,0,0,0,1,0
5598,831.5806009084512,0,0,0,2,0
5599,1228.3098429252395,0,0,0,3,0
5600,1735.4013680422188,0,0,1,1,0
5601,908.5024287789273,0,0,0,2,0
5602,988.7219471008088,0,0,0,1,0
5603,885.4755385973713,0,0,1,5,0
5604,2893.772235526556,0,0,1,2,0
5605,1666.96512235183,0,0,0,5,0
5606,1367.2866913440153,0,0,1,2,0
5607,307.6763069598144,0,0,0,0,0
5608,751.010968452153,0,0,0,2,0
5609,2693.6950655348237,0,0,0,2,0
5610,1138.7615293893982,0,0,0,1,0
5611,2120.76355354723,0,0,0,4,0
5612,6415.753956130534,0,0,0,0,0
5613,3098.291375124186,1,0,0,0,0
5614,1203.703505557531,0,0,1,2,0
5615,657.8722935935576,0,0,0,1,0
5616,85.32354173579884,0,0,0,2,0
5617,926.6862746872464,0,0,0,1,0
5618,791.5456113925019,0,1,0,1,0
5619,1620.2993488476104,0,0,0,1,0
5620,940.2020256022341,1,0,0,2,0
5621,796.0125408549716,0,0,0,1,0
5622,185.04537578052512,0,0,1,1,0
5623,428.3892182828603,1,0,0,4,0
5624,1766.3155411047173,0,0,0,1,0
5625,6099.167900683259,0,0,0,1,0
5626,994.7332554617959,0,0,0,0,0
5627,1522.0464752116534,0,0,0,3,0
5628,2842.6106644543083,0,0,0,1,0
5629,487.41019778613503,0,0,0,3,0
5630,1582.5836994785861,1,0,0,4,0
5631,522.9625700217816,0,0,0,4,0
5632,2604.0532137069968,0,0,0,5,0
5633,1275.894841577394,0,0,0,3,0
5634,1478.0099210688238,0,0,0,1,0
5635,501.39860453415076,0,0,0,1,0
5636,2223.932623251073,0,0,0,0,0
5637,8819.433529261954,0,0,0,4,0
5638,400.24958081638135,0,1,0,2,0
5639,780.7390666013418,0,0,0,2,0
5640,1382.442960293455,0,0,0,3,0
5641,2407.6494341264283,0,0,0,0,0
5642,626.6910742762169,0,0,0,2,0
5643,64.51964234083958,0,0,0,1,0
5644,4269.233125381607,0,0,0,1,0
5645,2346.0917078021484,0,0,0,4,0
5646,191.9149815460595,0,0,0,1,0
5647,597.3069935173498,1,0,0,2,0
5648,5261.557841810331,0,0,0,3,0
5649,4664.782173733727,0,0,0,0,0
5650,2803.5451566611823,1,0,0,2,0
5651,919.5528929963436,0,0,0,2,0
5652,1191.5227844069736,0,0,0,2,0
5653,962.0574756451583,0,0,0,1,0
5654,3388.8292382240293,0,1,0,5,0
5655,456.7597737537842,0,0,0,1,0
5656,489.89953776549123,0,0,0,3,0
5657,3011.743984604763,0,1,0,4,0
5658,1049.0481880674338,0,0,0,2,0
5659,4352.333231984372,0,1,0,3,0
5660,560.3086502293081,0,0,0,2,0
5661,1038.1770729226441,0,0,0,1,0
5662,435.9759211727785,0,0,1,4,0
5663,1104.7371158318313,0,0,1,0,0
5664,249.99803629245093,0,1,0,3,0
5665,673.4182307457567,0,0,1,2,0
5666,260.79799315677684,0,0,0,2,0
5667,2194.9690675799156,0,0,0,1,0
5668,2245.2885899117173,1,0,0,0,0
5669,194.36489015483278,0,0,1,2,0
5670,4162.56081961375,0,0,0,5,0
5671,13325.238218295259,0,0,0,3,0
5672,1148.2638520323776,0,0,0,1,0
5673,577.6023983138156,0,0,0,2,0
5674,18477.897942081454,0,0,1,2,0
5675,293.2517636588686,0,0,0,1,0
5676,1118.9057377959243,0,1,0,4,0
5677,1312.4124305144956,0,0,0,1,0
5678,4209.704021201609,0,0,1,2,0
5679,1571.426328061249,0,0,0,1,0
5680,666.0509067704631,0,1,0,1,0
5681,423.61102047215104,1,0,0,2,0
5682,779.1302081757435,0,0,0,3,0
5683,400.6437542480337,0,1,0,1,0
5684,1150.3543677787695,0,0,0,3,0
5685,623.7837913700564,0,0,0,1,0
5686,246.15519394435887,1,0,0,4,0
5687,3847.3727370463143,0,0,0,1,0
5688,666.6915375952361,0,0,0,1,0
5689,308.5436100751532,0,0,1,4,0
5690,926.8028480183627,0,0,0,1,0
5691,1174.234313370134,0,0,0,0,0
5692,191.24078230000447,0,1,0,0,0
5693,1527.8971650866933,0,0,0,1,0
5694,384.8456832885325,0,0,0,0,0
5695,6069.483617548965,0,1,0,4,0
5696,1851.8872108390108,0,0,0,0,0
5697,735.1687097078163,0,0,0,1,0
5698,520.5220392837655,0,0,0,2,0
5699,987.3576084823195,1,0,1,5,0
5700,2023.9184570627344,0,0,0,1,0
5701,1069.02882104516,0,0,0,1,0
5702,882.5727245755068,0,0,0,2,0
5703,1162.549004309638,0,0,0,3,0
5704,599.5270346396874,0,0,0,4,0
5705,778.052554880322,0,0,0,0,0
5706,136.21132786814732,1,0,1,0,0
5707,2903.6569269185047,0,0,0,2,0
5708,1478.5213512158834,1,0,0,3,0
5709,506.00378827380763,0,1,0,0,0
5710,7322.704320029675,0,1,0,1,0
5711,1196.3331872764618,0,0,0,5,0
5712,389.107800768339,0,1,0,3,0
5713,2583.079114303203,0,1,0,0,0
5714,1632.7944566756603,0,0,0,3,0
5715,1627.1413570777895,1,0,0,1,0
5716,716.4041015176921,0,1,0,5,0
5717,1720.7159337883343,0,0,0,3,0
5718,844.0753009733535,0,0,0,1,0
5719,1912.0695178257138,0,0,0,1,0
5720,163.2129101951804,0,0,1,2,0
5721,710.6119761510373,0,0,0,1,0
5722,6137.391524975617,0,0,0,0,0
5723,509.2466845349931,0,0,0,1,0
5724,599.5394052545277,1,0,0,2,0
5725,700.6711500937319,0,1,0,1,0
5726,325.44512612754926,0,0,0,0,0
5727,120.50837152713031,0,0,0,2,0
5728,870.8011077593128,0,0,0,1,0
5729,1256.2161473756805,0,0,0,1,0
5730,1040.5398369581656,0,1,1,3,0
5731,948.7273340092358,0,0,0,1,0
5732,1144.8637014300466,0,0,0,2,0
5733,3049.8310406254395,0,0,0,1,0
5734,906.4662642112446,0,0,0,1,0
5735,617.647201390898,1,0,0,4,0
5736,827.8852146387328,0,0,0,1,0
5737,1957.3499279311775,0,0,0,0,0
5738,4500.873997395391,0,0,0,3,0
5739,585.1429994301857,0,1,0,2,0
5740,1210.6755481206235,0,0,0,1,0
5741,1538.1834818403586,0,0,0,3,0
5742,406.4341784607392,0,0,0,1,0
5743,1119.2534362055706,0,0,0,1,0
5744,253.23708446009982,1,0,0,0,0
5745,186.97028421021272,1,1,0,3,0
5746,1582.4766644275423,1,0,0,2,0
5747,747.0448762796154,0,0,0,3,0
5748,1342.4886978598581,0,0,0,1,0
5749,1077.1834780914974,0,0,0,3,0
5750,413.0629288026885,0,0,0,1,0
5751,1048.111967126895,0,0,0,2,0
5752,319.5451872581759,1,0,1,4,0
5753,4407.1008913083915,0,0,0,0,0
5754,282.5992044509233,0,0,0,2,0
5755,901.6394605648712,0,0,0,4,0
5756,386.7306330116402,0,0,0,2,0
5757,1939.9571678014795,0,0,0,3,0
5758,787.2679248925521,0,0,0,1,0
5759,652.8407860826983,0,0,1,3,0
5760,2573.9617941325196,0,0,1,2,0
5761,1129.3873445101044,0,0,0,2,0
5762,1838.3881218445435,0,0,0,2,0
5763,411.0332302766687,1,0,0,2,0
5764,269.12691089869537,0,0,0,3,0
5765,1220.73444664341,0,0,0,3,0
5766,797.2383112965764,0,1,0,1,0
5767,2051.721903413234,0,0,0,1,0
5768,1012.4126739772761,0,1,0,1,0
5769,1346.2461103716962,0,0,0,1,0
5770,216.28943121288745,0,0,0,2,0
5771,7247.681761015857,0,0,0,1,0
5772,930.5334417340351,0,0,0,2,0
5773,2203.0256068005133,0,0,0,1,0
5774,475.2820084105704,0,0,0,3,0
5775,1492.204599235975,1,0,0,3,0
5776,298.0184020591729,0,0,0,1,0
5777,1723.4232237539065,0,1,0,3,0
5778,768.1814095563028,0,0,1,2,0
5779,1129.1162250002733,0,0,0,3,0
5780,2203.8784744759714,0,1,1,1,0
5781,319.7245004173963,0,0,0,2,0
5782,553.0831043730739,0,0,0,3,0
5783,1732.506150425257,0,0,0,1,0
5784,8939.37964255461,0,0,0,4,0
5785,955.1970605677355,0,0,0,0,0
5786,1980.5623884397537,0,0,0,2,0
5787,985.381159363312,0,0,0,4,0
5788,7648.35288705272,0,0,0,4,0
5789,191.09646120255172,0,0,0,1,0
5790,1205.4654593613716,0,0,0,3,0
5791,215.82242572302937,0,0,0,2,0
5792,89.42751684107243,0,0,0,2,0
5793,1476.547768403009,0,0,0,2,0
5794,1260.79505394658,0,0,0,1,0
5795,824.8182526589648,0,0,0,0,0
5796,986.1474726099897,0,0,1,1,0
5797,24301.647711106303,0,1,0,1,0
5798,847.1051762466757,0,0,0,3,0
5799,1826.4406671381366,0,0,0,1,0
5800,572.8564606653601,0,1,0,1,0
5801,1473.2595044416496,0,0,1,4,0
5802,864.1672486907256,0,0,0,2,0
5803,727.4036258924605,0,0,0,3,0
5804,6760.813703953023,0,0,0,2,0
5805,3558.8223308771485,0,0,0,2,0
5806,1257.3311862046262,0,0,0,1,0
5807,109.48505589039095,0,0,1,2,0
5808,764.3232308683175,0,0,0,4,0
5809,16367.084665060176,0,0,0,2,0
5810,870.7355666670462,0,0,0,2,0
5811,3305.0853354344827,0,0,0,1,0
5812,4637.554236050813,0,0,0,0,0
5813,1365.0739962489733,0,0,0,1,0
5814,472.56644818798134,1,1,0,1,0
5815,96.03259530029065,0,0,0,3,0
5816,2173.6503205023514,0,0,0,2,0
5817,485.5314174520744,0,0,0,0,0
5818,1307.863870275,0,0,1,1,0
5819,314.24711297974426,0,0,0,0,0
5820,841.1436546950408,0,0,0,1,0
5821,1134.2410806979735,0,0,0,3,0
5822,1434.531481341457,0,0,1,2,0
5823,359.66671560203923,0,1,0,0,0
5824,3629.7205788087667,0,0,0,3,0
5825,603.7168008821903,0,0,0,0,0
5826,205.51736663672938,0,0,1,3,0
5827,983.3612794450378,0,0,0,1,0
5828,1134.9856753813312,0,0,0,4,0
5829,1287.6697044994403,1,0,0,3,0
5830,4281.815597651515,0,0,0,1,0
5831,865.711024796417,0,0,0,2,0
5832,972.9963935288866,0,0,0,2,0
5833,363.8768982320709,0,0,0,1,0
5834,2491.283959359279,0,0,0,1,0
5835,1318.5778706478898,0,0,0,0,0
5836,720.5193509201958,0,1,0,3,0
5837,163.25694453791147,0,0,1,1,0
5838,4649.022191424533,0,0,0,2,0
5839,321.28225490537073,0,0,0,2,0
5840,607.1172834686662,0,0,1,1,0
5841,1569.2365576711945,0,0,0,1,0
5842,331.43843349038167,0,0,0,0,0
5843,246.28520190815993,0,0,0,4,0
5844,131.11206523319342,0,0,0,3,0
5845,2255.206795166286,0,1,0,4,0
5846,635.7553091522669,0,0,0,2,0
5847,20481.3519974157,0,0,0,4,0
5848,405.71256235287353,0,0,0,0,0
5849,436.3955149709952,0,0,0,4,0
5850,623.0376994482143,0,0,0,3,0
5851,1398.4708310855158,0,0,0,5,0
5852,685.2588576205331,0,0,0,1,0
5853,2022.9906473583521,0,0,0,2,0
5854,412.15999445043536,0,0,0,2,0
5855,275.4505943164347,0,0,0,4,0
5856,181.5961491081741,1,0,0,2,0
5857,118.67941094991866,0,0,0,3,0
5858,653.2311057513964,0,0,0,1,0
5859,811.6098039073082,0,0,0,2,0
5860,583.2191245043668,0,0,1,3,0
5861,3802.4687171654277,0,0,0,1,0
5862,3744.4506999331693,0,0,0,3,0
5863,784.6180293579695,0,0,0,3,0
5864,182.37753137620038,0,0,0,0,0
5865,622.2207242600682,0,1,0,3,0
5866,601.9525406568724,0,0,0,2,0
5867,568.4225326746409,0,0,1,4,0
5868,545.8155488777344,0,0,1,2,0
5869,570.5136550655482,0,0,0,1,0
5870,745.0552555124043,0,0,0,4,0
5871,580.8304565995059,0,0,0,2,0
5872,1350.6247047053814,0,0,0,4,0
5873,1572.4162309581623,0,0,0,1,0
5874,441.13674767781293,1,0,0,0,0
5875,3909.11125255996,0,1,0,2,0
5876,411.55295442135315,0,0,0,2,0
5877,217.50011650519468,0,0,0,2,0
5878,1604.8379606407266,0,0,0,2,0
5879,484.24543029888684,0,0,0,0,0
5880,1512.1556140023736,0,0,0,1,0
5881,99.12001601567036,0,0,1,2,0
5882,4413.64404585064,0,0,0,1,0
5883,2148.0020457811916,0,0,0,3,0
5884,244.57535230895283,0,0,0,2,0
5885,249.94049665528698,0,0,0,2,0
5886,5838.7143386658145,0,0,0,1,0
5887,524.5916217166425,0,0,0,3,0
5888,476.189150961185,1,0,0,1,0
5889,113.74372663523192,0,0,0,0,0
5890,772.1831743841595,0,0,0,7,0
5891,873.3010879094021,0,0,0,2,0
5892,2242.8285566775826,1,0,0,2,0
5893,270.67573965253996,0,0,0,0,0
5894,239.77793106237226,0,0,0,3,0
5895,1721.519542575306,0,0,1,4,0
5896,3001.087707867538,0,0,0,0,0
5897,227.8864888090115,0,0,0,1,0
5898,3234.1262777554507,0,1,0,1,0
5899,1138.5853405850303,0,0,0,0,0
5900,3267.581340772888,0,0,0,4,0
5901,1022.2686861214524,0,0,0,1,0
5902,88.03391011880115,0,0,0,1,0
5903,942.0257575595012,0,0,0,1,0
5904,3165.745394915201,0,0,0,3,0
5905,448.6548935295033,0,0,0,3,0
5906,743.9955332304438,0,0,0,1,0
5907,919.5335185969853,0,0,1,2,0
5908,60.36962735665068,0,0,0,3,0
5909,5833.354941171573,0,0,0,3,0
5910,445.24483420965936,0,0,0,2,0
5911,1818.442114512514,0,0,0,3,0
5912,1005.5589789692775,0,0,0,2,0
5913,3856.9000978627473,0,0,0,0,0
5914,1645.9222138385487,0,0,0,0,0
5915,867.031864308115,0,1,0,1,0
5916,448.75851182633085,0,0,0,3,0
5917,2435.362028292325,0,0,0,2,0
5918,168.4364784199024,0,0,1,2,0
5919,2092.0305331533546,0,0,0,1,0
5920,365.3863359402349,0,0,0,4,0
5921,3836.376813263016,0,0,0,2,0
5922,1288.5844157119145,0,0,0,3,0
5923,2088.337905092714,0,0,0,1,0
5924,1190.3335177140536,0,0,0,1,0
5925,190.11381228657655,0,0,0,4,0
5926,463.7153233157799,0,0,0,1,0
5927,2148.2081125797,0,0,0,2,0
5928,1295.5049453963131,1,0,0,0,0
5929,3572.3892381467113,0,0,0,2,0
5930,1641.3503448582294,0,0,0,4,0
5931,417.08836644843296,0,0,1,2,0
5932,494.69225506003653,0,0,0,3,0
5933,1215.5080183968084,0,0,0,3,0
5934,108.41385928328849,0,0,0,1,0
5935,5845.584597717615,0,0,0,1,0
5936,1705.7270760374047,0,0,1,2,0
5937,3740.7245330058636,0,0,0,4,0
5938,225.74274606780722,0,1,0,1,0
5939,3806.879715824553,0,0,0,0,0
5940,10213.839680477322,0,0,0,1,0
5941,292.6922291888558,1,0,0,3,0
5942,2371.7937274821466,0,0,0,1,0
5943,1097.8510363400917,1,0,0,1,0
5944,234.05734554179406,0,0,0,1,0
5945,1795.2220030458145,0,0,0,3,0
5946,2524.0075245000567,0,1,0,2,0
5947,601.1674095021256,0,0,1,1,0
5948,3518.945043972599,0,0,0,2,0
5949,207.10721234358212,0,0,0,0,0
5950,245.97843107964727,0,0,0,1,0
5951,1257.1435412522367,0,0,0,1,0
5952,1124.8278469236727,0,0,0,0,0
5953,535.620834044851,0,0,0,3,0
5954,2464.1308697640256,0,0,0,2,0
5955,1864.772450570262,0,0,0,3,0
5956,2586.702224330035,0,0,0,2,0
5957,969.5805590678713,1,0,0,5,0
5958,2003.3584334886923,0,0,0,2,0
5959,702.2922984835013,0,0,0,3,0
5960,8551.129770367595,0,0,0,2,0
5961,486.6057416844874,1,1,0,3,0
5962,9002.858612144799,0,0,0,0,0
5963,1135.567661400781,0,0,0,2,0
5964,277.1306651842715,0,0,1,1,0
5965,4307.355193271735,0,0,0,3,0
5966,1243.7687806699746,0,0,0,2,0
5967,2568.6200762593517,0,0,0,5,0
5968,3728.852850461908,0,0,0,4,0
5969,1537.565428881077,0,0,0,6,0
5970,606.533010754395,0,0,0,4,0
5971,2909.4326562486503,0,0,0,2,0
5972,1097.4619860078913,0,0,0,1,0
5973,2177.336932873669,0,0,0,4,0
5974,127.26473268427925,0,0,0,2,0
5975,1714.679937827372,0,0,0,1,0
5976,579.0646763382814,0,0,0,1,0
5977,5729.076555820557,0,0,0,3,0
5978,2044.8656058142158,0,0,0,2,0
5979,1393.895669317574,0,0,0,2,0
5980,1783.458959553402,0,0,0,1,0
5981,404.05828894604883,0,0,0,5,0
5982,5559.462392248719,0,0,0,2,0
5983,8033.4585547463,0,0,0,1,0
5984,1624.4320249329583,0,0,1,3,0
5985,5379.784349269971,1,0,0,1,0
5986,620.7024380571964,0,0,1,1,0
5987,494.1733832137692,0,1,0,1,0
5988,1142.4435915525112,0,0,0,4,0
5989,1694.1578257377503,0,0,0,0,0
5990,739.5288681336087,0,0,0,4,0
5991,1877.6348219764432,0,0,0,3,0
5992,1489.7885588734111,1,0,0,2,0
5993,404.11246773789765,0,1,1,2,0
5994,1842.342276568994,1,0,0,1,0
5995,2600.680037048328,0,0,0,2,0
5996,1301.755891144635,0,0,0,2,0
5997,3472.562604993102,0,0,0,2,0
5998,324.60082819281865,0,0,0,3,0
5999,1751.014165377643,0,0,0,2,0
6000,340.2631516215459,1,1,0,3,0
6001,359.9332659001305,1,0,0,1,0
6002,583.5144211097269,1,0,0,3,0
6003,427.4938132856888,0,0,0,2,0
6004,633.9716144403783,1,0,0,1,0
6005,885.2319395764732,0,0,0,2,0
6006,2532.986920456922,0,0,0,1,0
6007,795.3966820122911,0,1,0,2,0
6008,224.61196047644452,0,0,0,2,0
6009,3429.1505159399026,1,0,0,4,0
6010,474.8076935550892,1,0,0,4,0
6011,1034.092565576187,0,1,0,0,0
6012,1713.9167149635578,0,0,0,1,0
6013,1338.9090484499268,0,0,1,1,0
6014,3275.348476744243,0,0,1,2,0
6015,1770.474986270836,0,0,0,0,0
6016,463.4462534765611,0,0,0,3,0
6017,9687.214226162583,0,0,0,3,0
6018,1331.8622946195292,0,0,0,2,0
6019,946.3947576345488,0,0,0,2,0
6020,2875.3377455814134,0,0,0,4,0
6021,1407.3319347119705,0,0,0,2,0
6022,1634.7222528029952,0,0,0,0,0
6023,13255.714197017327,0,0,0,4,0
6024,832.8708363535553,0,0,0,1,0
6025,798.1041526054247,0,0,1,2,0
6026,1232.2271622162757,0,0,0,2,0
6027,3201.9521049202667,0,0,0,2,0
6028,243.09831981712327,0,0,1,1,0
6029,153.61417606173296,0,0,0,2,0
6030,609.6498216003284,0,1,0,0,0
6031,214.0216206387404,0,1,0,0,0
6032,717.0665492024197,0,0,0,4,0
6033,1812.5676245498428,0,0,0,4,0
6034,450.0015991603583,0,0,0,1,0
6035,263.268236539489,0,0,0,1,0
6036,1175.368696619597,0,0,0,1,0
6037,2598.1202574084346,0,0,0,3,0
6038,201.34635040041195,0,0,0,3,0
6039,2490.484125087181,0,0,0,2,0
6040,2483.2071361048293,0,0,1,3,0
6041,2847.1822561928393,1,0,1,4,0
6042,3708.861424638977,0,0,0,0,0
6043,9917.08121534116,0,0,0,3,0
6044,768.0907969699766,0,0,0,0,0
6045,1223.6232092215516,1,0,1,4,0
6046,723.1101535313253,0,0,0,2,0
6047,1098.8031761241102,0,0,0,4,0
6048,5079.018715311786,0,0,0,1,0
6049,285.71234445875547,0,0,0,1,0
6050,463.566722303,0,1,0,1,0
6051,4346.737907778489,0,0,0,2,0
6052,3041.2883589331573,1,0,0,1,0
6053,762.7027335314068,1,0,0,2,0
6054,2577.0535775939,0,0,0,2,0
6055,1542.5865161801983,1,0,0,3,0
6056,4916.118665389031,0,0,0,2,0
6057,1181.4639614912162,0,0,0,2,0
6058,3058.3539148173945,0,0,0,4,0
6059,15398.292574859466,0,0,0,1,0
6060,1994.401242188729,0,0,0,3,0
6061,1152.084472965869,0,0,0,1,0
6062,2258.4792899352487,0,0,0,6,0
6063,761.0652843742357,0,0,0,3,0
6064,11943.801328807667,0,0,0,5,0
6065,1313.0015275361407,0,0,1,5,0
6066,834.6952429896397,1,0,0,4,0
6067,475.473426471458,0,0,0,3,0
6068,3285.322802218312,0,0,0,2,0
6069,2610.2138004100534,0,0,0,3,0
6070,666.9036805963419,0,0,0,4,0
6071,1951.690785041449,0,0,0,3,0
6072,242.6072866676751,0,0,0,1,0
6073,1319.4504129735087,0,0,1,3,0
6074,1724.610233045298,0,0,0,1,0
6075,6047.074071886165,0,0,0,4,0
6076,507.33990208321626,1,1,1,2,0
6077,305.40762850264775,0,0,0,1,0
6078,447.9009163423946,0,0,0,1,0
6079,288.1356855829231,0,0,0,2,0
6080,4174.113827040583,0,0,1,1,0
6081,5159.728779718091,0,0,0,2,0
6082,1510.5310820627235,0,0,0,4,0
6083,3719.315577084177,0,0,0,2,0
6084,1253.8302943560534,0,0,1,4,0
6085,997.1371790268726,0,1,0,0,0
6086,786.0043925866607,0,0,0,1,0
6087,804.0078305506808,0,0,0,0,0
6088,233.27043451954933,0,0,0,1,0
6089,1428.3207943979357,0,0,0,1,0
6090,1053.2817969671394,0,0,0,1,0
6091,2310.8269444796924,0,0,0,1,0
6092,1204.1431286728161,0,0,0,1,0
6093,931.9659674720091,0,0,0,3,0
6094,458.8883663861415,0,0,0,0,0
6095,1178.6832880257093,0,1,0,3,0
6096,2294.424275823104,0,0,0,1,0
6097,349.555032143391,0,0,0,2,0
6098,1196.880363581993,0,0,0,1,0
6099,1384.4288508758489,0,0,0,2,0
6100,534.822660573205,0,0,0,1,0
6101,609.1982175266564,0,0,0,2,0
6102,1381.0658688587162,0,0,1,1,0
6103,353.03915861704064,0,1,0,2,0
6104,1556.077818301053,0,0,0,3,0
6105,447.9338773589369,0,0,0,3,0
6106,3174.335801401571,0,0,0,1,0
6107,11359.70524718944,0,0,0,1,0
6108,463.7025071866628,0,0,0,0,0
6109,1870.9617124359531,0,0,0,0,0
6110,530.2020154335024,0,0,0,2,0
6111,3105.5750353715216,0,0,0,0,0
6112,309.4330001285849,0,0,0,1,0
6113,1773.2809582814261,0,0,0,1,0
6114,458.0649714483381,0,0,1,2,0
6115,891.5980468541899,0,0,0,2,0
6116,391.1044754185841,0,0,0,3,0
6117,2495.764741638198,0,0,0,3,0
6118,474.8598204133559,0,0,0,2,0
6119,1904.4799522208982,0,0,1,3,0
6120,777.358762604377,1,1,1,2,0
6121,978.017563244362,1,0,0,0,0
6122,1271.2499491974934,0,1,0,3,0
6123,511.92356579627074,0,0,0,1,0
6124,1353.3890236223642,0,0,0,1,0
6125,5066.14050134259,0,0,0,2,0
6126,503.6619022859254,1,0,0,2,0
6127,3539.7456146374666,0,0,0,2,0
6128,4905.428036275484,0,0,0,6,0
6129,484.8526406076366,0,0,0,1,0
6130,255.94060220193387,0,1,0,4,0
6131,1483.2054958003923,0,0,0,2,0
6132,634.3446871167683,1,0,0,4,0
6133,7105.349422770947,0,0,1,1,0
6134,1135.4763579486428,0,0,0,3,0
6135,491.6664758307173,0,0,0,2,0
6136,348.22209804917435,0,0,1,0,0
6137,3261.377591205185,0,1,0,4,0
6138,619.4401126373357,0,0,0,2,0
6139,1145.7661277720788,1,0,0,1,0
6140,2852.0769011620546,0,1,0,0,0
6141,675.6949035594305,0,1,0,1,0
6142,1047.405225925734,0,1,0,1,0
6143,1078.6133825691377,0,0,0,2,0
6144,2171.828050570709,1,0,0,4,0
6145,1979.7865909087507,0,0,0,1,0
6146,879.9686384790145,0,0,0,1,0
6147,1168.7020599026564,0,0,0,5,0
6148,756.1357990917444,0,0,0,1,0
6149,250.23177617861168,0,0,0,3,0
6150,1418.8484308532793,0,0,0,6,0
6151,7274.946665667305,0,0,0,7,0
6152,453.17613065488797,0,0,0,2,0
6153,506.2194598593499,1,0,0,4,0
6154,459.1019177111121,0,1,0,1,0
6155,2263.3284600163634,0,0,0,2,0
6156,1717.2603054241029,0,0,0,2,0
6157,935.8566448942223,0,0,0,4,0
6158,437.89578065838504,0,0,0,0,0
6159,1202.763123349444,0,0,0,3,0
6160,229.37950814737457,0,1,0,1,0
6161,1265.7581717178393,0,0,0,1,0
6162,2621.55881158821,0,0,0,3,0
6163,313.8141285565999,0,0,0,1,0
6164,236.8629545809307,0,0,0,3,0
6165,5321.113642334593,0,0,0,2,0
6166,594.8090088551438,0,0,0,4,0
6167,3415.051477889436,0,0,0,1,0
6168,940.1151190143987,0,0,0,4,0
6169,932.6641638602891,0,0,0,2,0
6170,1700.0495887922093,0,0,0,3,0
6171,453.0493877420697,1,0,0,1,0
6172,1251.9994889782774,0,0,0,5,0
6173,748.828949176963,1,0,0,2,0
6174,292.80491161708215,1,0,0,4,0
6175,1536.8375956163436,0,0,0,4,0
6176,842.7684050248927,0,0,0,0,0
6177,937.2735402096971,0,0,0,1,0
6178,326.9603980184004,0,0,0,2,0
6179,5385.149587535539,0,1,0,1,0
6180,2635.1995440122523,0,0,0,2,0
6181,2876.000475492113,1,0,0,2,0
6182,807.9945371605428,0,0,0,0,0
6183,194.57488668950126,1,0,0,3,0
6184,7730.41156317508,0,0,0,0,0
6185,1031.6373631519348,0,0,0,3,0
6186,518.6349189675225,0,0,0,2,0
6187,1663.7037563350768,0,0,0,0,0
6188,3523.185348714959,0,0,0,1,0
6189,1071.644264685354,0,0,0,6,0
6190,3938.578569116705,1,0,0,1,0
6191,3238.935283306745,0,0,0,4,0
6192,373.7618435376733,0,0,0,3,0
6193,559.0337764630491,0,0,0,2,0
6194,2857.027887453083,0,0,0,3,0
6195,72.77608774387832,0,0,0,4,0
6196,944.3948073476536,0,0,0,1,0
6197,262.2160542228613,0,0,1,1,0
6198,680.9209353260445,0,0,0,3,0
6199,813.3649574474717,0,0,1,1,0
6200,766.4393904742653,0,1,0,4,0
6201,631.2732097834279,0,0,0,3,0
6202,366.08163331342286,0,1,0,1,0
6203,10849.90135062185,0,0,1,2,0
6204,7097.245316561035,0,0,0,3,0
6205,343.0698873931053,0,0,0,3,0
6206,5335.387268729032,0,0,0,1,0
6207,735.4882096512022,0,0,0,2,0
6208,1247.8626332146216,0,0,0,3,0
6209,1029.3944956939479,0,0,1,3,0
6210,566.9387984986228,1,0,0,2,0
6211,2933.209055936068,0,0,0,4,0
6212,1243.7503011167062,0,0,1,3,0
6213,680.9225547038643,0,0,0,2,0
6214,297.49890853812036,0,0,0,3,0
6215,448.7226479407886,0,0,0,2,0
6216,212.43156392946085,0,0,0,0,0
6217,1110.12016856501,0,0,0,2,0
6218,331.40275153387165,0,0,0,1,0
6219,840.8720326714581,0,1,1,3,0
6220,4316.075648197757,0,0,0,1,0
6221,3638.4009800590898,1,1,0,1,0
6222,1061.802384537703,0,0,0,2,0
6223,1005.1733305757831,0,0,0,1,0
6224,7185.889205291979,0,0,0,1,0
6225,1845.9625363564144,0,0,0,0,0
6226,790.1268799711538,0,0,0,1,0
6227,263.48116434889977,0,0,0,2,0
6228,1625.9917530415755,0,0,0,1,0
6229,2513.2292841128988,0,0,0,1,0
6230,583.0940391497513,0,0,0,1,0
6231,1467.334480377206,0,0,0,3,0
6232,762.3659616926359,0,0,0,1,0
6233,912.2988299299916,0,0,0,1,0
6234,91.12005679499907,0,0,0,1,0
6235,878.5023619880976,1,0,0,2,0
6236,2891.0334212856105,0,0,0,3,0
6237,583.2392295319285,0,0,0,1,0
6238,1155.7749706495226,0,0,0,4,0
6239,514.939435773306,0,1,0,2,0
6240,1572.5309592415908,0,0,0,3,0
6241,883.133874589824,0,0,0,2,0
6242,428.700465445871,0,0,0,1,0
6243,4157.010510624013,0,0,0,3,0
6244,2776.4599988377126,0,0,0,3,0
6245,598.8991596249532,1,0,0,3,0
6246,1804.048002905203,0,0,0,1,0
6247,1876.9661509261923,0,0,0,1,0
6248,2084.5353069144885,0,0,0,2,0
6249,201.49087681410282,0,0,0,5,0
6250,3000.7170058163847,0,0,0,1,0
6251,620.3606714674918,0,0,0,1,0
6252,766.7586363866205,1,0,0,1,0
6253,15334.82634302445,0,0,0,0,0
6254,1483.0756921503007,0,0,0,1,0
6255,745.218545147836,0,0,0,2,0
6256,120.86879606497762,0,0,0,0,0
6257,4401.779341458142,0,0,0,3,0
6258,285.6565826004221,0,0,0,2,0
6259,402.0438235568662,0,0,0,2,0
6260,787.3301783555926,0,0,0,2,0
6261,4520.65327251452,0,1,0,1,0
6262,2376.1575487145083,0,0,0,3,0
6263,936.5121448688457,0,0,1,3,0
6264,1492.625701213407,1,0,0,0,0
6265,601.6129552906401,0,0,0,4,0
6266,1260.9916189179955,0,0,0,2,0
6267,1180.079094886472,0,0,1,3,0
6268,2889.301035659441,0,0,0,1,0
6269,2884.7055820120127,0,0,0,2,0
6270,1797.1859908979256,0,0,0,2,0
6271,763.3009950762913,0,0,0,1,0
6272,2302.6646951051225,0,0,0,2,0
6273,1000.2762929766919,0,0,0,1,0
6274,371.69946251611515,0,0,0,3,0
6275,732.6823179079497,0,0,0,1,0
6276,1193.3586239835001,1,0,1,2,0
6277,2724.9784087317066,0,0,0,2,0
6278,912.7589516634517,1,0,0,3,0
6279,327.2751612465441,0,0,0,4,0
6280,1160.6572091716384,0,0,0,2,0
6281,1228.3855682149506,0,0,0,1,0
6282,1320.5949436201781,0,1,0,3,0
6283,2751.4175097659345,1,0,0,1,0
6284,3037.90447746781,0,0,1,1,0
6285,605.3393002091984,0,0,0,2,0
6286,592.2071812286681,0,0,0,3,0
6287,387.5331095117333,0,0,0,1,0
6288,2205.7341278733084,0,0,0,2,0
6289,4669.559909079108,0,1,0,2,0
6290,800.2451130811154,0,0,0,0,0
6291,861.4090125781617,0,0,0,0,0
6292,4754.194485263464,0,0,0,2,0
6293,1818.11922558152,0,0,0,3,0
6294,1696.3526154609249,0,0,0,4,0
6295,333.3135018273717,0,0,0,3,0
6296,2161.8682756884846,0,1,0,2,0
6297,433.05453176775796,0,0,0,4,0
6298,352.82769233492337,0,0,1,2,0
6299,775.2832319994226,0,0,0,3,0
6300,610.456645661302,0,1,0,2,0
6301,878.6620085688578,0,0,0,2,0
6302,259.56791039896876,0,1,0,2,0
6303,2860.6847735548263,0,0,0,3,0
6304,3386.954078344665,0,0,0,1,0
6305,156.4376496586955,0,0,0,2,0
6306,2917.4283514730787,0,0,1,2,0
6307,487.5882843664937,0,0,0,1,0
6308,2583.6942587446974,0,0,0,4,0
6309,1024.083665993532,0,0,0,2,0
6310,1128.6478068674764,0,0,0,4,0
6311,911.3275208341465,0,0,1,2,0
6312,3685.381047262761,0,1,1,1,0
6313,317.47909939061657,0,0,0,3,0
6314,2013.9240040632376,0,0,0,1,0
6315,3298.8531768548396,0,0,0,4,0
6316,2244.7290007750985,0,0,0,2,0
6317,11211.540340280948,0,0,0,3,0
6318,646.163932633004,0,0,1,3,0
6319,2856.364160741462,0,1,0,3,0
6320,986.2494994767683,0,0,0,1,0
6321,3764.6345722220162,0,0,1,3,0
6322,1088.233484675973,0,0,0,4,0
6323,744.0618909526139,0,0,0,1,0
6324,4048.3805011586433,0,1,0,3,0
6325,670.7778847808364,0,0,0,1,0
6326,267.00683066805783,0,0,0,1,0
6327,654.02993123621,0,0,1,2,0
6328,2036.5916842756578,0,0,0,1,0
6329,4411.803102188522,0,0,1,3,0
6330,1225.5308490766565,0,0,0,3,0
6331,4097.765348825682,0,0,0,3,0
6332,281.97687908665324,0,1,0,2,0
6333,703.9705586485716,0,0,0,3,0
6334,821.7406898730557,0,0,0,3,0
6335,977.9324249724845,0,0,1,2,0
6336,1192.84249401796,0,0,0,3,0
6337,2188.3671637475504,0,0,0,1,0
6338,702.8849072455723,0,0,0,5,0
6339,1260.2037421003592,0,0,0,3,0
6340,1048.249710290026,0,0,0,1,0
6341,434.46270038586135,0,0,1,2,0
6342,978.805852605324,0,0,0,9,0
6343,949.8845682463384,0,1,0,3,0
6344,929.7534421191743,0,0,0,2,0
6345,1132.0206001177794,0,0,0,2,0
6346,1182.839923290508,0,0,0,3,0
6347,711.7344090980584,0,0,0,1,0
6348,3915.564292177487,0,0,0,4,0
6349,340.535497343307,0,0,0,3,0
6350,533.271082017489,0,0,1,2,0
6351,17676.009862732164,0,0,0,0,0
6352,388.38947784028505,0,0,0,1,0
6353,283.2260452524832,0,0,0,1,0
6354,2285.8123285817687,0,0,0,2,0
6355,137.39776952666855,0,0,1,2,0
6356,866.7287696195749,1,0,1,1,0
6357,9375.216323475845,0,0,0,2,0
6358,233.93986095172892,0,0,0,4,0
6359,151.1141504194174,0,0,0,3,0
6360,244.89236758615172,0,0,0,1,0
6361,2692.8612481913833,0,0,1,1,0
6362,3377.113805467614,0,0,0,2,0
6363,656.8207846881962,1,0,0,2,0
6364,2171.584585972264,0,0,0,5,0
6365,4403.94199824607,1,0,0,4,0
6366,6550.825914060378,0,0,1,0,0
6367,857.194389833568,0,0,0,2,0
6368,109.78548026746805,0,0,0,0,0
6369,482.56763040075896,0,0,0,4,0
6370,715.6532808580821,0,0,0,1,0
6371,846.4585240808171,1,0,0,2,0
6372,908.8141328808593,0,0,0,1,0
6373,3357.3075184755576,0,0,0,3,0
6374,3922.280118973439,0,0,1,2,0
6375,923.6436583060535,0,0,0,5,0
6376,3289.4803272888335,0,1,0,0,0
6377,1568.164908521324,0,0,1,1,0
6378,1169.703963191167,0,0,0,4,0
6379,2714.991650687172,0,0,0,3,0
6380,1178.7997611449387,0,0,0,0,0
6381,8585.338287997569,0,0,0,1,0
6382,260.23597959379504,0,0,1,3,0
6383,655.1269940631098,0,0,0,3,0
6384,966.3065303168786,0,0,0,4,0
6385,1701.8185446880245,1,0,0,1,0
6386,3896.9929143422296,1,0,0,1,0
6387,1070.2006494902785,0,0,0,0,0
6388,264.48124740198864,1,0,0,4,0
6389,2546.5986791188266,0,0,0,0,0
6390,2333.1131395264856,0,0,0,1,0
6391,157.29788127078479,0,0,0,2,0
6392,1092.4693441803179,0,0,0,2,0
6393,223.59987210950285,0,0,0,1,0
6394,564.1662076493541,0,0,0,1,0
6395,444.60714544947723,0,0,0,0,0
6396,2463.3184867888726,0,0,0,1,0
6397,1232.5373061892983,0,0,0,2,0
6398,303.2049559887531,0,0,0,0,0
6399,2644.0469631074416,0,0,0,3,0
6400,261.43721944350864,0,1,1,1,0
6401,1525.555355776664,0,0,0,3,0
6402,485.8934351935591,0,0,0,3,0
6403,760.7637915277537,0,0,0,4,0
6404,1815.7806202529198,0,0,0,1,0
6405,1847.2427465853443,0,0,0,0,0
6406,4175.41516707243,0,0,0,0,0
6407,1010.0410982343225,0,0,0,2,0
6408,1489.8800062274881,0,0,0,2,0
6409,707.8715690526574,1,0,0,0,0
6410,1315.523392616378,0,0,0,1,0
6411,1701.875314132946,0,0,0,2,0
6412,993.9532293141004,0,1,0,3,0
6413,180.59365652279428,0,0,0,3,0
6414,1527.627101360738,0,0,0,1,0
6415,1579.0228373997566,0,0,0,2,0
6416,555.4766220368875,0,0,0,1,0
6417,303.570223888333,1,0,0,0,0
6418,4797.6387582861935,0,0,0,4,0
6419,1792.6415027038997,0,1,0,3,0
6420,872.1129707048856,0,0,0,2,0
6421,351.76632891580476,0,0,0,2,0
6422,482.1162037338518,0,0,1,1,0
6423,4034.309332008916,0,0,0,2,0
6424,1258.4825400604495,0,1,0,2,0
6425,632.3309631832226,0,0,0,2,0
6426,1825.6461008465817,0,1,0,3,0
6427,485.70517914481326,0,0,0,1,0
6428,4918.913886206685,0,0,0,3,0
6429,4242.044116062632,0,1,1,4,0
6430,687.7503638147152,0,0,0,0,0
6431,584.8349981304452,0,0,0,5,0
6432,79.98721435252085,0,0,0,3,0
6433,249.24073295924327,1,0,0,1,0
6434,287.3009363286019,0,0,0,3,0
6435,1255.375915512534,0,0,0,3,0
6436,791.3705340415924,0,0,0,1,0
6437,285.62064451938636,0,0,0,0,0
6438,827.8532940066551,0,0,0,3,0
6439,1817.7180008236637,0,0,0,0,0
6440,1859.0843302316002,0,0,0,1,0
6441,164.07599737907847,1,0,0,2,0
6442,964.6221975161019,0,0,1,4,0
6443,274.96923619537694,0,0,0,1,0
6444,2701.9491451101712,0,0,0,2,0
6445,2402.214781342049,0,0,0,5,0
6446,446.7382147278353,0,0,0,3,0
6447,509.7675296583365,0,0,0,1,0
6448,691.4099714525003,0,0,0,2,0
6449,115.26186253137227,0,0,0,0,0
6450,1534.5127354526642,0,0,0,2,0
6451,834.7693454186017,0,0,0,0,0
6452,2893.363897457452,0,0,0,2,0
6453,365.618625036843,0,0,0,3,0
6454,590.4453317452593,0,0,0,1,0
6455,243.10045232171478,0,0,0,5,0
6456,401.7015646809903,1,1,0,1,0
6457,336.30483777269905,0,0,0,1,0
6458,2968.9798229900557,0,1,0,0,0
6459,545.5192815703865,1,0,0,1,0
6460,1241.6242552848387,0,0,0,5,0
6461,749.3728046015558,1,0,0,3,0
6462,308.13399405050427,0,0,0,0,0
6463,926.7645823383222,0,1,0,1,0
6464,1996.404979563126,0,1,0,2,0
6465,327.7465536655274,0,1,0,3,0
6466,2462.944318629909,0,0,0,3,0
6467,468.8482139927812,0,0,0,3,0
6468,676.5565755685585,0,0,0,4,0
6469,1864.378668610802,0,0,0,5,0
6470,564.8520524469671,0,0,0,2,0
6471,1138.622934844567,0,0,0,1,0
6472,800.5581494514253,0,0,0,0,0
6473,1248.0879344003024,1,0,0,1,0
6474,101.41904504489449,0,0,0,2,0
6475,175.97081981591626,0,0,0,2,0
6476,2030.3571774612506,0,0,0,0,0
6477,3093.8804950606086,0,0,0,0,0
6478,441.20662205982,0,1,1,1,0
6479,859.1741591532046,0,0,0,3,0
6480,1472.5034417910065,0,1,0,1,0
6481,2193.4207745192957,0,0,0,3,0
6482,144.36181152070282,1,0,0,1,0
6483,452.1254804958102,0,0,0,3,0
6484,786.3646531502242,0,0,0,2,0
6485,2215.293539635078,0,0,0,2,0
6486,13338.774967371846,0,0,0,3,0
6487,873.051261752106,1,0,0,2,0
6488,268.54608498432464,0,0,0,1,0
6489,1639.699180060801,0,0,0,3,0
6490,4109.249919680909,0,1,0,0,0
6491,1221.7189494096997,0,0,0,0,0
6492,442.903296922913,0,0,0,5,0
6493,2858.3332136091526,0,1,0,2,0
6494,2129.293723484591,0,1,0,1,0
6495,393.0430531245614,0,0,1,2,0
6496,1605.8775038542587,0,0,0,5,0
6497,2972.817893454039,0,0,0,1,0
6498,3575.6063264762824,0,0,0,0,0
6499,1026.131335337999,0,0,0,6,0
6500,766.5658110725855,0,0,0,3,0
6501,3741.619515000213,0,0,0,0,0
6502,326.96054202267004,0,0,0,2,0
6503,1700.3328260664848,0,0,0,4,0
6504,278.6546976940683,0,0,0,1,0
6505,3182.3534232432935,0,0,1,1,0
6506,847.2149871866727,0,0,1,2,0
6507,3899.420516821596,0,0,0,1,0
6508,1792.5827865197266,0,0,0,2,0
6509,322.7182882112253,0,0,0,2,0
6510,4557.94768481425,0,0,0,1,0
6511,5173.192420681119,0,0,0,1,0
6512,2649.924671160879,0,0,1,1,0
6513,512.0448070417292,0,0,0,1,0
6514,807.5347156119329,0,1,0,1,0
6515,1268.2930463517146,0,0,0,2,0
6516,542.5550748206891,1,0,0,3,0
6517,5957.144726087259,0,0,0,3,0
6518,1266.8977463364351,0,0,0,1,0
6519,73.45345592383441,0,0,0,1,0
6520,1539.7199261878154,0,0,1,1,0
6521,774.2095730724874,0,0,1,1,0
6522,1017.4689937521221,0,0,0,1,0
6523,758.5286987133145,0,0,0,5,0
6524,2457.8602088648236,1,0,0,1,0
6525,3359.9715261236493,0,0,0,3,0
6526,1455.4248967884303,0,0,0,0,0
6527,781.0887758654743,0,0,0,3,0
6528,1052.2255749726064,1,0,0,3,0
6529,1118.3387637942021,0,0,0,3,0
6530,491.5530949669355,0,0,0,2,0
6531,1956.5317090974356,0,0,0,3,0
6532,1737.221581716748,0,0,1,2,0
6533,5117.601953085048,0,0,1,4,0
6534,3848.157650028393,0,0,0,1,0
6535,552.4290906331645,0,0,0,1,0
6536,2490.648443193819,0,0,0,1,0
6537,423.7088805370408,0,0,0,1,0
6538,2199.3829020716544,0,0,0,4,0
6539,654.1821315139451,1,0,0,2,0
6540,394.15600260276324,1,0,0,2,0
6541,1451.0538183170263,0,0,0,1,0
6542,75.59823012344175,1,0,0,0,0
6543,190.3804475404257,0,0,0,3,0
6544,918.2852904268229,0,1,0,4,0
6545,1190.8728047524546,0,1,0,3,0
6546,757.9983659049367,0,1,0,2,0
6547,226.00648674737704,0,0,0,4,0
6548,484.01125368494337,0,0,0,2,0
6549,1621.6660525179364,0,0,0,1,0
6550,1962.121903833926,0,0,0,2,0
6551,1078.9858836927933,0,0,0,2,0
6552,3487.1280950707146,0,0,0,1,0
6553,1631.7315383934092,0,0,0,1,0
6554,519.3325067003243,1,0,0,4,0
6555,828.4015052596317,0,0,0,0,0
6556,269.6524325260242,1,0,0,3,0
6557,984.2313779542934,0,0,0,5,0
6558,3334.5753510446234,0,0,0,3,0
6559,2176.1011357258644,0,0,0,2,0
6560,4456.011337468706,0,0,0,3,0
6561,810.0652145380913,0,0,0,3,0
6562,4213.7143011179,0,0,0,2,0
6563,903.8792455622889,0,0,0,5,0
6564,4777.081540168442,0,0,0,2,0
6565,1072.9243668175873,0,0,0,2,0
6566,2224.375261452651,0,1,0,2,0
6567,4793.961405173992,0,0,0,1,0
6568,903.7677118170919,0,0,0,4,0
6569,1364.289402125127,0,0,0,0,0
6570,3979.3088411922895,0,0,0,5,0
6571,960.0610114824005,0,0,0,2,0
6572,292.68815285485414,1,0,0,3,0
6573,9348.83536456484,0,0,0,1,0
6574,685.5596662273053,0,0,0,2,0
6575,1285.3110765336455,0,0,0,3,0
6576,3484.2450434889424,0,0,0,3,0
6577,596.754673197301,1,0,0,2,0
6578,400.2671050096315,1,1,0,3,0
6579,1413.3771999473531,0,0,0,2,0
6580,182.53165354911764,0,0,0,0,0
6581,822.2906514520866,1,0,0,1,0
6582,1401.1360688949985,0,0,0,1,0
6583,837.1875363639999,0,0,0,5,0
6584,234.28751479037103,0,1,0,3,0
6585,5400.128109238494,0,0,0,1,0
6586,1216.262795563356,0,0,0,3,0
6587,4587.782715228653,0,1,0,2,0
6588,845.5300846773436,0,1,0,3,0
6589,454.8592444840663,0,0,0,0,0
6590,1435.3742854113743,0,0,0,2,0
6591,883.7841633077189,0,0,0,2,0
6592,337.72722465353917,0,0,0,1,0
6593,4768.486599430055,0,0,1,3,0
6594,588.5899593387238,1,0,0,1,0
6595,174.11806702109016,0,0,0,1,0
6596,4138.820214886157,0,0,0,3,0
6597,662.2889785563598,0,0,0,1,0
6598,597.1546394375673,0,0,0,1,0
6599,187.65635907629084,0,0,0,2,0
6600,6253.780792256141,0,0,0,0,0
6601,302.02790470457734,0,0,0,4,0
6602,1162.6410700800886,0,0,0,4,0
6603,2731.5386092186645,0,0,0,1,0
6604,1671.9015879036565,1,0,0,0,0
6605,1033.1272929537668,0,0,0,1,0
6606,200.00335506105014,0,0,1,3,0
6607,487.980362484355,0,0,0,1,0
6608,1323.1894326667564,0,0,0,1,0
6609,499.10970935497687,1,0,0,7,0
6610,1343.9380953283735,0,0,0,6,0
6611,2168.3968806047974,0,0,1,2,0
6612,2871.2503784215683,0,0,0,3,0
6613,321.7647351074399,0,0,0,2,0
6614,9863.990235974243,1,0,0,2,0
6615,2362.5087062685175,0,0,1,3,0
6616,1094.7549708872473,0,0,1,1,0
6617,3260.176399186115,0,0,0,2,0
6618,11677.366639317384,0,0,0,3,0
6619,260.15559620064397,0,0,0,2,0
6620,875.4494026249209,0,0,0,3,0
6621,101.65333417999825,0,0,1,3,0
6622,1329.6240773418822,0,0,0,2,0
6623,1580.3383393491476,0,0,0,4,0
6624,1054.516750484242,1,0,0,7,0
6625,569.903147088093,0,0,0,2,0
6626,141.24351872085066,0,1,0,2,0
6627,1593.2539022203464,1,0,0,2,0
6628,4700.548504224289,0,0,0,3,0
6629,607.2748834191704,0,0,0,2,0
6630,1702.8522683659316,0,0,0,8,0
6631,228.5730119843164,0,0,0,3,0
6632,1732.3134763202365,0,0,0,1,0
6633,739.9759622726964,0,0,0,4,0
6634,511.61994239930243,0,0,0,1,0
6635,512.6720483550025,1,0,0,3,0
6636,739.8063168600455,0,0,0,0,0
6637,1607.4965592797548,0,0,0,1,0
6638,295.2542350157727,0,0,1,1,0
6639,737.2187565502195,0,0,0,2,0
6640,1052.083983147852,0,0,0,4,0
6641,365.38835544450336,0,0,0,1,0
6642,6612.156988821549,0,0,0,1,0
6643,467.08185465278507,0,0,0,3,0
6644,561.4726624590763,0,0,0,3,0
6645,412.2755968767861,0,0,0,5,0
6646,6624.168192602979,0,0,1,3,0
6647,1906.2728527266488,0,0,0,1,0
6648,429.83782816830353,1,0,0,2,0
6649,3315.061846012526,0,0,0,3,0
6650,1340.3669440334463,1,0,0,0,0
6651,1418.355557049256,1,0,0,3,0
6652,777.0640592041942,1,0,0,3,0
6653,518.31543927124,0,0,0,0,0
6654,1537.274156876069,1,0,0,2,0
6655,635.818261409563,0,0,0,0,0
6656,6746.341450371382,0,1,0,3,0
6657,308.187663577509,0,0,0,3,0
6658,5095.722660819686,1,0,0,3,0
6659,981.1066322906504,0,0,0,4,0
6660,1478.9471582119322,0,0,0,3,0
6661,2522.883485475133,0,1,1,1,0
6662,583.9122443397551,0,0,1,1,0
6663,2602.553570956612,0,0,0,2,0
6664,73.14590496934608,0,0,0,3,0
6665,533.794250902276,0,0,0,3,0
6666,435.2572313081998,0,0,0,2,0
6667,313.0910327239545,0,0,0,0,0
6668,884.5200326669619,1,0,0,0,0
6669,1612.836917905861,0,0,0,2,0
6670,2214.2300138481364,0,0,0,0,0
6671,1395.316788772328,0,0,0,6,0
6672,563.5784455763509,0,0,0,1,0
6673,1586.0730141903878,0,0,0,3,0
6674,1241.7608540145527,0,1,0,3,0
6675,2796.3105538175987,0,0,0,0,0
6676,2384.9577849412567,0,0,0,2,0
6677,1130.5691007618177,0,0,0,4,0
6678,447.08422238712023,0,0,0,3,0
6679,570.8062551833115,0,0,0,5,0
6680,632.8355794895125,0,0,0,3,0
6681,800.0975566804862,0,0,0,2,0
6682,1433.752522178044,1,0,0,1,0
6683,2242.113866215335,0,0,0,1,0
6684,1041.9834163594728,0,0,0,3,0
6685,1114.4594720274877,0,0,0,1,0
6686,1265.6059584418854,0,0,0,2,0
6687,654.6460362331853,0,0,0,0,0
6688,434.67896292534607,0,1,0,2,0
6689,189.53280115111,0,0,0,1,0
6690,547.2198503764517,0,0,0,1,0
6691,1760.1344079466187,0,0,0,0,0
6692,542.9887285373746,0,0,0,3,0
6693,864.5360136162557,0,0,0,2,0
6694,1748.3561584111276,0,0,1,7,0
6695,1845.8395551632477,0,0,0,1,0
6696,372.5857258431532,0,1,0,2,0
6697,2972.204928295613,0,0,0,3,0
6698,3385.815558302523,0,0,0,1,0
6699,354.30217218807684,1,0,1,0,0
6700,481.1423298355663,0,0,0,4,0
6701,3608.6560011142847,0,0,0,5,0
6702,946.8554851518205,0,0,0,4,0
6703,119.13080040581329,0,1,1,2,0
6704,270.5125506744548,0,0,0,4,0
6705,854.5973093966313,0,0,0,0,0
6706,342.73493005011755,0,0,0,2,0
6707,725.2933758611364,0,0,0,1,0
6708,1132.7416518176915,0,0,0,2,0
6709,4732.716379348295,0,0,0,2,0
6710,820.1982536437088,0,0,0,0,0
6711,3205.238557726496,0,0,0,1,0
6712,4576.822056029708,0,0,0,3,0
6713,4602.291770327475,0,0,0,2,0
6714,1457.903309837377,0,0,0,2,0
6715,153.96277496086165,0,1,0,3,0
6716,1738.5815618255972,0,1,1,3,0
6717,3128.784557445965,0,0,0,3,0
6718,1011.2403185328847,0,0,0,1,0
6719,6276.600994825347,0,0,0,5,0
6720,2591.0890824571143,0,0,0,3,0
6721,1935.795006489926,0,0,0,2,0
6722,3249.9039180369728,0,1,0,0,0
6723,1530.530752454768,0,0,0,1,0
6724,90.66664154989624,0,0,0,3,0
6725,665.7145989098011,0,0,0,1,0
6726,3630.6538218347987,0,0,1,1,0
6727,489.0225778599317,1,0,0,2,0
6728,877.0179807811234,0,0,0,2,0
6729,385.7400457932344,0,0,0,0,0
6730,6528.435422706361,0,0,0,2,0
6731,5892.8348367291,0,0,0,3,0
6732,453.1082705941395,0,0,0,3,0
6733,1270.6679681897263,0,0,0,2,0
6734,555.2985806485675,0,0,0,2,0
6735,2028.28246799139,0,1,0,0,0
6736,1825.6348658873112,0,1,1,2,0
6737,2469.3384793191294,0,0,0,1,0
6738,1528.3109459898708,0,0,0,3,0
6739,20648.67034799525,0,0,0,5,0
6740,392.3193729481752,0,1,0,0,0
6741,198.22379011857794,0,0,0,2,0
6742,740.1921386340131,0,0,0,0,0
6743,228.60868309676877,0,0,0,1,0
6744,246.54332285661863,0,0,0,1,0
6745,402.89877260921594,0,0,0,3,0
6746,436.0736253473213,0,0,0,0,0
6747,422.1589483807089,0,0,0,4,0
6748,1841.2849521702485,0,0,0,3,0
6749,661.0377435581789,0,0,0,2,0
6750,916.4297601591726,0,0,0,2,0
6751,2681.7712637427935,0,0,0,3,0
6752,509.62617931395465,0,0,0,4,0
6753,841.725626012031,1,0,0,3,0
6754,1580.9164445927418,0,1,0,0,0
6755,157.34363939160608,0,0,0,2,0
6756,100.99737142922939,0,0,0,2,0
6757,1550.1660431638877,0,0,0,3,0
6758,1793.661392838091,0,0,0,5,0
6759,8640.538055942254,0,0,0,3,0
6760,1284.461541768258,0,0,0,1,0
6761,2489.2574129723994,0,0,0,0,0
6762,901.921381815339,0,0,0,0,0
6763,1476.2010691369599,1,0,0,2,0
6764,5809.540981093128,0,1,0,2,0
6765,131.10613445734535,0,0,0,0,0
6766,1658.4127638419818,0,1,0,2,0
6767,9279.720716079912,0,0,0,1,0
6768,1453.942656993266,0,1,0,2,0
6769,5713.419375348241,0,0,1,1,0
6770,584.5181604390222,0,0,0,0,0
6771,1062.0459898803015,0,0,0,2,0
6772,1134.0206595145971,0,0,0,1,0
6773,119.39160882498834,0,0,0,1,0
6774,340.97943656944904,0,0,0,2,0
6775,366.17996515122053,0,0,0,4,0
6776,2495.055064875671,0,0,0,1,0
6777,2623.2075552298475,0,0,0,3,0
6778,1516.312140910529,0,0,0,1,0
6779,2500.142219043633,1,1,0,0,0
6780,930.6195873517961,0,1,0,1,0
6781,3647.990217336851,0,0,0,0,0
6782,1106.3133305430651,0,0,0,1,0
6783,1161.9606205046025,0,0,0,2,0
6784,840.8450236700461,0,0,1,3,0
6785,2174.2748326131878,0,0,0,1,0
6786,719.6760522897683,0,0,0,3,0
6787,2911.522377644678,0,0,0,1,0
6788,353.4884668785349,0,0,0,4,0
6789,365.4332899415704,0,0,0,6,0
6790,2180.755717526579,0,1,0,3,0
6791,1003.7073617622405,0,0,0,3,0
6792,696.5284112511657,0,0,0,1,0
6793,2670.5980964653545,0,0,0,3,0
6794,597.4906205832978,0,0,0,2,0
6795,897.666614203564,0,0,0,3,0
6796,4443.6347151544605,0,0,0,2,0
6797,5110.959045937634,0,0,0,0,0
6798,5283.786238138877,0,0,1,2,0
6799,827.0575016900292,0,0,0,1,0
6800,3754.4718617969365,0,0,0,6,0
6801,424.5573820487035,0,0,0,4,0
6802,442.79066784190354,0,0,0,2,0
6803,104.53732110178363,0,0,0,3,0
6804,5842.232042719041,1,0,0,2,0
6805,462.21037793176686,0,0,0,2,0
6806,966.2933086349983,0,0,0,1,0
6807,441.27826289003934,0,0,0,3,0
6808,2197.6969460737528,0,0,0,1,0
6809,753.2267710864987,0,0,0,3,0
6810,297.43125110772695,0,0,0,0,0
6811,1705.5835072936518,0,0,0,6,0
6812,261.45703690526716,0,0,1,4,0
6813,474.6578718301825,0,0,0,2,0
6814,133.36782138411675,0,0,0,0,0
6815,264.0244962856265,0,0,0,2,0
6816,1310.9786124637951,1,0,0,1,0
6817,153.77091991170568,0,0,0,0,0
6818,249.34918796465954,0,0,1,2,0
6819,1094.0384010424314,1,0,0,0,0
6820,636.7601817440728,0,0,0,1,0
6821,8038.812368966104,0,0,0,2,0
6822,6862.976687222923,0,0,0,4,0
6823,460.39164860442065,1,0,1,0,0
6824,1914.358040275602,1,0,0,2,0
6825,2319.9074157957284,0,0,0,0,0
6826,603.3642889790182,0,0,0,2,0
6827,245.7853179122237,0,0,0,1,0
6828,1083.2288660765723,0,0,0,0,0
6829,922.5617627701514,0,0,0,4,0
6830,709.2694545265042,0,0,0,2,0
6831,1706.699842539479,0,0,0,2,0
6832,517.6350167248951,0,0,1,1,0
6833,346.5414555882418,0,0,0,5,0
6834,1223.0254810578758,0,0,0,2,0
6835,1613.1919817217067,0,0,0,1,0
6836,338.1045124432551,0,0,0,2,0
6837,2774.1248608726073,0,0,0,2,0
6838,186.70295206329345,0,0,0,4,0
6839,615.1625496667077,0,0,0,0,0
6840,847.2463172793325,0,0,0,0,0
6841,580.4341089848173,1,1,0,3,0
6842,623.2448918920664,0,0,0,0,0
6843,7122.930325503646,0,0,0,1,0
6844,468.3031820023532,0,0,0,0,0
6845,12597.097666426349,1,1,0,2,0
6846,1697.8648664133912,0,1,0,3,0
6847,1202.3763115985137,0,0,0,1,0
6848,1765.590286481457,0,0,0,1,0
6849,13765.596473432739,0,0,0,3,0
6850,406.0218581939074,0,0,0,2,0
6851,357.659737693583,0,0,1,2,0
6852,515.4981957382411,0,0,1,1,0
6853,1132.455028873265,0,0,0,1,0
6854,195.23986414590124,0,0,0,4,0
6855,1121.4067908029622,0,0,1,1,0
6856,5964.300936295398,0,0,0,0,0
6857,1275.900382383562,0,0,1,5,0
6858,818.3699868657199,0,0,0,1,0
6859,591.0139087046344,0,1,1,3,0
6860,2693.2709610464303,0,0,0,0,0
6861,480.1829738383489,1,1,0,3,0
6862,6949.297960640738,0,0,0,2,0
6863,7580.691851182615,0,0,0,1,0
6864,1417.6428388336988,0,0,0,3,0
6865,1084.0777580261151,0,0,1,4,0
6866,3073.7691025277763,0,0,0,0,0
6867,3277.3763966277565,0,0,0,0,0
6868,489.80544877245615,0,0,0,0,0
6869,647.7111668810883,0,0,0,2,0
6870,292.2625567806319,0,0,0,5,0
6871,1650.8819484981186,0,0,0,0,0
6872,2135.8668958402004,0,0,0,3,0
6873,284.312607131388,1,0,0,2,0
6874,695.6183033575071,0,0,0,3,0
6875,285.0732265183724,0,1,0,2,0
6876,446.39320525850945,0,0,0,0,0
6877,1902.676884580493,1,0,0,4,0
6878,526.6403845327085,0,0,0,1,0
6879,811.7350907122878,0,0,0,3,0
6880,215.44125462912322,0,0,0,1,0
6881,1322.1179135300642,0,0,0,2,0
6882,1049.1406507036804,0,0,0,1,0
6883,529.027677003415,0,0,1,0,0
6884,907.7651523104122,0,0,0,1,0
6885,1313.2954663810883,0,0,0,2,0
6886,485.4769700571645,0,1,0,3,0
6887,250.56978285411103,1,0,1,3,0
6888,6671.329421961919,0,0,0,0,0
6889,582.1495044780329,0,0,0,4,0
6890,995.4947968425678,0,0,0,1,0
6891,3013.446547304028,0,0,1,1,0
6892,37386.13480661485,0,0,0,1,0
6893,315.9277506023681,0,0,0,0,0
6894,1719.5660023039818,0,0,0,2,0
6895,540.4746390521965,0,0,0,4,0
6896,639.834593582649,0,1,0,1,0
6897,533.675501412472,0,1,0,3,0
6898,355.79155232938757,0,0,0,3,0
6899,1052.2738132811153,0,0,0,2,0
6900,251.01113807593282,0,0,0,2,0
6901,2826.53700024795,0,0,1,3,0
6902,1158.6408730828107,0,0,0,1,0
6903,1673.1025110536452,0,0,0,4,0
6904,688.015514657786,1,1,0,1,0
6905,759.6031043776957,0,0,1,3,0
6906,1462.0047732296096,0,0,0,1,0
6907,342.3896334239572,0,0,0,2,0
6908,766.6340474860485,0,0,0,3,0
6909,464.2329557867268,0,1,0,1,0
6910,450.0826305756081,0,0,1,0,0
6911,132.97508227777172,0,0,0,2,0
6912,4185.270387172929,0,0,0,1,0
6913,551.9520887935256,0,1,0,2,0
6914,3510.016632889179,0,0,0,3,0
6915,3193.243088126549,0,0,0,2,0
6916,303.0810596969273,0,0,0,1,0
6917,369.29240818170246,0,0,1,2,0
6918,14192.982898246164,0,0,0,1,0
6919,6316.534144925049,0,0,0,1,0
6920,1062.607940472928,0,0,0,3,0
6921,1418.5253235269756,0,0,0,2,0
6922,583.5636897734955,0,1,0,1,0
6923,1689.7784661398084,0,0,0,4,0
6924,535.2950548562385,0,0,0,1,0
6925,143.6882806819155,0,0,0,2,0
6926,292.4940175051643,0,0,0,4,0
6927,1120.0098376320252,0,1,1,3,0
6928,353.8711148508276,0,0,0,5,0
6929,1025.2815482627386,1,0,0,1,0
6930,374.4053224946414,0,0,0,2,0
6931,501.5212992054386,0,0,0,1,0
6932,2573.8685189519947,0,0,0,6,0
6933,1404.56166044253,0,0,0,2,0
6934,1086.0858823130152,0,0,0,4,0
6935,2641.1348549457334,0,0,0,1,0
6936,1773.3196781513616,0,0,0,1,0
6937,4659.0334491057365,1,0,0,1,0
6938,692.3840157031591,0,0,0,2,0
6939,713.630285974162,0,0,0,1,0
6940,298.5360612097027,0,0,1,0,0
6941,714.0973393201407,0,0,1,2,0
6942,2877.766911168498,0,0,0,2,0
6943,4023.8215817373352,0,0,0,3,0
6944,2864.9471095450863,0,0,0,1,0
6945,182.32815873145893,0,0,0,1,0
6946,3239.4058510369014,0,0,0,3,0
6947,174.42264997082214,0,0,0,7,0
6948,2692.208997111476,0,0,0,1,0
6949,759.1622126207652,0,0,0,4,0
6950,2213.94952284834,0,0,0,3,0
6951,289.32529753367726,0,0,0,2,0
6952,3537.4720211552362,0,0,0,2,0
6953,253.41418725158567,0,0,0,3,0
6954,562.0243009856343,0,0,0,0,0
6955,404.1982082910469,0,0,0,4,0
6956,189.75146694427968,0,0,0,6,0
6957,1205.3527812356099,0,0,1,0,0
6958,6674.763939919021,0,0,0,3,0
6959,15786.417893338754,0,0,1,3,0
6960,1208.5248795763612,0,0,0,0,0
6961,3349.884930308493,0,0,0,2,0
6962,1383.116600477813,0,0,0,3,0
6963,1806.0243103526727,0,1,0,0,0
6964,778.8756059715087,0,0,0,0,0
6965,1332.8528519124477,0,0,1,1,0
6966,1877.0913520963338,0,0,0,0,0
6967,614.9495741074539,0,0,0,3,0
6968,1014.8597454517989,0,1,0,3,0
6969,1034.3928146117644,0,0,0,3,0
6970,2505.900217764108,0,0,0,3,0
6971,377.64999532199744,0,0,0,1,0
6972,1041.5422135704785,0,0,0,0,0
6973,7420.5278248258655,0,0,0,3,0
6974,3512.418647732683,0,1,0,1,0
6975,4226.709396646587,0,0,0,1,0
6976,1123.7559046387526,0,0,0,1,0
6977,1511.7112460790504,0,0,0,1,0
6978,2987.631364646749,1,0,0,2,0
6979,5220.014869996346,0,0,0,2,0
6980,155.77257439757548,0,0,0,2,0
6981,294.28794504516793,0,0,0,1,0
6982,4062.0542656860066,0,1,0,3,0
6983,831.399681916946,0,0,1,3,0
6984,560.1917919626279,0,0,1,1,0
6985,312.88603318464453,0,0,0,0,0
6986,629.5361626482235,0,0,0,2,0
6987,269.7864490424359,0,0,0,0,0
6988,8875.893388163886,0,0,0,0,0
6989,1072.3029968610717,0,1,0,0,0
6990,1034.8890048287183,0,0,0,0,0
6991,1974.5122309618887,0,0,0,2,0
6992,2870.79757047357,0,0,0,1,0
6993,2823.9394482759944,1,0,1,0,0
6994,3208.702548464543,0,0,0,1,0
6995,583.5641870612009,0,0,0,0,0
6996,814.1406949967877,0,0,1,3,0
6997,2366.178902162122,0,0,0,1,0
6998,647.1712472358485,0,0,1,1,0
6999,1091.0473309410688,0,0,0,4,0
7000,1633.963217447958,0,1,1,2,0
7001,2404.7111762923323,0,1,1,4,0
7002,185.36355106926715,0,0,0,2,0
7003,2241.1527878214274,0,0,0,2,0
7004,868.0731125385176,0,1,0,2,0
7005,2224.8787769898618,0,0,0,1,0
7006,2384.945834957316,0,0,0,4,0
7007,5474.822100618957,0,0,0,0,0
7008,4244.815553984803,0,0,0,1,0
7009,4215.703087647974,0,0,0,4,0
7010,4645.574473001705,0,0,0,1,0
7011,1467.593091046843,0,0,0,4,0
7012,1132.5025251150198,1,0,1,2,0
7013,2624.9498843790047,0,0,0,0,0
7014,2280.3425489545752,0,0,0,1,0
7015,805.0736494726474,0,0,0,1,0
7016,1643.8945131522955,1,0,0,4,0
7017,1058.8127722358067,0,0,0,2,0
7018,466.87758446508343,0,0,0,3,0
7019,3985.6701346959044,0,0,0,2,0
7020,1158.8683441398491,0,1,0,3,0
7021,8507.541272737253,0,0,0,0,0
7022,215.83359770657634,0,0,0,2,0
7023,628.427851792317,0,1,0,3,0
7024,1133.0165143463798,0,0,0,2,0
7025,3419.949615468285,0,0,0,1,0
7026,1635.1165621125745,0,0,0,1,0
7027,1495.8842075683851,0,0,0,0,0
7028,355.21960627674036,0,0,0,3,0
7029,344.8324347860942,0,0,0,4,0
7030,1513.9912586320963,0,0,0,0,0
7031,280.30940366519116,0,1,0,0,0
7032,644.2728069684861,0,0,0,5,0
7033,1809.7017453111764,0,0,0,2,0
7034,410.6230858695974,0,0,0,2,0
7035,5460.829402169644,0,0,1,1,0
7036,3729.152758105043,0,0,0,1,0
7037,227.82550378531113,1,0,0,3,0
7038,431.65590593461485,0,1,0,2,0
7039,111.52209754284685,0,0,0,2,0
7040,501.4022321012241,0,0,0,5,0
7041,2359.932926337645,0,1,0,1,0
7042,724.9517186888055,0,0,0,3,0
7043,1738.5335397576841,0,0,1,1,0
7044,239.287481779617,0,0,0,2,0
7045,2435.6653793168166,0,0,0,2,0
7046,629.4779166380329,0,0,0,3,0
7047,1110.0603722956914,0,1,0,2,0
7048,999.3704178948465,0,0,0,4,0
7049,307.49274058299255,0,0,1,0,0
7050,346.1650443992109,0,0,0,1,0
7051,2886.484108425032,0,0,0,3,0
7052,1634.3364459544841,0,0,0,2,0
7053,3133.9486612303026,0,0,0,1,0
7054,1517.2552660600372,0,0,0,1,0
7055,1265.2065074182292,0,0,0,0,0
7056,195.19311099711425,0,0,0,1,0
7057,836.8403430403539,0,0,0,1,0
7058,1067.0100600376586,0,0,1,3,0
7059,7731.879056571642,0,0,0,3,0
7060,2179.7307349985285,0,0,0,4,0
7061,5095.235578134578,0,0,0,3,0
7062,1993.2818015849791,0,0,0,3,0
7063,538.4511475865861,0,1,0,1,0
7064,1232.899777184592,0,0,0,1,0
7065,1388.839306871231,0,0,1,0,0
7066,428.7373227998783,0,0,0,3,0
7067,746.6620128766597,0,0,0,3,0
7068,892.6843137361752,0,0,0,3,0
7069,5462.2705424628775,0,0,0,2,0
7070,136.9011968281028,0,0,0,1,0
7071,3662.196638132811,0,0,0,4,0
7072,429.75048165446873,0,0,0,3,0
7073,278.08332881920995,0,0,0,4,0
7074,3568.648137316859,0,0,0,5,0
7075,2279.925553027294,0,0,0,2,0
7076,3844.960859796576,0,0,1,2,0
7077,2442.3157536124763,0,0,0,2,0
7078,8602.817128971055,0,1,0,2,0
7079,1917.3970401149525,0,0,0,2,0
7080,937.7867932631816,0,0,0,2,0
7081,1545.2274221802684,1,0,0,1,0
7082,3802.709539541296,0,0,0,2,0
7083,503.01735613342396,1,1,0,1,0
7084,571.4125296091222,0,0,0,1,0
7085,805.1591706608775,0,1,0,3,0
7086,133.67576467664014,0,0,0,3,0
7087,1259.006766354041,1,0,0,1,0
7088,166.31295691279922,0,0,0,3,0
7089,1156.391098981107,0,1,0,1,0
7090,2605.265207573069,0,0,0,1,0
7091,680.7012653559434,0,0,0,1,0
7092,5867.100685982297,0,0,0,2,0
7093,254.5504633407744,0,1,0,0,0
7094,3609.2695193167765,1,0,0,5,0
7095,2154.118901261092,0,0,0,4,0
7096,197.15037288309546,0,0,0,2,0
7097,16494.698397915,0,0,0,2,0
7098,1028.9094300292852,0,0,0,0,0
7099,456.01056488085663,0,0,0,1,0
7100,268.5166183194657,0,0,0,2,0
7101,880.0528586713635,0,0,0,1,0
7102,965.4488547080941,0,0,0,2,0
7103,1215.1776128902613,0,0,0,1,0
7104,814.1982150371275,1,0,0,6,0
7105,2065.7018159801573,0,0,0,1,0
7106,744.2449148852381,1,0,0,1,0
7107,158.38612530296305,0,0,0,1,0
7108,944.4837711820335,0,1,0,0,0
7109,102.77296649780935,0,0,0,2,0
7110,1562.0754471901803,0,0,0,0,0
7111,411.8667067582016,0,0,0,3,0
7112,1291.2426844205443,0,0,0,2,0
7113,4080.9087748304364,0,0,0,4,0
7114,424.644056855054,0,1,0,3,0
7115,3169.269055785474,0,0,0,2,0
7116,710.9559218623999,0,0,0,1,0
7117,6330.881747656751,0,0,0,1,0
7118,761.1628934547517,0,0,0,1,0
7119,473.19473917575505,0,0,0,0,0
7120,2180.3451095682663,0,0,0,1,0
7121,709.2515580022521,0,0,0,1,0
7122,472.74233126885366,0,0,0,1,0
7123,680.0458003080521,0,1,0,3,0
7124,1048.791122331016,0,0,0,2,0
7125,4197.230286941195,0,0,0,2,0
7126,158.5249912738851,0,0,0,4,0
7127,1122.238532109477,0,1,0,4,0
7128,2048.5829611509453,0,0,0,2,0
7129,1330.6842664845153,0,1,0,1,0
7130,4063.765027025193,0,0,0,1,0
7131,1018.0605454477613,0,0,0,1,0
7132,911.8254304882787,0,0,0,3,0
7133,1982.9274601995203,1,0,0,0,0
7134,1211.1357260686525,0,0,0,2,0
7135,742.1795994980226,0,0,1,0,0
7136,1837.4684108891574,0,0,0,2,0
7137,571.0471078028164,0,0,0,1,0
7138,595.1555785853864,0,0,0,6,0
7139,646.7798528375201,0,0,0,2,0
7140,4243.18378937299,0,0,0,2,0
7141,43.77153166215702,0,1,0,2,0
7142,1628.8000136928956,0,0,0,0,0
7143,1134.8682163143828,0,0,1,1,0
7144,204.20605156306317,1,0,1,3,0
7145,1494.768731390129,0,0,0,3,0
7146,1764.728250571389,0,0,0,1,0
7147,1977.5999289923516,0,0,0,0,0
7148,77.33695679088247,0,0,0,2,0
7149,4300.082174528156,0,0,1,3,0
7150,524.4044801915301,1,0,0,2,0
7151,2178.8832344594985,0,0,0,1,0
7152,2300.9417639155254,0,0,0,1,0
7153,456.36955748899163,0,0,1,1,0
7154,2122.7335603670103,0,0,0,1,0
7155,745.8367623895773,1,0,0,5,0
7156,138.18907010139964,0,0,0,2,0
7157,3525.374411124771,0,0,0,2,0
7158,505.2003266156564,0,0,1,1,0
7159,466.61594757550006,0,0,0,0,0
7160,732.8449356502217,0,0,0,0,0
7161,1439.7672179876918,1,0,1,2,0
7162,1035.5931042737716,0,0,0,3,0
7163,1897.0720015691738,0,0,0,2,0
7164,287.2953077070744,0,1,0,0,0
7165,521.9718345203067,0,0,0,2,0
7166,976.5275155813883,1,0,0,1,0
7167,7316.49957656653,0,0,0,3,0
7168,978.6631048353347,0,0,0,1,0
7169,3246.1412546690767,0,0,1,1,0
7170,1139.739684956729,0,0,0,4,0
7171,676.1002491197727,0,0,0,5,0
7172,856.8608835882003,0,0,0,3,0
7173,926.6540362439558,1,0,0,1,0
7174,2005.4940913055939,0,0,0,0,0
7175,4335.582569340369,0,0,0,6,0
7176,1571.334987725632,0,0,0,4,0
7177,3594.203467124537,0,0,0,5,0
7178,417.8866662425039,0,0,1,0,0
7179,724.4186645344558,0,0,0,2,0
7180,531.4969534562223,0,0,0,1,0
7181,1501.8374301418182,0,0,0,1,0
7182,765.892342497349,0,0,0,0,0
7183,2275.08555446046,0,0,0,1,0
7184,432.2474773117092,0,0,0,1,0
7185,1144.8523701643146,0,0,0,1,0
7186,2179.5155602335803,0,0,0,1,0
7187,139.03104102966418,0,0,0,3,0
7188,9151.117732168395,0,0,0,4,0
7189,826.2092866702856,0,0,0,1,0
7190,144.74304780574587,0,0,0,2,0
7191,1284.4602864774204,1,0,0,2,0
7192,1133.9285417508459,0,0,0,1,0
7193,1010.4040915131787,0,0,0,2,0
7194,2954.814381850552,1,0,0,2,0
7195,2315.6483021187114,0,0,0,2,0
7196,1477.159389442954,1,0,0,0,0
7197,1720.13083529521,0,1,1,3,0
7198,987.9593474166528,0,0,0,1,0
7199,6473.620730226397,0,0,0,4,0
7200,249.8358198788353,0,0,0,1,0
7201,1260.9890775817853,0,0,0,5,0
7202,1170.3107972470402,0,0,0,3,0
7203,2473.2303423439857,0,0,0,0,0
7204,471.6070523175747,0,0,0,0,0
7205,191.77587981932854,0,0,0,3,0
7206,1282.8289252586553,0,0,0,2,0
7207,1452.7745535178813,0,0,0,7,0
7208,4863.917243643226,0,1,1,2,0
7209,307.85778941704694,0,0,0,3,0
7210,3479.6735702505193,0,0,0,1,0
7211,11700.821874788142,0,0,0,1,0
7212,751.6231834131045,0,0,1,4,0
7213,301.5867734329211,1,0,0,0,0
7214,729.9862027538485,0,1,0,5,0
7215,1112.0995201807605,0,0,0,2,0
7216,1927.1314385862784,0,1,0,0,0
7217,607.0464245904228,0,0,0,3,0
7218,5193.683912774952,0,0,0,6,0
7219,359.77098814821,1,0,0,2,0
7220,192.6345456117661,0,0,0,2,0
7221,3316.6496946726747,0,0,0,4,0
7222,112.77322781111268,0,0,0,1,0
7223,894.1470357127876,0,1,0,0,0
7224,24777.248929060373,0,0,0,3,0
7225,1083.5050123515637,0,0,0,3,0
7226,357.53467459463167,0,0,0,2,0
7227,1035.4615374578138,0,0,0,2,0
7228,1042.3147201266013,0,0,0,2,0
7229,1287.7476201209818,0,0,0,2,0
7230,2126.5643647403767,0,0,0,2,0
7231,387.9547975327625,0,0,0,1,0
7232,5928.627738844947,0,1,1,2,0
7233,1401.242026890914,0,0,1,3,0
7234,2268.3184077136,0,0,0,1,0
7235,585.1396871870179,0,0,0,4,0
7236,3969.4472688388787,0,0,0,2,0
7237,848.0567800758321,0,0,0,2,0
7238,1447.4410938057677,0,0,0,1,0
7239,431.338827010878,0,0,0,1,0
7240,404.66856481941807,0,0,0,3,0
7241,2182.4542088785206,0,0,0,3,0
7242,703.728881017758,0,0,0,0,0
7243,466.92886022311916,0,0,0,1,0
7244,576.4085272368334,0,0,0,0,0
7245,2206.0372197341476,0,0,0,1,0
7246,584.6200440089234,0,0,0,1,0
7247,974.9099116272529,0,0,0,1,0
7248,1113.237538444191,0,0,0,2,0
7249,161.20085176969872,0,0,1,2,0
7250,251.86005466591212,0,0,0,4,0
7251,1534.9880719086623,0,0,0,1,0
7252,524.7755455286828,0,0,0,3,0
7253,3154.9404856039405,0,0,0,1,0
7254,2883.6355022946873,0,0,0,2,0
7255,2251.087397781653,0,0,0,2,0
7256,6766.7201976456745,0,1,0,2,0
7257,1009.1974320836886,0,0,0,1,0
7258,2098.2982245099165,0,0,0,0,0
7259,611.306838265794,1,0,0,4,0
7260,12738.31822389367,0,1,0,2,0
7261,7971.5453785991795,0,0,0,1,0
7262,1109.739336245583,1,1,0,4,0
7263,1614.1862357993678,0,0,0,1,0
7264,4269.694676633409,0,1,1,2,0
7265,946.5847387668546,0,1,1,0,0
7266,568.713009097335,0,0,0,0,0
7267,2628.02988421537,0,0,0,0,0
7268,1186.1158381564985,0,0,0,4,0
7269,1316.845588039647,0,1,0,2,0
7270,476.1479650782744,0,1,0,3,0
7271,196.82752775429861,0,0,0,4,0
7272,1388.7264871690065,0,0,0,2,0
7273,2710.6996161426678,0,0,0,3,0
7274,874.9731944061535,0,0,0,1,0
7275,4612.058287607984,1,0,0,1,0
7276,542.4433600816004,0,0,0,3,0
7277,381.95222870259363,0,1,0,6,0
7278,1025.3298993403043,0,0,0,2,0
7279,1009.6988778588509,0,0,0,5,0
7280,2368.3972305784496,0,0,0,2,0
7281,505.2418249454548,0,1,1,3,0
7282,4307.419314443879,0,0,0,3,0
7283,7839.39516077642,0,0,0,1,0
7284,1054.5358252560225,1,0,0,2,0
7285,3826.5175787301378,0,0,0,3,0
7286,381.268148485945,0,0,0,2,0
7287,3213.839287576904,0,0,0,1,0
7288,3125.2714067506777,1,0,0,0,0
7289,2600.4434838871775,0,0,0,2,0
7290,1079.698280445897,0,1,0,2,0
7291,57.15409600253051,0,0,0,2,0
7292,577.2485038353215,0,0,0,6,0
7293,586.4479880975174,0,0,0,1,0
7294,412.29745291192313,0,0,0,2,0
7295,1239.2269100708902,0,0,0,4,0
7296,721.2865947418084,0,0,0,2,0
7297,480.7695216183898,0,0,0,2,0
7298,380.39106872404017,0,0,0,1,0
7299,536.1891628173806,0,0,0,4,0
7300,3366.0634062730214,0,0,0,1,0
7301,566.2156118749726,0,0,0,0,0
7302,655.279127403116,0,0,0,3,0
7303,694.5765539412622,0,0,0,2,0
7304,1539.1621883202113,0,0,0,0,0
7305,1730.645066026676,0,0,0,2,0
7306,52.213624195970134,0,1,0,4,0
7307,3046.154376326529,0,0,0,1,0
7308,4611.774722468486,0,0,0,1,0
7309,383.6817614018728,0,0,0,0,0
7310,414.7607115525339,0,0,0,2,0
7311,699.067016333931,0,0,1,1,0
7312,514.9119836601202,0,0,0,2,0
7313,1371.865640665888,0,0,0,3,0
7314,156.5655408430732,0,0,0,4,0
7315,358.5515315978843,0,0,0,4,0
7316,5111.23941203643,0,0,0,5,0
7317,433.4515532003496,0,0,0,3,0
7318,3802.5542011052275,0,0,0,0,0
7319,1564.5260217332395,0,0,0,2,0
7320,179.60002326603973,0,0,0,2,0
7321,2070.0523902035266,0,0,1,1,0
7322,974.8978514903735,1,0,1,2,0
7323,695.4317973192847,0,0,0,4,0
7324,1401.021781285145,0,0,0,3,0
7325,1762.7554944432738,0,0,0,0,0
7326,2225.1771779617857,0,0,0,2,0
7327,3562.6247715194518,0,0,1,0,0
7328,1649.3489491865469,0,1,0,1,0
7329,277.09652500620723,0,0,0,1,0
7330,682.9041700608395,0,0,0,1,0
7331,20807.074650116065,0,0,0,0,0
7332,2263.1005128072634,0,0,0,1,0
7333,11722.757309914256,0,0,0,0,0
7334,4426.808091350309,0,0,0,3,0
7335,1396.6084929512738,0,1,0,0,0
7336,1482.3842789496578,0,0,0,1,0
7337,1057.2431107388668,0,0,0,1,0
7338,192.90452630534944,0,0,0,5,0
7339,1116.6040416437017,1,0,0,6,0
7340,3680.0239987537866,0,0,0,2,0
7341,602.0617442079098,0,0,0,1,0
7342,1655.656687368841,0,0,0,3,0
7343,2569.8197670902264,0,0,1,4,0
7344,441.5624946167695,0,1,0,2,0
7345,698.3337467245872,0,1,0,2,0
7346,396.2671121607836,0,0,1,1,0
7347,481.9471175045227,0,0,0,2,0
7348,302.5948301209498,0,0,0,3,0
7349,445.6578649207645,0,0,0,1,0
7350,4534.434603505454,1,0,0,1,0
7351,439.0103420111788,0,0,0,0,0
7352,1244.462786587807,0,0,0,0,0
7353,663.2362399013887,0,1,0,0,0
7354,3564.8096490141716,0,0,1,0,0
7355,4069.039667254586,0,0,0,1,0
7356,2602.0893101517136,0,0,0,1,0
7357,1489.4088170152556,0,0,0,0,0
7358,870.3891958418367,0,0,0,4,0
7359,332.9942743900498,0,0,0,3,0
7360,7658.174214474212,0,0,0,2,0
7361,513.0262339910944,0,0,0,2,0
7362,2129.5082149232016,0,0,0,3,0
7363,3163.9153443127766,0,0,0,4,0
7364,629.3701158309497,0,0,0,3,0
7365,3096.45295504042,0,1,0,3,0
7366,2354.8050067451686,0,0,0,3,0
7367,6173.145764695077,0,1,0,3,0
7368,685.8462886348711,0,0,0,2,0
7369,303.1221873248249,0,1,0,3,0
7370,661.500172651839,0,0,1,3,0
7371,1351.3421226913406,0,0,0,2,0
7372,1162.3658431790645,0,0,0,1,0
7373,739.9348218407223,0,0,0,3,0
7374,162.52023888884872,0,0,0,2,0
7375,1755.4543585072784,0,0,0,0,0
7376,7882.059283324332,0,0,0,2,0
7377,1744.5488074248292,0,0,0,5,0
7378,2016.5340886965218,0,0,1,2,0
7379,1943.8878755195274,0,0,0,3,0
7380,1631.1599555463933,0,0,0,3,0
7381,2784.0610967023695,0,0,0,1,0
7382,1628.4333248253486,0,1,0,1,0
7383,802.1718248328417,0,0,0,0,0
7384,494.729471026288,0,1,0,1,0
7385,854.9357712066917,0,0,1,1,0
7386,1501.3642840883012,0,1,0,2,0
7387,799.4444419595939,0,0,0,3,0
7388,1501.6783823509497,1,0,0,2,0
7389,1701.3037258720492,0,0,0,3,0
7390,2522.938143431563,0,0,0,4,0
7391,3955.2337024647386,0,0,0,4,0
7392,1185.6037511696827,0,0,0,2,0
7393,296.5522527706795,0,0,0,0,0
7394,776.5770796751648,0,0,0,5,0
7395,1146.0340024756003,0,0,0,4,0
7396,174.9029491533959,0,0,0,1,0
7397,4396.941744188512,0,0,0,2,0
7398,1264.431524627475,0,0,1,0,0
7399,1605.7606275990252,0,0,0,2,0
7400,4296.3730221400165,0,0,0,1,0
7401,583.9744137856928,0,0,0,4,0
7402,1946.9940139807368,0,1,1,2,0
7403,982.5349119447037,0,0,0,3,0
7404,912.2491403576036,0,0,0,1,0
7405,506.6435059545701,0,0,1,2,0
7406,5799.9420997707,0,0,0,3,0
7407,753.327424455583,0,0,1,2,0
7408,2207.1651794711884,0,0,0,2,0
7409,168.17289927468258,0,0,0,4,0
7410,3568.8137251877047,0,0,0,0,0
7411,3140.731947248686,0,0,0,1,0
7412,1208.8612869142985,0,0,1,0,0
7413,873.9800365005184,0,0,0,6,0
7414,1635.9844391796346,0,1,0,1,0
7415,10816.095858279816,0,0,0,1,0
7416,188.0604213014325,0,0,0,0,0
7417,2397.1298085907047,0,0,0,0,0
7418,440.7080763413907,0,0,0,3,0
7419,1075.0060878911318,0,0,0,3,0
7420,855.8711857845384,0,0,0,3,0
7421,714.5705566661901,0,1,0,2,0
7422,1085.216593011193,0,0,0,2,0
7423,352.77443371839945,0,0,0,2,0
7424,3069.2252161120105,0,0,0,4,0
7425,182.33697548670867,0,0,0,1,0
7426,1881.3869305061253,0,0,0,1,0
7427,791.1314590635516,0,1,0,0,0
7428,340.04402896855805,0,1,0,3,0
7429,1342.6269316097744,0,0,0,3,0
7430,231.14585386710928,0,0,0,1,0
7431,1141.0610130206999,1,0,0,2,0
7432,264.31011510737306,0,0,0,2,0
7433,1739.3592622717297,0,0,0,0,0
7434,435.1290554874682,0,0,0,0,0
7435,698.5494585360786,0,0,0,1,0
7436,1471.3702492475452,0,0,0,1,0
7437,506.46635152130153,0,0,0,2,0
7438,1034.8750774839166,0,0,0,1,0
7439,241.33101534685824,0,0,0,4,0
7440,2060.853720987747,0,0,0,1,0
7441,6405.509802051307,0,0,1,3,0
7442,17893.78756015757,0,0,1,3,0
7443,1201.3102879041055,1,0,0,2,0
7444,2411.982110142012,0,0,0,2,0
7445,184.81851195227054,0,0,0,1,0
7446,4928.225811515951,0,0,0,1,0
7447,2383.2693600535185,0,0,0,5,0
7448,675.9144772182508,0,0,0,5,0
7449,3778.871882506245,0,0,1,1,0
7450,850.2444729400822,0,0,1,3,0
7451,693.6550681435986,0,0,0,2,0
7452,1763.9923951667638,0,0,1,3,0
7453,378.6625731342614,0,0,0,0,0
7454,3046.1225459230404,1,0,0,3,0
7455,381.4615991313071,1,0,0,1,0
7456,383.7323138595065,0,0,0,4,0
7457,441.558366425977,0,0,1,1,0
7458,2343.7325339652384,0,0,0,0,0
7459,591.8330816652926,0,0,0,1,0
7460,284.86181858804883,0,0,0,3,0
7461,598.4362482227422,0,0,1,1,0
7462,1062.0514312690564,0,0,1,1,0
7463,336.6445131022815,0,0,0,1,0
7464,346.6511320141699,0,0,0,3,0
7465,9057.028219161992,0,1,1,2,0
7466,463.79126736115165,0,0,0,3,0
7467,793.9000972495212,0,1,1,2,0
7468,759.5779873104206,0,0,0,3,0
7469,719.5623588187392,0,1,0,2,0
7470,2041.3093924298644,0,1,0,3,0
7471,2830.3140337546324,0,1,0,1,0
7472,807.582783790714,0,0,0,3,0
7473,318.4679090457406,0,0,0,3,0
7474,3922.3264067069936,0,1,1,2,0
7475,996.9084186314044,0,0,1,0,0
7476,6187.719090756385,0,0,0,1,0
7477,116.09561309705097,0,0,0,0,0
7478,1333.287827242439,0,0,0,2,0
7479,7469.671743660143,1,0,0,3,0
7480,770.2659652027268,0,0,0,0,0
7481,875.2473889848676,0,0,1,1,0
7482,1473.6707729446478,0,0,0,2,0
7483,627.1615613937746,0,0,0,1,0
7484,802.6574763357769,0,0,0,4,0
7485,782.2582318631393,0,0,0,4,0
7486,585.5662135684717,0,0,0,3,0
7487,3747.5461703231285,0,0,1,2,0
7488,1739.0217688376533,0,0,0,1,0
7489,1408.989742805647,0,0,0,3,0
7490,2461.6102966045664,0,0,0,2,0
7491,841.8856242196462,0,0,0,2,0
7492,505.625451945192,0,0,0,6,0
7493,600.2676837960026,0,0,0,2,0
7494,1098.5902446907362,1,0,1,1,0
7495,380.2345471394468,0,1,0,1,0
7496,664.968042701614,0,0,0,1,0
7497,654.5077053289573,0,0,0,1,0
7498,9177.923225196851,0,1,1,1,0
7499,68.4555794726834,0,0,0,1,0
7500,916.3334058127649,0,0,0,0,0
7501,6159.148354406378,0,0,0,4,0
7502,1238.7331264672487,0,0,0,2,0
7503,2329.5198990565914,1,1,0,0,0
7504,1211.7565923914692,0,1,1,2,0
7505,562.6549814930668,0,0,0,0,0
7506,116.52246248977113,0,0,0,0,0
7507,1346.7582495096112,0,0,0,1,0
7508,504.91666476849315,0,0,0,3,0
7509,492.5837977402949,0,0,0,5,0
7510,665.8155924728579,0,0,0,5,0
7511,6278.34322275495,0,0,0,4,0
7512,12147.000456164818,0,0,0,5,0
7513,1362.6790592401583,1,0,0,1,0
7514,688.9941470212693,0,0,0,2,0
7515,337.9079707591755,0,0,0,3,0
7516,1752.04711200055,1,0,0,3,0
7517,6521.799410599673,0,0,0,2,0
7518,856.333251581822,0,0,1,2,0
7519,101.59597916836783,0,0,0,0,0
7520,2143.187898637804,0,0,0,1,0
7521,2937.7513226811034,0,0,0,0,0
7522,224.56256618765423,0,0,0,2,0
7523,1308.3004188472387,0,0,0,1,0
7524,1721.9730184489695,0,0,0,0,0
7525,1019.3217131730212,0,0,0,2,0
7526,497.31771175135486,0,1,0,2,0
7527,3028.8467744481886,0,0,1,2,0
7528,732.6149478933013,0,0,0,1,0
7529,248.34374060257701,0,0,0,1,0
7530,141.24917288532907,0,0,0,1,0
7531,3869.3798201833206,0,1,0,1,0
7532,2031.7727696202958,1,0,0,0,0
7533,1197.4787060576352,0,1,0,5,0
7534,706.0777529943249,0,0,0,4,0
7535,646.1305581725044,0,1,1,1,0
7536,374.0028252604735,0,0,0,1,0
7537,712.3321856150104,0,0,0,1,0
7538,131.6191842022691,0,0,0,5,0
7539,525.2825700848218,0,0,0,1,0
7540,803.5685402448686,0,0,0,3,0
7541,2018.0360141080712,0,0,1,1,0
7542,1053.7110407487326,0,0,0,2,0
7543,2428.242719129406,0,0,0,1,0
7544,4226.523663159648,0,0,0,3,0
7545,3159.5032467373308,0,0,1,0,0
7546,1755.501495282994,0,0,0,0,0
7547,1109.7196326245999,0,0,0,4,0
7548,411.25439608319175,0,0,0,1,0
7549,2298.3437903601434,0,0,0,1,0
7550,5882.560364289439,0,0,0,1,0
7551,1543.9603337069702,0,0,0,0,0
7552,7459.615485913168,1,0,0,2,0
7553,238.5140675289678,0,0,0,1,0
7554,345.7917154129063,0,0,0,0,0
7555,2579.1147728685646,0,0,0,4,0
7556,1428.371424333874,0,0,0,1,0
7557,4079.7140394500116,0,0,0,4,0
7558,1079.7970213640099,0,0,0,0,0
7559,460.36726701092357,0,0,0,1,0
7560,885.7252117910976,0,0,0,2,0
7561,236.82371103955396,0,0,0,0,0
7562,354.7485848564055,1,0,0,0,0
7563,2899.9361483389357,0,0,0,3,0
7564,2624.8720066607375,0,0,0,3,0
7565,1576.5659082544098,0,0,0,0,0
7566,196.15839665192937,0,0,1,4,0
7567,766.3173848703899,0,0,1,1,0
7568,322.14447058602343,0,0,0,2,0
7569,3556.5037685198818,0,0,0,1,0
7570,611.7219605397293,0,0,1,2,0
7571,370.27733881440116,0,0,1,3,0
7572,1129.8002940081888,0,0,0,0,0
7573,578.1570491891237,0,1,0,1,0
7574,4835.519801638808,0,0,0,2,0
7575,525.9410333024284,1,0,0,3,0
7576,270.6351870630172,0,1,0,1,0
7577,127.36875784806773,0,1,0,5,0
7578,1063.3860658467765,0,1,0,0,0
7579,625.1989294051559,0,1,0,2,0
7580,262.72172534680965,0,0,0,0,0
7581,3601.9349323303304,0,0,0,2,0
7582,2137.1856965069346,0,0,0,2,0
7583,1066.1210152836975,0,0,0,3,0
7584,4291.219529653988,0,0,0,1,0
7585,2127.145105057292,0,0,0,3,0
7586,481.61454670060505,0,0,0,2,0
7587,387.91251446227585,0,0,0,3,0
7588,2484.884713393312,0,0,0,1,0
7589,1630.0516109635312,0,0,0,1,0
7590,1299.5167817072652,1,0,0,3,0
7591,470.36180532787023,0,0,0,2,0
7592,2014.1399652299701,0,1,0,2,0
7593,515.1721501102676,0,0,0,1,0
7594,990.3053653401723,0,0,0,3,0
7595,4660.808203862596,0,0,0,0,0
7596,566.3236667775211,1,0,0,6,0
7597,227.46826699532713,0,0,0,1,0
7598,382.777089550976,0,0,0,6,0
7599,2964.011382587013,0,0,0,1,0
7600,1414.782569840531,0,0,0,2,0
7601,964.0301994124973,0,0,0,2,0
7602,659.1203840568759,0,0,0,3,0
7603,1781.76532520271,0,0,0,0,0
7604,469.13714653279334,0,0,0,2,0
7605,1488.7104711947186,0,0,0,2,0
7606,527.81478236379,1,1,0,0,0
7607,446.9025736086685,0,0,0,1,0
7608,579.7010648109238,0,1,0,3,0
7609,753.3971809769247,0,0,0,5,0
7610,1044.3710989707251,0,0,0,1,0
7611,1387.7732943298097,0,0,1,2,0
7612,27.42992878144512,0,0,0,4,0
7613,488.99361995024054,0,0,0,1,0
7614,741.318251758115,0,0,0,2,0
7615,4939.710664899714,0,0,0,1,0
7616,372.41074248538865,0,0,0,2,0
7617,1290.514968520485,0,0,0,1,0
7618,4890.404553068789,0,0,0,6,0
7619,295.01655400975665,0,0,0,2,0
7620,1626.1576251799413,0,0,0,1,0
7621,491.63086773351876,0,0,0,3,0
7622,662.0666679309603,0,0,1,4,0
7623,491.2185624125226,0,0,0,1,0
7624,527.496743348431,0,0,0,1,0
7625,16679.10717675159,0,0,0,3,0
7626,2551.5489167237356,0,1,0,3,0
7627,3300.198383257181,0,1,0,2,0
7628,1793.6240963144235,0,1,0,1,0
7629,220.02544782573582,0,0,0,1,0
7630,1627.7565080933728,0,0,0,1,0
7631,3206.481838173878,0,0,0,3,0
7632,467.12669947635817,0,0,0,3,0
7633,2879.369619809179,0,0,0,3,0
7634,2217.944643722069,0,0,0,1,0
7635,6988.631558973028,0,0,0,3,0
7636,722.1385279723203,0,0,0,4,0
7637,365.91059138459184,0,0,0,3,0
7638,763.8503481749193,0,0,1,2,0
7639,4608.100413044658,0,0,0,0,0
7640,176.19549033429098,0,1,0,1,0
7641,138.60446268874867,0,0,1,1,0
7642,1199.182410435157,0,0,1,1,0
7643,704.4453159348969,0,0,0,4,0
7644,1105.1406524932138,0,0,1,2,0
7645,2822.3122400314196,0,0,0,3,0
7646,631.078748248946,1,0,0,3,0
7647,168.50984393570332,0,0,0,2,0
7648,8471.658330441069,0,0,0,3,0
7649,404.54853322870747,0,0,0,1,0
7650,380.30093670047137,0,0,0,2,0
7651,3306.746365276763,0,0,0,1,0
7652,746.5860480264383,1,1,0,2,0
7653,1029.2752038777305,0,0,0,2,0
7654,1777.1924522450768,0,1,0,4,0
7655,3240.8246665405577,0,0,1,0,0
7656,785.671924797874,0,0,0,2,0
7657,5013.813117643879,0,0,0,3,0
7658,129.56726294357264,0,1,0,4,0
7659,2344.4057492982715,0,0,0,1,0
7660,473.6517949762387,0,1,1,5,0
7661,4325.44937891591,0,0,0,2,0
7662,1264.009990851895,0,0,0,1,0
7663,559.5286136951565,0,0,0,2,0
7664,2127.7941101287365,0,0,1,0,0
7665,2678.971810806529,0,0,1,1,0
7666,2083.6868399809696,0,0,0,0,0
7667,391.62461272010785,0,0,0,2,0
7668,675.8579199595385,0,0,0,1,0
7669,1092.1758333332778,0,0,0,2,0
7670,1052.3071805021175,0,0,0,3,0
7671,2320.981592602429,0,0,0,2,0
7672,146.2180158999202,1,0,0,1,0
7673,1531.996482919582,1,0,1,2,0
7674,820.585939595117,0,1,0,2,0
7675,474.13845756864777,0,0,1,1,0
7676,521.9194273485167,0,1,0,1,0
7677,884.8891080176409,0,0,0,0,0
7678,29.931603503071322,0,0,0,5,0
7679,543.8700987117414,0,0,1,1,0
7680,456.7723722065528,0,0,0,1,0
7681,1868.2981389066472,1,0,0,2,0
7682,490.0332850590096,0,0,0,1,0
7683,884.3794386874138,0,0,0,1,0
7684,5127.003362685564,0,0,0,3,0
7685,2964.167569732557,0,0,0,2,0
7686,2703.415898454845,0,0,0,2,0
7687,665.2264903017024,1,0,0,2,0
7688,1887.544919573716,0,1,0,1,0
7689,867.9223043586155,0,0,1,2,0
7690,901.3618527177762,0,0,0,2,0
7691,1651.9064823746721,0,0,0,2,0
7692,603.657154381871,0,0,0,2,0
7693,4880.500740997511,1,0,0,2,0
7694,934.3675286019976,0,0,0,1,0
7695,2035.222780352823,0,0,0,4,0
7696,4701.328838144807,1,0,1,5,0
7697,3076.825844430608,0,0,1,1,0
7698,268.02517088399577,0,0,0,2,0
7699,1711.1071480871997,1,0,0,1,0
7700,2567.580755969233,0,0,0,2,0
7701,2675.4236541166138,0,0,0,1,0
7702,360.21647345498195,0,0,0,2,0
7703,568.4792215865307,0,0,0,3,0
7704,2964.7803737131285,0,0,0,1,0
7705,511.95648403961866,0,0,0,4,0
7706,812.6527880334326,0,0,0,2,0
7707,5302.193116423083,0,0,0,1,0
7708,1045.447967540308,0,0,0,1,0
7709,530.1849257329096,0,0,0,1,0
7710,455.9497668990053,0,0,0,2,0
7711,1529.5354327985904,0,0,0,4,0
7712,289.1229388268918,0,0,0,0,0
7713,856.3370392624138,0,0,0,2,0
7714,1530.3175394702685,0,0,0,2,0
7715,4020.452834019985,0,1,0,0,0
7716,2137.833218527839,0,1,0,3,0
7717,536.9660559651646,0,0,0,3,0
7718,3563.217891088103,0,0,0,2,0
7719,812.7999070386916,1,0,0,4,0
7720,318.7149016536228,0,0,0,4,0
7721,923.304092033992,1,0,0,1,0
7722,4620.0887837160935,0,1,0,1,0
7723,1293.6721096048448,0,0,0,3,0
7724,1110.4513844794621,0,1,0,0,0
7725,5637.588288969538,0,0,0,1,0
7726,262.07878192860056,0,0,0,2,0
7727,303.20249600695,0,0,0,0,0
7728,217.92555835410027,0,0,0,3,0
7729,1591.843705233187,0,0,0,3,0
7730,1295.2941965235689,0,0,0,0,0
7731,5129.360991161524,0,0,0,3,0
7732,1398.9469823619581,0,1,0,3,0
7733,732.0456244632638,0,1,0,0,0
7734,1098.6032430385749,0,0,0,2,0
7735,1233.6190168947533,1,0,1,4,0
7736,206.07470046454668,0,0,0,0,0
7737,16487.068813150836,0,0,0,2,0
7738,1844.3293936053028,0,0,0,3,0
7739,1352.9035072804652,0,0,0,0,0
7740,2028.7274109069997,0,0,1,2,0
7741,2229.2288123537137,0,0,0,2,0
7742,952.8395386440833,0,0,0,2,0
7743,583.3333832140809,0,0,0,6,0
7744,1997.0985601851564,0,0,0,1,0
7745,1612.7738126216277,0,0,1,1,0
7746,487.89972389200386,0,1,1,3,0
7747,4532.530226156937,0,0,0,0,0
7748,1470.4915863067672,0,0,0,0,0
7749,2275.1911782901975,0,0,1,1,0
7750,4411.283140480189,1,0,0,3,0
7751,1120.9018025630924,0,0,0,3,0
7752,1505.6078865838124,0,0,0,4,0
7753,2465.1975826705075,0,1,0,0,0
7754,531.2001689416658,0,0,0,2,0
7755,1157.5392131593014,0,0,0,1,0
7756,1243.3300542715274,0,0,0,5,0
7757,421.5512873937118,1,0,0,4,0
7758,11132.641956734145,0,0,0,0,0
7759,268.46124282451564,0,1,0,1,0
7760,299.43461992501193,0,0,0,1,0
7761,4081.5274637392627,0,0,0,2,0
7762,2237.8396797300024,0,0,0,1,0
7763,393.0886592645225,0,0,0,5,0
7764,2012.8139861817585,0,0,0,2,0
7765,4759.27414474266,0,0,0,3,0
7766,1063.942835477183,0,0,0,4,0
7767,14747.412167062004,0,1,0,2,0
7768,195.5738757522387,0,1,0,0,0
7769,2194.7500659583493,0,0,0,1,0
7770,3521.0986494711383,0,0,0,1,0
7771,2674.0351471355248,0,0,1,2,0
7772,893.9450190644,0,0,0,3,0
7773,820.2084522298874,0,0,0,3,0
7774,1709.8230610746803,0,0,0,1,0
7775,2479.3568891825503,0,0,0,3,0
7776,2003.1444227413608,0,0,0,5,0
7777,3102.792808266112,0,0,0,2,0
7778,395.88748533210764,0,1,0,0,0
7779,873.2562325729057,0,0,0,5,0
7780,428.3686119831812,0,0,0,0,0
7781,745.3748333867833,0,0,1,3,0
7782,3026.677892252367,1,0,0,2,0
7783,1221.68205374391,0,0,0,1,0
7784,14866.403734296366,1,0,1,2,0
7785,1330.628102411655,0,0,0,3,0
7786,1164.0864328725224,0,1,0,2,0
7787,1219.4837829337112,0,0,0,2,0
7788,579.51486109732,0,0,0,1,0
7789,1035.006915813345,0,0,0,3,0
7790,3387.298659500201,0,0,0,4,0
7791,1229.01789260262,0,1,0,3,0
7792,495.9823146375361,0,0,0,1,0
7793,434.81270690014406,0,0,0,1,0
7794,699.1030164945253,0,0,0,1,0
7795,1180.7007940184383,0,0,0,0,0
7796,3617.673922622033,0,0,0,2,0
7797,287.0083641266981,1,0,1,2,0
7798,796.4574622701698,0,0,0,0,0
7799,1266.876903137559,0,0,0,0,0
7800,175.26414437715405,0,0,0,0,0
7801,476.4685491500789,0,0,0,3,0
7802,555.6349202148874,0,1,0,3,0
7803,494.73864149504897,0,0,0,1,0
7804,1328.611306155773,0,0,1,3,0
7805,933.9663320264127,0,0,0,0,0
7806,629.366587783482,0,0,0,5,0
7807,1682.3764502057804,0,0,0,2,0
7808,6143.038187969608,0,0,0,1,0
7809,5649.12823045913,0,1,0,3,0
7810,160.32904391288065,0,0,1,2,0
7811,1952.9028464444443,0,0,0,1,0
7812,917.7974374834256,0,0,0,2,0
7813,1280.6913686660516,0,0,0,2,0
7814,736.3584071660096,0,0,0,2,0
7815,1233.4724857544638,0,0,0,1,0
7816,1275.9003893336985,0,0,1,4,0
7817,614.6470758327696,0,0,1,3,0
7818,447.480272155669,0,0,0,1,0
7819,700.1568051961193,0,0,0,2,0
7820,1386.1137740732788,0,0,0,3,0
7821,1996.191395262262,0,0,0,2,0
7822,2574.34130718613,0,0,0,3,0
7823,669.0173385671299,1,0,0,2,0
7824,1456.577183295568,0,0,0,1,0
7825,2871.249534713948,0,0,0,1,0
7826,3517.813444866993,0,0,0,1,0
7827,1033.9763121586423,0,0,0,1,0
7828,879.2491240091967,1,0,1,1,0
7829,1327.5948940477033,0,0,0,2,0
7830,347.3359708042144,0,0,1,3,0
7831,903.6033472755131,0,0,0,3,0
7832,2309.0383045926465,0,0,0,5,0
7833,2083.797292032014,0,1,1,1,0
7834,836.9232716648171,0,0,0,3,0
7835,1363.3745621361832,0,0,0,2,0
7836,480.751093823078,0,1,0,2,0
7837,2216.073351606972,0,0,0,3,0
7838,1014.527802345278,0,0,1,0,0
7839,832.1798208551837,0,0,0,6,0
7840,763.7772307855745,0,0,0,0,0
7841,1029.7858357010577,0,0,0,0,0
7842,700.7297941812866,0,0,0,2,0
7843,2117.8210574032373,0,0,0,1,0
7844,738.5704193413352,0,0,0,4,0
7845,5393.5770855957335,1,0,0,3,0
7846,4746.7265091416775,0,0,0,1,0
7847,449.6441580884618,0,0,0,3,0
7848,1175.8002627456212,0,0,0,2,0
7849,572.1169214746766,0,0,1,1,0
7850,791.043086187015,0,1,0,2,0
7851,8122.7777950750515,1,0,0,2,0
7852,806.2779892725316,0,0,0,2,0
7853,1572.1918964583667,0,0,0,1,0
7854,1884.3181192894863,0,0,0,1,0
7855,403.1749663954377,0,0,0,3,0
7856,466.33512386717075,0,0,0,5,0
7857,328.31635108805887,0,0,0,0,0
7858,452.15691022315326,0,0,1,5,0
7859,63.43209037244163,1,0,0,4,0
7860,1890.473112484326,1,0,0,2,0
7861,8554.338338512684,1,0,0,3,0
7862,1271.332369083651,0,0,0,0,0
7863,266.0624726144601,0,0,0,2,0
7864,576.643149685556,0,0,0,1,0
7865,693.0645599660949,0,0,0,0,0
7866,396.3965990337153,0,0,0,0,0
7867,2591.9937297599768,0,1,0,1,0
7868,2465.7715619468154,0,0,0,1,0
7869,345.34648112499275,0,0,0,2,0
7870,2264.436099997919,0,0,0,4,0
7871,5048.329439979585,0,0,0,3,0
7872,7350.754244413672,0,0,0,1,0
7873,19248.954433269217,0,1,0,3,0
7874,444.97021643054234,0,0,0,1,0
7875,18475.862443822887,1,0,0,0,0
7876,769.5405215612349,0,0,0,3,0
7877,606.3967923291425,0,0,0,2,0
7878,1520.922556634442,0,0,0,3,0
7879,612.7387521571045,0,0,0,5,0
7880,1634.4214061108848,0,1,1,3,0
7881,292.92681869157707,0,0,1,3,0
7882,863.7189252997277,0,1,0,0,0
7883,3966.273367089013,0,0,0,3,0
7884,1035.809689518304,0,1,0,2,0
7885,1263.4429667856011,0,0,0,3,0
7886,1763.857771151778,0,0,0,2,0
7887,3535.6825011156366,0,0,0,1,0
7888,209.51079967828537,0,0,0,2,0
7889,1967.5099782918148,0,0,0,1,0
7890,838.7065307876398,0,0,0,2,0
7891,1295.4817275025468,0,0,1,3,0
7892,3165.132411127381,0,0,0,6,0
7893,332.2252984613016,0,0,0,1,0
7894,398.3597767166818,0,0,0,3,0
7895,158.31235950156554,0,0,0,3,0
7896,633.2346561295951,0,0,0,5,0
7897,4148.210620169025,0,0,0,4,0
7898,972.0554124476766,0,0,0,0,0
7899,287.1127811778333,0,1,0,1,0
7900,674.7358327784659,0,0,0,4,0
7901,247.6801748888949,0,0,0,3,0
7902,355.9584100299628,0,0,0,7,0
7903,1617.7942239463898,0,0,0,0,0
7904,339.042908695624,0,0,0,1,0
7905,3336.3554421278554,0,0,0,0,0
7906,1021.349130394973,0,0,0,0,0
7907,1194.6334775169723,1,0,0,1,0
7908,830.1671220521242,0,0,0,1,0
7909,2375.22592567317,0,0,0,5,0
7910,2399.8460963931975,0,0,1,4,0
7911,1533.1111051968853,0,0,0,3,0
7912,1929.0619083941097,0,0,0,1,0
7913,887.0579653659186,0,0,0,1,0
7914,1885.9802795508087,0,1,0,2,0
7915,782.2092004506873,0,0,0,3,0
7916,1099.0831620132014,0,1,0,2,0
7917,833.2687762053031,0,1,0,1,0
7918,694.2148263634394,0,0,0,1,0
7919,550.5337170190767,0,0,0,1,0
7920,1750.5584037182903,0,0,0,2,0
7921,4066.776349237351,0,0,0,2,0
7922,3537.2397547009364,0,0,0,4,0
7923,312.1346496354363,0,0,0,1,0
7924,3980.6605482595037,0,0,0,2,0
7925,797.786883406834,0,0,0,3,0
7926,1999.6611399168,0,0,0,5,0
7927,443.09521000293944,0,0,0,3,0
7928,1263.9283827363097,0,0,0,2,0
7929,1500.7543833444067,0,0,0,2,0
7930,248.48816237405995,0,0,0,4,0
7931,2014.783785907226,1,0,0,1,0
7932,4213.019994352672,1,0,0,1,0
7933,920.9005540053649,0,0,0,5,0
7934,4273.413198498012,0,1,0,1,0
7935,907.1488113906363,1,0,0,4,0
7936,2564.668555294273,0,0,0,2,0
7937,119.27479516286463,0,0,0,0,0
7938,12317.518290212001,0,0,0,0,0
7939,4892.497778672068,0,0,0,1,0
7940,824.9926652972081,0,0,0,2,0
7941,152.61386502742948,0,0,0,1,0
7942,1462.6839782752331,0,0,0,2,0
7943,258.80488885568576,0,1,0,2,0
7944,1711.0346714826042,0,0,0,3,0
7945,1655.0156089630186,0,0,0,1,0
7946,427.77477523849325,0,0,0,2,0
7947,3364.2725035190465,0,1,0,2,0
7948,2454.2456025611114,0,0,0,2,0
7949,2909.7525939457396,0,0,0,1,0
7950,1106.389957604995,1,0,0,3,0
7951,266.26070774199314,0,0,0,2,0
7952,2915.720599591245,0,0,0,3,0
7953,836.8364079128149,0,0,0,3,0
7954,273.20429722683775,0,0,0,1,0
7955,4238.816432476098,0,1,0,0,0
7956,8949.988447648253,0,0,0,3,0
7957,1052.3193070135774,0,0,0,1,0
7958,9500.70375770507,0,0,0,1,0
7959,1201.486391209014,1,0,0,2,0
7960,749.6032719432544,1,0,1,1,0
7961,583.7901265044072,1,0,0,4,0
7962,5636.859752683945,1,0,0,1,0
7963,502.6309075847736,0,0,0,2,0
7964,2287.6247014867836,0,0,0,1,0
7965,626.9307982602004,0,0,0,1,0
7966,692.0742429935036,0,0,0,3,0
7967,3072.508764409013,0,0,0,3,0
7968,749.9174649269097,0,1,0,1,0
7969,731.5785674064333,1,1,0,4,0
7970,3404.3343146830025,0,0,0,3,0
7971,5417.540955431495,0,0,0,1,0
7972,2089.5203129562274,0,0,0,3,0
7973,569.7685492255291,0,1,0,1,0
7974,658.1227741027217,0,0,0,1,0
7975,1187.8678587647069,0,0,0,2,0
7976,1511.6092063527442,0,0,0,1,0
7977,408.3538548650396,0,0,0,2,0
7978,2259.8143425548174,0,0,0,2,0
7979,1194.536269003289,0,0,0,2,0
7980,197.21444329782705,0,0,1,7,0
7981,433.14542128353185,0,0,0,2,0
7982,662.4011414998579,0,0,0,3,0
7983,1019.5761810528836,0,0,1,0,0
7984,7253.785833607546,0,0,0,3,0
7985,1391.5469293705264,0,0,0,3,0
7986,473.06278148740387,0,0,0,1,0
7987,1367.3513198232224,0,0,0,3,0
7988,771.1726300191261,0,0,0,5,0
7989,1517.4070052898755,0,0,0,4,0
7990,1959.7411693212985,0,0,1,0,0
7991,3674.714226857115,0,0,0,0,0
7992,1070.3205952742712,0,0,0,1,0
7993,5647.456397276042,0,1,0,0,0
7994,2719.008749494293,0,0,0,5,0
7995,540.5355758584257,0,1,0,1,0
7996,9995.154112233673,0,0,0,1,0
7997,1520.8041397690458,1,0,0,3,0
7998,475.7419074906816,0,1,1,0,0
7999,5726.8049350390975,0,0,0,3,0
8000,8758.479407098057,0,0,0,1,0
8001,2173.029286824646,0,1,0,5,1
8002,1692.5340682909357,1,0,1,7,1
8003,2314.4546282116253,1,0,0,6,1
8004,6684.1909342957515,0,0,1,2,1
8005,6175.476381744043,0,1,0,7,1
8006,4235.505587318997,0,1,0,11,1
8007,3623.1508741531998,0,0,0,7,1
8008,9769.8572873744,1,0,0,10,1
8009,2364.8236502485106,0,0,1,10,1
8010,8378.43622578381,0,1,1,10,1
8011,1651.7106122568764,0,0,1,9,1
8012,2604.975086217207,1,1,0,8,1
8013,1880.0087338054732,0,0,1,8,1
8014,1748.0538460892033,1,0,0,4,1
8015,1611.1027292385065,0,1,0,5,1
8016,12243.627512291427,0,0,0,3,1
8017,1195.5726965280978,0,0,1,13,1
8018,1135.7817168931829,0,1,0,9,1
8019,16677.67056374522,1,0,1,3,1
8020,7091.307356185036,0,1,1,4,1
8021,220.43748936225637,0,0,0,2,1
8022,1656.925920992816,1,0,1,6,1
8023,407.3331958777079,1,1,1,8,1
8024,1199.3536029229463,0,0,1,10,1
8025,127.13580100282655,0,0,0,6,1
8026,1642.4383217880525,0,1,0,7,1
8027,596.4754030725411,0,0,0,9,1
8028,1789.0313173510024,1,0,0,7,1
8029,443.38199972914697,0,0,1,11,1
8030,1884.7609410391367,0,1,0,6,1
8031,1575.1078059788126,0,1,0,10,1
8032,9169.341305453394,0,1,0,8,1
8033,10108.297500741679,0,0,0,10,1
8034,4178.7448158934985,0,0,1,7,1
8035,1838.2763850208235,0,0,1,8,1
8036,23554.37847560962,0,1,1,6,1
8037,569.886352893138,0,1,0,8,1
8038,632.3241570173856,0,0,1,4,1
8039,2704.859981101097,1,0,1,4,1
8040,15757.235300629372,1,0,0,2,1
8041,1723.1490359630777,1,0,1,6,1
8042,2721.2176070497885,0,1,1,5,1
8043,693.4217652962384,1,1,0,4,1
8044,4618.464262872274,0,0,0,5,1
8045,5659.863723397482,1,1,1,7,1
8046,5213.92971004836,1,0,1,2,1
8047,1696.1847331253316,0,1,1,5,1
8048,1287.0285663232132,0,0,0,2,1
8049,486.2542911888032,1,0,0,5,1
8050,2699.5310100647903,1,0,1,8,1
8051,719.9809809524273,0,1,0,9,1
8052,678.4078519289271,0,0,1,11,1
8053,1199.8756676305566,0,1,1,8,1
8054,1471.2869258783821,1,0,0,13,1
8055,1603.5924219528922,1,1,0,5,1
8056,4614.5437621455985,0,0,0,10,1
8057,3018.224056573187,1,1,0,6,1
8058,2047.62507221386,1,0,0,8,1
8059,3692.2735741859083,1,1,0,4,1
8060,813.1358610830895,0,0,1,8,1
8061,2219.7583223081338,1,0,0,8,1
8062,2083.3447503676807,0,0,0,4,1
8063,426.55674873306293,0,1,0,5,1
8064,5117.348268565765,0,0,1,5,1
8065,1303.0215432524365,1,1,0,9,1
8066,2125.4255628442156,0,0,0,4,1
8067,5765.6129633246155,0,0,1,5,1
8068,5812.66430023876,1,0,0,7,1
8069,1991.1537163294115,0,1,0,8,1
8070,1294.2496282301056,0,1,1,5,1
8071,5780.419160673856,1,0,0,10,1
8072,6199.130500533217,0,0,0,6,1
8073,913.3142911878306,0,0,0,9,1
8074,897.221820610613,0,0,0,3,1
8075,377.76271831358946,1,1,1,10,1
8076,2389.4577121238663,0,0,0,9,1
8077,2182.3735496966797,0,1,0,7,1
8078,5628.737953734583,0,0,0,2,1
8079,4228.583253353731,0,1,0,5,1
8080,10845.911331020752,1,0,0,3,1
8081,923.8996726119111,1,1,0,7,1
8082,10000.590531920736,0,1,0,6,1
8083,1541.7519135546522,1,0,0,7,1
8084,6437.038630560267,0,1,1,8,1
8085,674.6384270166606,0,1,1,5,1
8086,3161.180020769851,0,1,1,7,1
8087,395.02875809644763,0,0,0,8,1
8088,1558.7840580106968,0,1,0,9,1
8089,2609.3596050900746,1,0,0,1,1
8090,1311.221312515874,0,0,0,6,1
8091,663.124888362322,0,0,0,14,1
8092,7594.8531368661625,1,0,1,7,1
8093,2853.249552209248,0,0,1,7,1
8094,1153.4880866238952,0,1,0,6,1
8095,2305.386869031297,1,0,0,9,1
8096,34675.59237672806,0,1,0,7,1
8097,7291.991077702192,1,0,0,7,1
8098,8943.461801676473,1,0,0,5,1
8099,3823.109644103963,0,0,0,3,1
8100,3041.190640226273,0,1,0,5,1
8101,251.33095577111803,1,1,1,13,1
8102,853.9534356706502,1,1,0,3,1
8103,1029.923396432028,1,1,0,6,1
8104,297.22703923509715,0,0,0,9,1
8105,888.3694350139549,1,0,0,4,1
8106,281.48517892404817,1,0,0,2,1
8107,3039.8350569140785,0,1,0,5,1
8108,4023.0665437897183,1,0,1,5,1
8109,7860.5096468224565,1,1,0,6,1
8110,2554.1526876748985,0,1,0,4,1
8111,1237.8691104741615,0,1,1,10,1
8112,289.1797989660743,1,1,0,11,1
8113,450.7186400214286,1,1,1,5,1
8114,903.1399787834083,1,1,1,8,1
8115,696.8140698669919,0,1,0,11,1
8116,2120.9844939550567,0,0,0,10,1
8117,910.8863498606381,0,1,0,8,1
8118,3120.177234979732,1,0,1,6,1
8119,2157.536446077941,0,1,0,11,1
8120,2564.2843818867295,0,0,1,4,1
8121,6426.414384847574,0,1,0,8,1
8122,861.762799386792,0,1,1,5,1
8123,3665.8809991545236,1,1,1,9,1
8124,2385.026465717171,0,0,0,9,1
8125,2300.2946343912945,0,0,0,5,1
8126,6119.727419325351,0,0,0,5,1
8127,7070.63550522045,1,1,0,8,1
8128,1192.150865134071,0,1,1,9,1
8129,2167.1997135853812,0,0,0,9,1
8130,3892.725280189461,0,0,1,9,1
8131,1639.483038160927,0,0,0,9,1
8132,3489.9119285658544,0,1,0,4,1
8133,3694.7115081798984,0,0,0,9,1
8134,19802.663222638133,0,0,1,4,1
8135,371.22360500596466,0,0,1,7,1
8136,2565.936340816983,0,0,0,5,1
8137,681.956346415341,0,1,1,5,1
8138,4389.853949335248,1,1,0,10,1
8139,547.5275625537346,1,1,0,9,1
8140,3268.3212200074254,0,1,0,1,1
8141,1139.6904001114904,0,0,1,6,1
8142,936.91689037173,1,0,0,5,1
8143,765.8514856071816,0,0,0,5,1
8144,1622.4068999371007,1,0,0,7,1
8145,5487.751784111706,1,1,0,2,1
8146,1681.267479607686,0,1,1,5,1
8147,3831.4081410922054,1,1,0,11,1
8148,13373.041846331336,0,0,0,7,1
8149,3751.734220119482,0,0,1,9,1
8150,1863.5656707349417,0,1,0,6,1
8151,4813.537984810471,1,0,1,5,1
8152,1538.5951541683512,0,0,1,11,1
8153,1655.3280346944014,0,0,0,11,1
8154,547.653839422614,0,0,0,4,1
8155,5958.597572394552,0,1,0,8,1
8156,1995.6534300575522,0,1,1,6,1
8157,2323.5126220233597,0,1,0,6,1
8158,778.7071759681564,1,0,1,5,1
8159,5033.366634867685,1,1,0,6,1
8160,1206.7680600471654,1,1,0,8,1
8161,2139.286489018546,0,1,1,5,1
8162,7323.936141688102,0,0,0,10,1
8163,6391.250547396681,0,0,0,11,1
8164,2133.743945682824,1,0,0,5,1
8165,456.42915165865014,1,1,0,7,1
8166,38884.40763524668,0,1,0,8,1
8167,9926.328519655077,0,0,1,6,1
8168,6742.582616139538,0,0,1,7,1
8169,1345.5295266232883,1,0,1,7,1
8170,2834.9779140165133,1,0,0,7,1
8171,1750.0354141427642,0,0,0,7,1
8172,8313.600084905876,1,0,1,5,1
8173,3981.121767499975,0,1,1,6,1
8174,1341.6711775934823,0,0,1,5,1
8175,1292.6321018849967,0,0,0,7,1
8176,8192.176298220758,0,1,0,5,1
8177,10633.656893282632,0,0,0,9,1
8178,9358.93130301181,0,1,0,11,1
8179,3793.5669938982587,1,0,1,8,1
8180,1971.7425063687137,0,1,0,5,1
8181,89.56809465953121,0,0,1,7,1
8182,2409.098552627659,0,0,1,8,1
8183,2821.4442094780607,1,0,0,9,1
8184,3260.218311320577,0,1,0,11,1
8185,2144.5523026134197,0,1,0,8,1
8186,854.1074673604902,1,1,0,4,1
8187,5106.584135415437,0,0,0,7,1
8188,5588.189073539054,0,1,0,3,1
8189,3266.5787025632,0,1,0,7,1
8190,8386.25522160239,0,1,1,8,1
8191,5989.716228965852,0,0,0,8,1
8192,1645.3409579965323,1,0,1,5,1
8193,3041.9543071867593,0,1,1,6,1
8194,2904.896077946396,1,1,1,8,1
8195,2077.468798314811,0,0,0,7,1
8196,8097.770232284796,0,0,0,11,1
8197,4878.491453255873,0,1,0,7,1
8198,17626.97184397581,0,0,1,4,1
8199,18471.07326499032,0,0,0,6,1
8200,2705.6544650698743,1,1,0,5,1
8201,60.013730397991665,0,0,1,6,1
8202,10635.750569528247,0,1,0,4,1
8203,1531.8649293481842,0,0,1,7,1
8204,1044.5254697749738,0,0,0,6,1
8205,1802.4610588494672,0,0,0,6,1
8206,1575.389907472596,0,0,0,12,1
8207,5012.63551760496,0,0,1,4,1
8208,556.4761750504226,1,1,1,11,1
8209,1107.8494784948057,0,0,0,5,1
8210,3760.9829426152846,0,1,1,10,1
8211,5186.177105316558,1,0,0,7,1
8212,5912.620903483295,0,0,0,6,1
8213,1432.4085995891578,0,1,1,8,1
8214,705.563884460298,0,1,1,6,1
8215,1440.8875348758697,1,0,1,5,1
8216,4062.0872936079268,0,0,0,11,1
8217,14239.415445261817,1,0,1,6,1
8218,252.65084985165603,1,1,0,6,1
8219,1904.4502799999716,1,0,0,7,1
8220,554.791141710787,1,0,0,8,1
8221,564.4486067945147,1,0,0,10,1
8222,8012.66164324683,0,0,0,7,1
8223,4166.5300693141435,0,1,0,3,1
8224,4320.410700007129,1,0,0,1,1
8225,7726.5007093797185,0,0,1,9,1
8226,1740.5531480511268,1,0,1,8,1
8227,1234.1801019310687,0,1,1,2,1
8228,25055.62234478195,1,1,0,3,1
8229,1489.8131690426248,1,1,0,7,1
8230,5673.9449815386115,1,1,0,7,1
8231,2207.6391078053907,1,0,0,13,1
8232,273.7224959719361,1,0,1,6,1
8233,261.12149368305455,0,1,0,13,1
8234,1353.761303609445,1,0,1,6,1
8235,9430.620449195168,1,0,0,7,1
8236,4543.527198578151,1,0,1,11,1
8237,8119.501395996009,0,0,1,3,1
8238,836.3114878884943,1,0,1,11,1
8239,16224.661355965887,0,1,1,4,1
8240,1226.0173408212543,0,1,0,12,1
8241,2325.8859393253306,1,1,0,4,1
8242,2977.1706010076277,1,0,1,6,1
8243,2097.5634996247,0,0,0,6,1
8244,10578.033246157102,0,0,0,8,1
8245,1443.405862455287,1,1,0,4,1
8246,479.73255848126166,1,1,0,4,1
8247,3018.9859020804956,0,0,1,11,1
8248,1436.76551037034,0,0,1,5,1
8249,83477.99047156131,1,0,1,12,1
8250,5091.745323956559,1,0,1,8,1
8251,1840.3136509364683,0,0,0,7,1
8252,928.4856783321019,0,0,1,9,1
8253,454.2900453382043,0,1,0,8,1
8254,1117.9284860909243,0,1,1,4,1
8255,2674.05410254409,0,1,1,9,1
8256,9543.906096205246,0,0,0,10,1
8257,6273.128416354366,0,1,1,9,1
8258,3751.854557687442,0,0,1,3,1
8259,2342.125141388622,0,0,1,7,1
8260,2572.652541667597,1,1,0,12,1
8261,1427.6494542798612,0,0,0,6,1
8262,16236.211636924072,0,0,1,7,1
8263,2227.3223916685424,0,0,0,5,1
8264,2738.6756157695877,0,1,1,2,1
8265,182.30098476586028,1,0,0,2,1
8266,2585.9254467836304,0,0,1,8,1
8267,4029.882881504996,0,0,0,8,1
8268,817.4442436037755,1,1,0,10,1
8269,990.579673605508,1,0,0,9,1
8270,7007.66480014234,0,0,0,8,1
8271,479.079386988021,1,1,1,7,1
8272,6506.191934300412,0,1,1,6,1
8273,1824.4236099827351,0,1,1,8,1
8274,1714.700244057557,0,1,0,4,1
8275,1014.8475371971757,1,1,0,7,1
8276,3987.471495467727,0,1,1,14,1
8277,20775.90826525191,0,0,0,8,1
8278,5156.320535665895,0,0,0,8,1
8279,815.3593918468983,0,0,0,8,1
8280,5454.442190098409,1,0,1,7,1
8281,1646.4553198030846,0,0,1,5,1
8282,12409.660569457275,1,1,1,6,1
8283,4119.090283539664,0,1,0,9,1
8284,87.27576469994395,1,0,0,4,1
8285,1166.2384610236873,0,0,1,7,1
8286,6471.654103839762,1,0,1,6,1
8287,2983.63524409057,1,1,0,14,1
8288,1139.5939486763498,0,1,0,6,1
8289,1484.1670627962596,0,0,0,8,1
8290,446.66162517905707,1,1,1,9,1
8291,2666.041663855987,1,0,0,14,1
8292,24186.309613691792,1,0,0,12,1
8293,6211.632724158238,1,1,1,5,1
8294,22948.743548506387,0,1,0,5,1
8295,5388.147013234772,0,0,0,10,1
8296,5907.49709744357,1,0,0,7,1
8297,13927.427996465693,1,0,1,8,1
8298,3247.9944925528243,0,0,0,7,1
8299,2151.017630972374,0,1,0,9,1
8300,7334.221720408353,1,1,1,6,1
8301,11850.583551264252,1,1,0,7,1
8302,678.6023784548653,0,0,0,3,0
8303,532.9517622153187,1,0,0,2,0
8304,1259.986181007329,0,0,0,1,0
8305,2518.7017443271216,0,0,0,1,0
8306,2435.9474312774237,0,0,0,2,0
8307,263.9691921175727,0,0,1,1,0
8308,7417.564643040147,0,0,0,3,0
8309,577.5731324198741,0,0,0,3,0
8310,841.2888011555658,0,0,0,0,0
8311,444.675872342321,0,0,0,2,0
8312,16290.360572405325,0,0,0,1,0
8313,1396.9836706057517,1,0,0,0,0
8314,468.26057226515155,0,1,0,2,0
8315,2601.708308446714,0,0,0,3,0
8316,2366.4252906884617,0,0,0,3,0
8317,908.9344473223421,0,0,0,1,0
8318,2541.7464761916995,0,0,0,0,0
8319,480.4427329824717,0,0,0,0,0
8320,669.8687013528994,0,0,0,2,0
8321,146.90459249691355,0,0,0,0,0
8322,291.7942456707919,0,1,0,2,0
8323,6685.062278650178,0,0,0,0,0
8324,5661.41210005345,0,1,1,3,0
8325,1171.2052767854584,0,0,1,4,0
8326,5784.466691330412,0,1,0,1,0
8327,934.4195303953943,0,1,1,1,0
8328,859.7053355311382,0,0,0,2,0
8329,1160.3890879030314,0,0,0,3,0
8330,967.8512466737541,0,0,0,1,0
8331,884.3064597096384,0,0,0,2,0
8332,3440.589517837951,0,1,0,2,0
8333,1274.2788044104716,0,0,1,3,0
8334,2236.0848134435937,0,0,0,1,0
8335,3075.9852187844413,0,0,0,2,0
8336,1616.770298954024,0,0,0,2,0
8337,415.60225042468886,0,0,0,3,0
8338,283.47788442327465,0,0,1,4,0
8339,1272.5533015381895,1,0,0,1,0
8340,924.0292206068711,0,0,0,1,0
8341,1196.7818347483103,0,1,0,2,0
8342,1079.1683322664444,0,0,0,0,0
8343,14524.231334774431,0,0,0,1,0
8344,289.968919865254,0,0,0,1,0
8345,149.91279077372045,0,0,0,1,0
8346,1529.011662630426,0,0,1,2,0
8347,752.6327894284746,0,0,0,4,0
8348,1504.277310853583,0,0,0,5,0
8349,1966.2491504061977,0,0,0,2,0
8350,3960.4173700773918,0,0,0,4,0
8351,242.93020494022403,0,0,0,0,0
8352,628.4661084935514,1,0,0,2,0
8353,1683.7205870911403,0,0,0,4,0
8354,2369.569555986352,0,0,1,2,0
8355,9832.510284627526,0,0,0,2,0
8356,2851.7952040345795,0,1,0,0,0
8357,1036.092188722364,0,0,1,2,0
8358,450.1425214963815,0,1,0,2,0
8359,623.7253624958548,0,0,0,2,0
8360,606.2528704739611,0,0,0,4,0
8361,2111.6684075816206,0,0,1,5,0
8362,1417.992539203776,0,1,0,3,0
8363,291.8822388041923,0,0,0,2,0
8364,709.1723110389254,0,1,0,1,0
8365,2637.3965478509067,0,0,0,2,0
8366,1558.7856302832502,0,0,1,2,0
8367,1936.5137822317909,0,0,0,1,0
8368,1608.2818432891602,0,0,0,3,0
8369,5577.136405157178,0,0,0,1,0
8370,1388.5885295242929,0,0,0,2,0
8371,745.4419039015255,0,0,0,1,0
8372,438.88830881311566,0,0,0,3,0
8373,1407.555031786496,0,0,0,2,0
8374,95.51621132979936,0,0,1,2,0
8375,912.0647616800507,1,1,0,2,0
8376,892.6192695527936,1,0,0,4,0
8377,280.2071486880335,0,0,0,1,0
8378,433.43167066668167,0,0,0,1,0
8379,2464.2863469764875,0,0,0,2,0
8380,1381.2052258617498,0,0,0,1,0
8381,1214.136415238498,1,0,1,2,0
8382,1489.7260663230322,0,0,1,2,0
8383,1203.0648097307148,0,0,0,2,0
8384,3800.4036465832987,0,0,0,3,0
8385,1240.6977248744442,0,1,1,1,0
8386,255.13348688735533,0,0,0,3,0
8387,5597.8057236560835,0,0,0,3,0
8388,1588.1740948710087,0,1,0,3,0
8389,608.3475027110222,1,0,0,3,0
8390,313.1236879669938,0,0,0,1,0
8391,1629.3137957474228,0,0,1,1,0
8392,975.3808352849073,0,0,1,0,0
8393,5293.03342103072,0,0,0,0,0
8394,775.9535959278791,0,1,1,1,0
8395,474.6697078722559,0,0,1,2,0
8396,2685.96734153482,0,0,0,0,0
8397,2766.344057837823,0,1,0,2,0
8398,1298.0927718244934,0,1,0,2,0
8399,2156.748511235286,0,0,0,3,0
8400,1056.0733047752785,0,0,0,2,0
8401,1385.567526351952,0,0,0,2,0
8402,3515.6892828663463,0,0,1,1,0
8403,2049.4327653638916,0,0,1,2,0
8404,925.8623390551121,0,0,0,0,0
8405,4240.186554352572,0,0,0,1,0
8406,103.04281971297624,0,0,0,2,0
8407,8536.2178281861,0,0,0,2,0
8408,199.14653392032574,0,0,0,0,0
8409,585.7582578678712,0,0,0,4,0
8410,1052.66725474691,0,1,0,7,0
8411,947.2085865415137,0,0,0,3,0
8412,3000.1304199637357,0,0,1,3,0
8413,380.7577634248652,0,1,0,1,0
8414,1423.3475666360675,0,0,0,5,0
8415,615.1018733304522,0,0,0,0,0
8416,1473.1245663813315,1,0,0,3,0
8417,1027.8533088913357,0,0,0,3,0
8418,1203.4354886649965,0,0,0,2,0
8419,632.7498532718861,1,1,0,0,0
8420,658.4812519293952,0,0,0,1,0
8421,1461.578820054701,0,0,0,4,0
8422,2817.8106742322843,0,0,0,2,0
8423,602.8815034967,0,0,0,1,0
8424,460.0027443424032,0,0,0,0,0
8425,2025.27377042024,0,0,0,2,0
8426,1061.5613838604067,0,0,0,1,0
8427,2516.182457288173,0,0,0,2,0
8428,443.2805151225815,0,0,1,0,0
8429,185.03797505422224,0,1,0,4,0
8430,643.5475507037374,0,0,0,3,0
8431,509.61084770414914,0,0,0,1,0
8432,1013.5472646890814,0,0,0,4,0
8433,580.0734803239305,0,0,0,1,0
8434,2300.8110066157337,0,0,0,1,0
8435,822.089884466519,0,0,0,3,0
8436,1274.7106603415884,0,1,0,1,0
8437,1283.8704178004964,0,0,0,4,0
8438,1332.6904763286136,0,1,0,2,0
8439,1070.4890611680062,0,1,1,1,0
8440,1827.3108613203206,0,0,0,4,0
8441,494.8946275018341,0,0,0,0,0
8442,4444.47898188543,0,0,0,1,0
8443,865.634372394007,0,0,0,0,0
8444,295.4355954824354,0,0,0,0,0
8445,1323.5507377746492,0,0,0,1,0
8446,468.1644005939511,0,0,0,2,0
8447,2133.10626025475,0,0,0,4,0
8448,9992.654739626172,0,0,0,3,0
8449,499.4102530851314,0,0,0,3,0
8450,1529.0047816414133,0,0,0,0,0
8451,189.51997184582862,0,0,0,2,0
8452,1726.5927373139696,0,0,0,3,0
8453,452.27309967695237,0,1,0,2,0
8454,587.0825155389942,0,0,0,3,0
8455,364.5681528210101,0,1,0,2,0
8456,2280.5028047954725,0,0,0,3,0
8457,3002.8116862429556,0,0,0,2,0
8458,1122.5803683117078,0,0,0,0,0
8459,462.0038824714475,0,0,0,0,0
8460,5375.049359432132,0,0,0,0,0
8461,517.8004167918377,0,0,0,4,0
8462,126.21258907350891,0,1,0,5,0
8463,1734.3517821159069,1,0,1,3,0
8464,363.29868744718215,0,1,0,2,0
8465,2947.193950696034,0,0,0,1,0
8466,749.0923722327576,0,1,0,4,0
8467,2005.6294699014559,0,0,0,3,0
8468,4453.743896728201,0,0,0,0,0
8469,327.3864035051207,1,0,0,1,0
8470,622.698759102852,0,1,0,2,0
8471,1016.7117531827874,0,0,0,2,0
8472,5102.833838668093,0,0,0,1,0
8473,567.7137225437568,0,0,0,2,0
8474,605.1620685459301,0,0,0,5,0
8475,1768.9484899395186,0,0,0,1,0
8476,615.7070451089098,0,0,0,3,0
8477,1277.328265491421,0,0,0,1,0
8478,232.4005935629348,0,0,0,0,0
8479,10039.97539511134,0,1,0,1,0
8480,284.94345859464653,0,1,0,1,0
8481,794.9246227512313,1,0,0,5,0
8482,1061.5856484751346,0,0,0,2,0
8483,7425.595291204902,0,0,0,0,0
8484,291.5332950714951,1,0,0,2,0
8485,7972.107257173962,0,0,0,1,0
8486,2338.2938561310757,0,0,1,4,0
8487,1664.1925410006165,0,0,0,1,0
8488,409.6758810274191,0,0,0,1,0
8489,1941.3545732468408,0,0,0,0,0
8490,531.9307850458488,0,0,0,2,0
8491,3891.9330966767147,1,0,0,2,0
8492,415.27376228098865,0,0,0,4,0
8493,979.3034028943637,0,0,0,0,0
8494,629.3747787835387,0,0,0,4,0
8495,408.49392290220305,0,1,0,6,0
8496,2301.507948590624,0,0,1,2,0
8497,1873.303534812945,0,0,0,3,0
8498,3673.9042315528536,0,0,0,1,0
8499,184.95728227466114,0,0,0,1,0
8500,3178.5191853713227,0,0,0,2,0
8501,13432.721406416671,0,0,0,2,0
8502,698.0975928483294,0,0,0,1,0
8503,7296.489434684187,1,0,0,2,0
8504,842.8919089884088,0,1,0,1,0
8505,277.99142348425823,0,0,0,1,0
8506,807.84285853284,0,0,0,5,0
8507,3128.1716255876745,1,0,0,1,0
8508,474.29216689817616,0,0,1,2,0
8509,601.6412521383817,0,0,0,0,0
8510,1985.3280268569192,0,0,0,2,0
8511,1099.9941237630178,0,0,0,2,0
8512,1967.704575928941,0,0,0,4,0
8513,1391.071428063194,0,0,0,2,0
8514,1771.5768763463932,0,0,0,1,0
8515,711.7301339342499,0,0,0,4,0
8516,1382.6136581081448,0,0,0,1,0
8517,433.81882555479166,0,0,0,5,0
8518,3977.598890993553,0,0,0,2,0
8519,581.5664757761283,0,0,0,0,0
8520,3390.889270139868,0,1,0,0,0
8521,868.1747671335387,0,0,0,1,0
8522,1342.1109788974195,1,0,0,4,0
8523,668.4993666415411,0,0,0,2,0
8524,397.027111319158,0,0,0,1,0
8525,191.5673822746948,0,0,0,0,0
8526,381.715604847205,0,0,1,2,0
8527,793.212493108192,0,0,0,2,0
8528,1355.4369841209357,0,0,0,2,0
8529,3012.0594103687113,0,0,0,1,0
8530,702.2170471433262,0,0,0,2,0
8531,453.97368587455196,0,0,0,3,0
8532,259.11842951321677,0,0,0,3,0
8533,1772.3535257623246,0,0,0,3,0
8534,4372.956112426747,0,0,0,1,0
8535,3890.6451374178914,0,1,0,3,0
8536,2230.3922551301825,0,1,0,0,0
8537,2076.7164951247028,0,0,0,0,0
8538,5988.664909522048,0,0,0,3,0
8539,1528.560101932929,0,0,0,1,0
8540,2092.531123366142,0,0,0,2,0
8541,795.6951524229883,0,0,0,3,0
8542,280.8881729643342,0,0,0,1,0
8543,553.438757147588,0,0,1,3,0
8544,1086.6349101370345,0,0,0,1,0
8545,1165.360048200002,0,0,1,3,0
8546,7527.256071547355,0,0,0,3,0
8547,1189.4867226943652,0,0,0,2,0
8548,3564.729466612246,0,0,0,1,0
8549,709.7570713245868,0,0,0,2,0
8550,802.9754288072053,1,0,0,3,0
8551,290.32249672549847,0,0,0,1,0
8552,522.0022964087435,0,0,1,1,0
8553,1857.489996965625,0,0,0,3,0
8554,1104.9553218219744,0,0,0,5,0
8555,2815.622407093627,0,1,0,0,0
8556,1314.5556100144477,0,0,0,2,0
8557,770.8904446743489,0,0,0,3,0
8558,9398.419950781705,1,0,0,2,0
8559,998.3425274321728,0,0,0,3,0
8560,3508.700323571659,0,0,0,3,0
8561,734.2068445325418,0,1,0,2,0
8562,2229.6490589097352,0,0,0,1,0
8563,2773.916942903589,0,0,0,1,0
8564,1350.8536035958214,0,0,0,2,0
8565,104.11718850403199,0,0,0,3,0
8566,1116.833201670973,0,1,0,5,0
8567,3753.56017189086,0,0,0,1,0
8568,1858.4179365670905,0,0,0,1,0
8569,1712.7214492884852,0,0,0,1,0
8570,195.92718126545566,0,0,0,2,0
8571,533.5458075205577,0,0,0,1,0
8572,1654.6712558828422,0,0,0,1,0
8573,1653.0598049124121,0,0,0,6,0
8574,3694.7448570527913,0,0,0,1,0
8575,948.7385355109502,0,0,1,3,0
8576,1645.5403453414822,0,1,1,0,0
8577,1114.7375131127644,0,0,0,3,0
8578,408.7310104421718,1,0,0,0,0
8579,114.91683225020533,1,0,0,0,0
8580,1687.510579617637,0,0,0,1,0
8581,1304.9854997766618,0,0,1,2,0
8582,591.0052838554165,0,0,0,3,0
8583,217.20181480575158,0,0,0,1,0
8584,2058.513736825521,0,0,1,1,0
8585,840.5697416626268,0,0,0,5,0
8586,1913.8548292855837,0,0,0,4,0
8587,7073.060356824328,0,0,0,0,0
8588,128.8397159361097,0,0,0,2,0
8589,544.7893418889348,0,0,0,5,0
8590,889.4687609369322,0,0,0,2,0
8591,4697.689984172016,0,0,0,2,0
8592,213.49149179418757,1,0,0,2,0
8593,7599.677002350834,0,0,0,4,0
8594,1256.2117223427915,0,0,0,3,0
8595,996.2511040067225,1,0,0,5,0
8596,899.591019064491,0,0,0,4,0
8597,708.9159468557959,0,0,0,3,0
8598,3127.8988346211386,0,1,0,3,0
8599,376.71135060141336,0,0,0,4,0
8600,1549.0764314461949,0,0,0,2,0
8601,746.8156251801505,1,0,0,1,0
8602,511.76552004918597,0,0,0,0,0
8603,14559.153417880609,0,0,0,2,0
8604,1667.4499039894606,0,0,0,3,0
8605,2024.8796479456119,0,0,0,1,0
8606,3421.3030992855565,0,0,0,0,0
8607,264.71401503120353,0,0,1,3,0
8608,6325.168218940845,0,1,0,3,0
8609,89.21443211456744,0,0,0,2,0
8610,508.38223205900886,0,0,0,2,0
8611,692.9572623662981,0,0,0,0,0
8612,1962.0073081598878,0,1,0,1,0
8613,1364.7387073950326,0,0,1,2,0
8614,928.1424835435184,0,0,0,0,0
8615,1083.5550804678965,0,0,0,3,0
8616,412.39308177362926,0,0,0,1,0
8617,245.370080996855,0,0,1,0,0
8618,2267.677870462317,0,0,0,4,0
8619,2194.492546191288,0,0,0,1,0
8620,5348.087905452028,0,0,0,2,0
8621,497.6927422532239,0,0,0,1,0
8622,2192.5383385098708,0,0,1,1,0
8623,825.7509969817298,1,0,0,3,0
8624,3606.4348428538324,0,0,0,4,0
8625,3047.1523467773013,0,1,0,4,0
8626,1354.5294440337323,0,0,0,5,0
8627,780.9177599493518,0,0,0,2,0
8628,2866.744024810097,0,0,0,4,0
8629,2094.153143643589,0,0,0,1,0
8630,553.1114940425107,0,0,0,1,0
8631,290.6736983503516,0,0,0,3,0
8632,821.7753815984079,0,0,0,2,0
8633,4991.111030415072,0,0,0,2,0
8634,3451.2341087168707,0,1,0,1,0
8635,360.5651026621262,0,0,1,2,0
8636,341.12281853701677,0,0,0,3,0
8637,3923.2820874539657,0,0,0,0,0
8638,352.2580822799474,0,0,0,2,0
8639,1824.9271066221618,0,0,0,0,0
8640,592.2499654272779,0,0,0,3,0
8641,5525.035349812987,1,0,0,2,0
8642,507.53983521099707,0,0,0,4,0
8643,3440.4636738902855,0,0,0,2,0
8644,1319.3027470105765,0,1,0,2,0
8645,1411.1988272675474,1,0,0,4,0
8646,152.8858277004625,0,0,0,1,0
8647,121.15692992146336,0,1,0,1,0
8648,879.5707986901382,0,0,0,2,0
8649,1403.754993658539,0,0,1,3,0
8650,355.9542360837828,0,0,0,4,0
8651,369.18821786962275,0,0,0,0,0
8652,1922.6748178859154,0,0,0,0,0
8653,1925.3335038265716,0,0,0,3,0
8654,955.5231003820184,0,0,0,3,0
8655,2392.757441727417,0,0,1,2,0
8656,338.93139229233833,1,0,0,1,0
8657,768.2114977363843,0,0,1,3,0
8658,5698.040403098964,0,0,1,4,0
8659,1174.1762653247706,1,0,0,2,0
8660,1244.280231720808,0,0,0,3,0
8661,11003.25685810643,0,0,0,1,0
8662,270.60436167812645,0,0,0,0,0
8663,2431.9054543261323,0,0,0,2,0
8664,5790.571554714133,0,0,0,2,0
8665,792.4600334496995,0,0,0,1,0
8666,2590.5637286381866,0,0,1,0,0
8667,410.7482526205249,0,0,1,2,0
8668,551.8452178065818,0,0,0,2,0
8669,1611.573671071452,0,0,0,3,0
8670,2437.1063030043056,0,0,0,2,0
8671,3364.169857066419,0,1,0,2,0
8672,5269.172387271417,0,0,0,1,0
8673,1025.1081943289655,0,1,1,1,0
8674,3617.7651604102575,0,0,0,5,0
8675,778.7539610823791,0,0,0,5,0
8676,2702.9290885680257,0,0,0,1,0
8677,1349.4991435996405,0,0,0,1,0
8678,1712.4457778776673,0,0,0,3,0
8679,1674.8985479253279,0,0,0,5,0
8680,220.36714365761244,1,0,0,3,0
8681,356.33743788306276,0,0,0,2,0
8682,1215.0511331880296,0,0,0,6,0
8683,202.90155696461466,0,0,1,1,0
8684,2517.977057587896,0,1,0,1,0
8685,2621.641602247603,1,0,0,2,0
8686,1521.0718850993885,0,0,0,0,0
8687,357.4037114455572,0,0,0,3,0
8688,4359.614604045159,0,1,1,0,0
8689,8410.284992407682,0,0,0,2,0
8690,1270.3869618921274,0,0,0,5,0
8691,1827.1915199653754,0,0,0,2,0
8692,1341.761597787069,0,0,0,1,0
8693,1863.7934685987775,0,1,0,6,0
8694,973.055619425155,0,0,1,3,0
8695,1059.3764509076261,0,0,0,4,0
8696,2712.7484835651676,0,0,0,0,0
8697,11448.61638447056,0,0,0,3,0
8698,270.4071444489068,0,1,0,3,0
8699,988.4988859476459,0,1,0,2,0
8700,336.81691869716434,0,0,0,4,0
8701,5388.513829814209,0,0,0,1,0
8702,609.2703116215624,0,0,0,3,0
8703,258.9925265371249,0,0,0,4,0
8704,2075.9766546036262,0,0,0,4,0
8705,6274.88925189043,0,0,0,2,0
8706,2129.4049821209683,0,0,0,2,0
8707,1345.8726301127583,0,0,0,2,0
8708,1651.0073946075947,0,0,0,0,0
8709,4513.556320198614,0,1,0,0,0
8710,457.5109093412181,0,0,0,2,0
8711,980.5884943901406,0,0,1,0,0
8712,697.3656310562991,1,0,0,0,0
8713,341.08601630671126,0,0,0,2,0
8714,789.6775839568611,0,0,0,0,0
8715,3320.00343312053,0,0,0,5,0
8716,1932.5625520392787,0,0,0,1,0
8717,2088.7279015567174,0,0,0,0,0
8718,1269.623414739156,0,1,1,4,0
8719,1850.7084352227544,0,1,0,1,0
8720,492.4582363129447,0,0,0,5,0
8721,804.7165584184338,0,0,0,0,0
8722,1328.7636959120932,0,1,0,2,0
8723,1447.3880393869501,0,0,0,1,0
8724,1510.487695660833,0,0,0,3,0
8725,954.9554765531669,0,0,0,2,0
8726,751.8798963317522,0,1,0,0,0
8727,25790.752670699098,0,0,0,1,0
8728,2715.6517883569386,0,0,0,5,0
8729,1657.6355126162593,0,0,0,3,0
8730,868.5207713920444,0,0,0,6,0
8731,698.3924353428306,0,0,0,2,0
8732,962.1779437495991,0,1,0,2,0
8733,1469.7224370142276,0,0,0,1,0
8734,167.26250356366336,0,0,0,1,0
8735,228.28855129082052,0,1,0,1,0
8736,580.0519166853672,0,0,0,3,0
8737,1349.0277634757194,0,0,0,2,0
8738,863.2694376548328,1,0,1,3,0
8739,4808.40749471171,0,0,0,2,0
8740,249.0374316315676,0,0,0,4,0
8741,517.316322824697,1,1,0,2,0
8742,5014.513772156819,0,0,0,0,0
8743,1250.275648361841,0,0,0,2,0
8744,2656.7067817993648,0,0,0,3,0
8745,8529.166683452306,0,0,0,1,0
8746,547.9563234829269,0,0,0,5,0
8747,992.9553141811351,0,1,0,2,0
8748,835.1180558170857,0,0,0,1,0
8749,155.30749579162367,0,0,0,3,0
8750,804.0031573665113,1,0,0,1,0
8751,2646.6823397638386,0,0,0,0,0
8752,1882.9397697343252,0,0,0,2,0
8753,2036.6939701799554,0,0,0,3,0
8754,753.3206893136937,0,0,0,6,0
8755,569.0127058367669,0,0,0,2,0
8756,3902.0435103347127,0,0,1,1,0
8757,666.9285065855526,0,0,0,1,0
8758,1471.5654407077193,0,0,0,3,0
8759,1291.209533173778,0,0,0,2,0
8760,4730.172812624307,0,0,0,2,0
8761,2896.946000142302,0,1,0,4,0
8762,300.2878093718264,0,0,0,3,0
8763,334.43643553844635,1,0,0,1,0
8764,1956.4948669698563,0,0,0,1,0
8765,1028.3001237926112,0,0,0,6,0
8766,695.6371693816221,0,0,1,1,0
8767,3027.909977193855,0,0,0,1,0
8768,1322.7383602542156,0,0,0,1,0
8769,1155.6952465094068,0,0,0,0,0
8770,2391.864917251777,0,0,0,3,0
8771,753.6220670832511,0,0,0,1,0
8772,5263.3289484046645,0,0,0,2,0
8773,498.6739008269445,0,0,0,0,0
8774,2115.2516468020413,0,0,0,1,0
8775,4600.097779479433,0,0,0,1,0
8776,276.63653892132436,0,0,0,4,0
8777,777.9519988568575,0,0,0,0,0
8778,3436.495196889432,0,0,0,0,0
8779,3488.560785380596,0,0,0,3,0
8780,923.8081309679563,0,1,0,1,0
8781,526.0145670276421,0,0,0,3,0
8782,2852.456472878,0,0,0,2,0
8783,3581.543395604706,0,0,0,1,0
8784,342.1799100378453,0,1,0,1,0
8785,329.0094096228118,0,0,0,0,0
8786,1373.691172154722,0,0,1,0,0
8787,2057.73395285587,0,0,1,1,0
8788,813.1624578750204,0,1,1,2,0
8789,2163.091700229112,0,0,0,2,0
8790,539.0796820839489,0,0,0,2,0
8791,132.3310054658589,0,0,0,1,0
8792,717.7339288001157,0,0,0,3,0
8793,1168.214912059407,0,0,0,3,0
8794,832.2726072534346,0,0,0,0,0
8795,344.2598452541855,0,1,0,2,0
8796,178.45759752504372,0,0,0,3,0
8797,655.8362872189942,0,0,0,3,0
8798,2690.966688109542,0,0,0,0,0
8799,3851.4209588670387,0,1,0,4,0
8800,3596.489048066525,0,1,0,3,0
8801,484.9716641760564,0,0,0,3,0
8802,345.94979949602316,0,0,0,3,0
8803,1801.9678829007412,0,0,0,3,0
8804,2069.5780224674427,0,0,0,2,0
8805,1636.2619249948193,0,0,0,2,0
8806,146.34059184498847,1,0,0,3,0
8807,460.86972695753093,0,0,0,2,0
8808,1064.5539985370658,0,0,0,1,0
8809,1785.0794350112194,0,0,0,3,0
8810,2362.102432347329,0,0,0,3,0
8811,1266.8053302211326,0,0,0,2,0
8812,1526.5778448803903,0,1,0,2,0
8813,1193.7626139050014,0,0,0,1,0
8814,2176.8178209891425,0,1,0,0,0
8815,1499.4679909677652,0,0,0,6,0
8816,1171.1455601885664,0,0,1,3,0
8817,838.5139356498618,0,0,0,6,0
8818,1189.5036818644166,1,0,1,1,0
8819,1780.396513441777,0,0,0,3,0
8820,1432.9282960071623,0,0,0,3,0
8821,1604.915551585465,0,1,0,2,0
8822,4199.504668945817,0,0,0,1,0
8823,1429.619955784678,0,0,0,0,0
8824,573.0663359308778,0,0,0,2,0
8825,2653.425659858894,0,0,0,1,0
8826,279.7235131641196,1,0,0,1,0
8827,371.8857261307405,0,0,0,1,0
8828,1534.3272106972242,0,0,0,1,0
8829,1837.9326658662035,0,0,0,4,0
8830,315.7493733206734,1,0,0,2,0
8831,747.8351148728716,0,0,0,6,0
8832,598.1946291359552,0,0,0,0,0
8833,674.0630665733125,0,0,0,3,0
8834,2817.4789543651254,0,1,0,2,0
8835,2222.7611505556,0,0,0,0,0
8836,1075.8623662641107,0,0,0,2,0
8837,635.2623561676858,0,1,0,1,0
8838,284.3910790382779,0,0,0,1,0
8839,4537.742582181813,0,0,0,1,0
8840,1982.4998944832544,0,0,0,1,0
8841,540.9521869534442,0,0,0,1,0
8842,2252.0574455713468,0,0,0,1,0
8843,1022.2653544949546,0,0,0,4,0
8844,822.9459261175595,0,0,0,4,0
8845,1694.6161403373333,0,0,0,0,0
8846,522.4356143320665,0,0,0,2,0
8847,777.6242827615713,0,0,0,1,0
8848,1238.2582873021395,0,0,0,0,0
8849,665.5067676899986,0,0,0,3,0
8850,2141.1218727808273,0,0,0,1,0
8851,7108.641983771383,0,0,0,1,0
8852,515.7911148776752,0,0,0,5,0
8853,207.44675486783004,0,0,1,0,0
8854,148.1551199308599,1,0,0,3,0
8855,943.4391402655051,0,0,0,5,0
8856,565.0054685074317,0,0,0,2,0
8857,1350.0008500069848,0,0,0,2,0
8858,1252.125356973592,0,0,0,2,0
8859,220.695330064601,0,1,0,2,0
8860,178.5941959651185,0,0,0,2,0
8861,1474.2921279818963,0,0,0,1,0
8862,1255.6753505056706,0,0,0,4,0
8863,716.3594037988281,0,0,0,3,0
8864,209.1091605440158,0,0,0,1,0
8865,1757.0495034307248,0,0,0,1,0
8866,3912.3736696663586,0,1,0,2,0
8867,1448.0635212049224,0,1,0,2,0
8868,469.9029149520064,0,0,0,1,0
8869,1146.5952359979665,0,0,0,1,0
8870,279.7470827470407,0,0,0,4,0
8871,3158.841779245389,0,0,0,3,0
8872,1190.1615515894553,0,0,0,2,0
8873,187.13739660109778,0,0,0,0,0
8874,811.8581554989679,0,0,0,3,0
8875,1742.8927472968153,0,0,0,3,0
8876,785.9965310715381,0,1,0,2,0
8877,832.2261997419503,0,0,0,4,0
8878,322.3370679629733,0,0,0,1,0
8879,1932.4443575943733,0,0,0,3,0
8880,573.3697519590669,0,0,0,4,0
8881,126.91970253540264,0,0,0,4,0
8882,756.530333308674,0,0,0,3,0
8883,2925.2923856329517,0,1,0,0,0
8884,744.7663562351162,0,0,0,2,0
8885,6235.318785052696,0,0,0,2,0
8886,1684.0686307071464,0,0,0,2,0
8887,1538.7999867697458,0,0,0,2,0
8888,964.4921892565848,0,0,0,2,0
8889,1024.2478242994014,0,0,0,3,0
8890,842.6707942956211,0,0,0,1,0
8891,810.5642482405233,0,0,0,2,0
8892,1864.7218186785906,0,0,0,2,0
8893,430.1649630891096,0,0,0,2,0
8894,373.9440440104357,0,0,0,5,0
8895,356.66784735540585,0,0,0,2,0
8896,8481.601335373849,0,0,0,1,0
8897,1863.744475092093,0,1,1,2,0
8898,1486.9646919313168,0,0,0,1,0
8899,380.88036748093504,0,0,0,1,0
8900,2045.3870164615919,0,0,0,3,0
8901,975.9668820842691,0,1,1,3,0
8902,1358.544168630482,0,0,0,1,0
8903,412.9719546077203,0,0,0,4,0
8904,1287.2569749718557,0,0,0,2,0
8905,717.7824019705569,0,1,0,3,0
8906,509.98883992034183,0,0,0,1,0
8907,2284.965799470335,1,1,0,2,0
8908,235.6369307657514,0,0,0,3,0
8909,1929.0371363243066,0,1,0,0,0
8910,2174.352359757357,0,0,0,2,0
8911,455.0268027909113,0,0,0,1,0
8912,482.833338319185,0,0,0,2,0
8913,877.4099409996179,1,0,0,0,0
8914,1453.945552163649,0,0,0,3,0
8915,941.1899775275748,0,0,1,5,0
8916,1691.8239058475992,0,0,0,5,0
8917,6393.132539583798,0,1,0,1,0
8918,660.0286418691421,0,0,0,3,0
8919,197.31866867284444,0,0,0,5,0
8920,2504.698339791687,0,0,0,1,0
8921,5903.582068550122,0,0,0,0,0
8922,1624.1962598011169,0,0,0,4,0
8923,369.5371677525731,0,1,0,0,0
8924,968.84790304097,0,0,0,3,0
8925,358.33794292525454,0,0,0,3,0
8926,2085.6909995155297,0,1,0,1,0
8927,283.92485193992434,0,0,0,1,0
8928,812.3012047351201,0,0,0,1,0
8929,401.6825795890661,0,0,0,1,0
8930,1244.9176786357411,1,0,1,2,0
8931,760.2583599866645,1,0,0,4,0
8932,1308.6640716905067,0,0,0,2,0
8933,1121.4194803189946,1,0,1,3,0
8934,408.8469874685209,0,0,0,2,0
8935,2052.6297676725603,0,0,0,2,0
8936,1044.4381331311895,0,0,1,2,0
8937,408.08316610889045,0,0,0,1,0
8938,10310.587472234942,0,1,0,2,0
8939,1765.9254508605227,0,0,0,1,0
8940,940.8083444215224,0,0,0,1,0
8941,4515.1989391237585,0,0,0,2,0
8942,6917.540797636635,0,0,0,2,0
8943,948.2807210639301,0,0,0,2,0
8944,1552.1517708137458,0,0,0,0,0
8945,408.2979518382225,0,0,0,1,0
8946,946.5343383013097,0,0,0,2,0
8947,898.6893698580429,0,0,0,2,0
8948,1319.2610307384714,0,0,0,3,0
8949,1529.5983730263358,0,0,0,5,0
8950,1919.51618987452,0,0,0,5,0
8951,1390.8114827234263,0,0,0,2,0
8952,326.77026594657957,0,0,0,1,0
8953,429.03259465513463,0,0,1,3,0
8954,634.9792876815114,0,1,0,4,0
8955,826.9625485429348,0,0,0,7,0
8956,3136.2223785139154,0,0,0,4,0
8957,342.77046097072315,0,1,0,0,0
8958,767.0752850989609,0,0,0,0,0
8959,2844.121462129011,0,0,0,2,0
8960,812.5053716985968,0,0,0,4,0
8961,1737.870252745657,0,0,0,1,0
8962,953.8037686696096,0,0,0,1,0
8963,1417.6888543715643,0,0,0,1,0
8964,872.643801693444,0,0,0,4,0
8965,2136.801732801489,0,0,0,0,0
8966,233.91167634633592,0,1,0,2,0
8967,762.5651836725519,0,1,0,1,0
8968,1475.2351454240957,0,1,0,2,0
8969,1870.002876356851,0,0,0,3,0
8970,4880.254371293734,0,0,0,7,0
8971,741.722610618114,0,0,0,5,0
8972,4814.953957402074,0,0,0,2,0
8973,567.3498729722389,1,1,0,0,0
8974,4140.808806158107,0,0,0,2,0
8975,2483.6067733021177,0,0,0,1,0
8976,439.89735709450343,0,1,0,2,0
8977,1490.7568712531966,0,0,0,4,0
8978,1041.8613629485637,1,0,0,1,0
8979,2049.9785192747636,0,0,0,4,0
8980,877.1942061332722,0,0,0,3,0
8981,806.5402266206074,1,0,0,3,0
8982,4311.730379820108,0,0,0,0,0
8983,993.5447517772462,0,1,0,0,0
8984,2505.9478475144765,0,0,0,1,0
8985,875.3716289199618,0,0,0,6,0
8986,5806.093562370814,0,0,0,0,0
8987,556.4989982724683,0,0,0,3,0
8988,593.3927373601865,0,0,0,2,0
8989,5036.754378548835,0,0,0,2,0
8990,702.786824585582,0,0,0,1,0
8991,5437.497992298394,1,0,0,2,0
8992,2675.3636114186097,0,0,0,2,0
8993,939.502324876091,0,0,0,2,0
8994,178.8784505510319,0,0,0,0,0
8995,1075.6513840735972,0,0,0,0,0
8996,1213.9442567233955,0,0,0,1,0
8997,3523.526921536008,0,0,0,2,0
8998,5369.26966918651,0,0,0,0,0
8999,552.8091480327561,1,0,0,1,0
9000,2443.487898053696,0,1,0,2,0
9001,2357.6064235018157,0,0,0,5,0
9002,3208.0312249762846,0,1,0,4,0
9003,1805.6752709520194,0,0,0,2,0
9004,157.19739506716226,0,0,0,3,0
9005,938.7766274524034,0,0,0,2,0
9006,345.25815931843243,0,0,0,3,0
9007,895.5107510624649,0,1,0,1,0
9008,2921.943441798911,0,1,0,2,0
9009,1487.9443803166455,0,0,0,0,0
9010,3456.7733197590583,0,1,0,2,0
9011,1543.4167717405285,0,0,0,0,0
9012,299.36814204572227,0,0,0,3,0
9013,88.15996896968322,0,0,0,3,0
9014,1272.5890949857549,0,0,1,2,0
9015,885.4301159329618,0,0,0,5,0
9016,412.83758568587126,0,0,0,5,0
9017,200.21118818280823,0,0,0,3,0
9018,525.9766323323917,0,0,0,2,0
9019,902.806744114386,0,0,0,3,0
9020,2134.2654687073004,1,0,0,2,0
9021,1324.2891204369014,0,0,0,1,0
9022,5475.655355591736,0,0,0,3,0
9023,389.3177872657007,1,0,0,1,0
9024,2646.6736181044066,0,0,0,3,0
9025,1149.7487774814717,0,0,0,2,0
9026,2196.6068858341405,0,0,0,3,0
9027,708.737442260807,0,0,1,2,0
9028,3202.478671804364,1,0,0,2,0
9029,1473.2479884659251,0,0,0,2,0
9030,555.8814294271737,0,1,0,6,0
9031,1083.526166960582,0,0,0,3,0
9032,863.0254157065291,0,0,0,4,0
9033,1788.5819007575853,0,0,0,2,0
9034,337.04729124992764,1,0,1,2,0
9035,1064.9129075851993,0,0,0,1,0
9036,1628.3251539759171,0,0,0,0,0
9037,1133.4522095252128,0,0,0,3,0
9038,4217.2614226419455,0,1,0,0,0
9039,2378.0183031091706,0,0,0,2,0
9040,1088.460077365527,0,0,0,6,0
9041,1361.9722301766524,0,0,0,4,0
9042,1473.897529214016,0,0,0,3,0
9043,1641.391446639634,0,0,0,2,0
9044,176.6803211351083,0,1,1,6,0
9045,811.1667993940293,0,0,0,4,0
9046,248.5293461707236,0,0,0,5,0
9047,3937.419929096189,0,0,0,1,0
9048,1031.8932285658464,0,0,0,1,0
9049,903.8460528048442,0,0,0,2,0
9050,2688.657646925776,0,0,0,2,0
9051,1672.9181863831877,0,0,0,2,0
9052,354.73303256451516,0,0,0,1,0
9053,1021.5686708221868,0,0,0,1,0
9054,784.3324915200833,0,0,0,3,0
9055,191.61096862018783,0,0,0,3,0
9056,549.893029098824,0,0,0,2,0
9057,912.7478618379729,0,0,0,1,0
9058,977.5496354341925,0,1,0,3,0
9059,249.07861669283824,0,0,0,1,0
9060,3469.1524176019193,0,0,0,0,0
9061,990.1900962485902,0,1,0,2,0
9062,1138.598132861013,0,0,0,2,0
9063,1637.0344771688242,0,0,1,3,0
9064,498.65962366310475,1,0,0,2,0
9065,1730.829362893695,0,0,0,2,0
9066,759.7013184397098,1,1,0,3,0
9067,447.38273529990084,0,0,0,2,0
9068,1945.8369915936398,0,0,0,2,0
9069,4874.017666413596,0,1,0,0,0
9070,2263.866278893699,0,0,0,1,0
9071,2759.9768338419126,0,0,0,1,0
9072,651.5599387196752,0,0,0,0,0
9073,221.93405114650807,0,0,1,4,0
9074,4866.535283388227,0,0,0,1,0
9075,8557.08513390274,0,0,0,3,0
9076,5129.722144177979,0,1,0,2,0
9077,783.8471667837714,0,0,0,2,0
9078,345.6289017807673,1,0,0,4,0
9079,377.78199716824747,0,0,1,1,0
9080,203.6224273088068,0,0,0,2,0
9081,984.9800445137431,0,0,0,2,0
9082,5462.588048991514,0,1,0,2,0
9083,951.7832860064564,0,0,0,1,0
9084,1483.7425136460863,0,0,0,1,0
9085,4339.858245805403,0,0,0,2,0
9086,732.0909011626763,0,0,0,4,0
9087,8396.174435253086,0,0,0,3,0
9088,8039.276796936751,0,0,0,2,0
9089,961.8789982594907,0,0,0,0,0
9090,615.518951756054,0,0,0,1,0
9091,2202.25705249759,0,0,0,5,0
9092,774.6993801188413,0,0,0,1,0
9093,344.9656279482924,1,1,0,0,0
9094,3949.0828992113857,0,1,0,0,0
9095,3701.3296068276427,0,0,0,6,0
9096,1281.1477102068723,0,1,0,3,0
9097,310.17456325619236,0,0,0,2,0
9098,320.68962298407007,1,0,1,0,0
9099,1220.7604807665066,1,0,0,1,0
9100,665.2274188958795,0,0,0,1,0
9101,779.6983139339735,0,0,1,2,0
9102,3047.1534997647004,0,0,0,3,0
9103,2282.848575670151,0,0,0,0,0
9104,4350.920367756158,1,0,0,2,0
9105,407.2294462611913,0,0,0,4,0
9106,778.0637263607356,0,0,0,3,0
9107,2342.51799362571,0,1,0,0,0
9108,1716.5613284052135,0,0,0,2,0
9109,5076.515513027671,1,0,1,4,0
9110,1669.9295283107047,0,0,0,1,0
9111,6961.213587200383,0,0,0,0,0
9112,1881.8635252779752,0,0,0,0,0
9113,3172.158175196856,0,0,0,1,0
9114,793.5250061571546,0,0,1,3,0
9115,1112.4134484679896,1,0,0,1,0
9116,2726.9646064800163,1,0,0,3,0
9117,5502.612016591556,0,0,0,3,0
9118,2273.866463271628,0,1,0,0,0
9119,1009.1142330470865,0,0,0,1,0
9120,4347.407761374831,0,0,0,1,0
9121,122.48901392523621,0,1,0,2,0
9122,264.47996414191306,0,0,0,1,0
9123,2168.1601367978606,0,0,0,0,0
9124,1112.2145048505058,0,0,0,2,0
9125,2009.243678972408,0,0,0,4,0
9126,1169.5888110007666,0,0,1,3,0
9127,1940.9749834562829,0,0,1,3,0
9128,485.7029286123161,0,0,0,2,0
9129,1940.0830997830312,0,0,0,3,0
9130,2964.354343049302,1,0,0,3,0
9131,3716.5481652820167,0,0,0,2,0
9132,8213.66323398958,0,1,0,1,0
9133,1399.8193107198751,0,0,0,1,0
9134,1442.1799281257877,0,0,0,2,0
9135,239.08700798461135,0,0,0,1,0
9136,644.5733331145764,0,0,0,3,0
9137,904.0800668490265,0,0,0,2,0
9138,3134.7965426236037,0,0,0,2,0
9139,595.2603518109696,0,0,0,2,0
9140,2431.685749148578,0,1,0,2,0
9141,1094.8561711075222,0,0,0,1,0
9142,918.5826505597103,0,0,0,0,0
9143,1406.5483017318693,0,0,0,0,0
9144,741.6249281872313,0,0,0,1,0
9145,714.0569720242298,0,0,0,2,0
9146,199.3803075668813,0,0,0,3,0
9147,855.8077781357294,0,0,0,1,0
9148,678.6000010186762,0,0,0,1,0
9149,654.5964969723548,0,0,1,1,0
9150,1663.8226956184253,0,1,0,2,0
9151,2118.8567488349,1,0,0,3,0
9152,1383.2547346848812,1,0,0,1,0
9153,2967.3221451480804,0,0,0,2,0
9154,1949.9556853350593,0,0,0,4,0
9155,816.4321498597914,0,0,0,1,0
9156,690.312031050986,0,0,0,2,0
9157,1499.4028933918005,0,0,0,2,0
9158,1946.4590126917712,0,0,0,3,0
9159,4437.4905625472675,0,0,0,2,0
9160,3608.953228736051,0,0,0,0,0
9161,638.1204084352398,0,0,0,1,0
9162,990.2859302596789,0,0,0,0,0
9163,2145.2637944964154,0,0,0,3,0
9164,3190.706925791683,0,0,1,0,0
9165,2804.4689256289826,0,0,0,5,0
9166,1028.7730598721678,1,0,0,1,0
9167,312.92931913249527,0,0,0,1,0
9168,403.8581182202211,1,0,0,3,0
9169,1440.3386151254206,0,0,0,2,0
9170,1544.1449094080635,0,1,0,2,0
9171,365.51986450563544,0,0,0,4,0
9172,1146.615238891092,0,0,0,2,0
9173,2061.5725760238897,0,0,1,1,0
9174,346.8087039522111,0,0,0,2,0
9175,3310.972400470514,0,1,0,4,0
9176,751.7988875699541,0,0,0,3,0
9177,3856.8771733547655,0,0,1,0,0
9178,643.2590718587602,0,0,0,2,0
9179,392.8290449554164,0,0,0,2,0
9180,693.5775171067324,0,0,0,2,0
9181,997.1008087361058,0,0,0,1,0
9182,743.6125203820874,0,0,0,0,0
9183,883.5947928553278,0,1,1,2,0
9184,1531.4421462350128,0,1,0,4,0
9185,924.1003135560601,0,0,0,3,0
9186,1026.4767701459646,0,0,0,2,0
9187,198.49692340686926,0,1,1,1,0
9188,1622.4587361835142,0,0,0,3,0
9189,1003.0460531466775,0,0,0,2,0
9190,5487.8562770733815,0,1,0,2,0
9191,428.5617490312143,0,0,0,4,0
9192,179.77474876675728,0,1,0,1,0
9193,2034.62843489422,0,0,0,0,0
9194,1550.8012600506752,0,0,0,3,0
9195,400.04097504289825,0,0,0,1,0
9196,237.51981343771007,1,0,0,2,0
9197,5102.04506097387,0,0,0,2,0
9198,4510.2613986513725,1,0,0,2,0
9199,91.1533489279422,0,0,0,2,0
9200,693.5178446701827,0,0,0,3,0
9201,5791.763232040154,0,0,0,1,0
9202,681.2555155890153,0,0,0,0,0
9203,671.4152284830661,0,0,0,3,0
9204,826.5336847844541,0,0,0,1,0
9205,357.48844010185655,0,0,0,2,0
9206,199.38233359254596,0,0,0,2,0
9207,3141.7878967694924,0,0,0,2,0
9208,173.65370131317894,0,1,1,2,0
9209,1404.2680035780677,0,0,0,1,0
9210,2661.3252520325095,0,0,0,4,0
9211,256.9222991126676,1,0,0,2,0
9212,435.16775368557336,0,0,0,2,0
9213,3689.2526711951677,0,0,0,1,0
9214,1868.500880627063,0,0,0,3,0
9215,591.5311194577158,1,0,0,5,0
9216,3649.148031710891,0,1,0,1,0
9217,3664.8244841772953,0,1,0,0,0
9218,1435.1902431290443,0,0,0,2,0
9219,445.7863369630019,0,0,0,2,0
9220,725.2752924662491,0,0,0,3,0
9221,1460.2847704777757,0,0,0,0,0
9222,908.1460111025184,0,0,1,0,0
9223,2804.434457599765,1,0,0,4,0
9224,237.51384580236888,0,0,0,2,0
9225,246.0996341816663,1,0,0,1,0
9226,1314.052445989987,0,1,0,0,0
9227,670.7896404084989,0,1,0,2,0
9228,585.7841548565724,0,0,0,2,0
9229,187.15614731878546,0,0,0,4,0
9230,1118.2786303456041,0,0,0,3,0
9231,1040.2796934614498,0,0,0,2,0
9232,2107.9664246557386,0,1,0,2,0
9233,1174.8621882700527,0,0,0,1,0
9234,960.4442345575309,0,0,0,0,0
9235,3558.1664064439587,0,0,0,3,0
9236,295.1644611885906,0,1,0,3,0
9237,1875.047401429909,0,0,0,3,0
9238,206.20129156285844,0,0,0,1,0
9239,474.2042423866293,0,1,0,3,0
9240,326.1452607926763,0,0,0,2,0
9241,2396.9264156685167,0,0,0,3,0
9242,1027.1977745416748,0,0,0,1,0
9243,1081.9245829011122,0,1,1,1,0
9244,362.58793067906794,0,0,0,2,0
9245,812.654869021629,0,0,0,2,0
9246,511.0843763803034,0,0,0,2,0
9247,1609.1397764606425,0,0,0,5,0
9248,407.03894330790024,0,0,0,6,0
9249,4145.564992202575,0,0,0,0,0
9250,205.2891658557451,1,0,0,2,0
9251,489.54685011979467,0,0,0,2,0
9252,5867.597297105288,0,1,0,3,0
9253,709.7134180748818,0,0,0,3,0
9254,294.45357058271355,0,0,0,1,0
9255,1365.2209498443276,0,0,0,2,0
9256,681.7123248497896,0,0,0,1,0
9257,475.38725443805095,0,0,0,1,0
9258,366.5478929049961,0,0,0,3,0
9259,17472.327202628432,0,0,0,2,0
9260,852.7343764985877,0,1,0,1,0
9261,159.88145584576944,0,0,0,0,0
9262,4883.950787964741,0,0,0,1,0
9263,2020.4406397782109,0,0,0,1,0
9264,509.5528462041912,0,0,0,3,0
9265,431.33321468266035,0,0,0,1,0
9266,2150.536868347047,0,0,0,2,0
9267,856.6947514782638,0,1,0,3,0
9268,159.81584467146385,0,0,0,0,0
9269,6550.128616901429,0,0,0,2,0
9270,710.5288399557204,0,0,0,0,0
9271,4893.053065818588,0,0,0,0,0
9272,3938.026379831399,0,0,0,3,0
9273,403.02171969418333,0,0,0,3,0
9274,3081.5557570447922,0,1,0,1,0
9275,571.6674551123857,0,0,0,1,0
9276,169.57569633809052,0,0,1,3,0
9277,717.2337753547347,0,0,0,5,0
9278,1632.1239816327839,0,0,0,1,0
9279,690.3946233475962,1,0,0,1,0
9280,806.6998444133751,0,0,0,2,0
9281,3441.167371320594,0,0,0,2,0
9282,1219.8631755996842,0,0,0,2,0
9283,471.86913402232193,0,0,0,0,0
9284,2212.8362078045484,0,0,0,1,0
9285,1336.3209629259939,0,0,0,1,0
9286,88.09318710243107,0,0,0,1,0
9287,1683.0331883814515,0,0,0,2,0
9288,1622.6707919397213,0,0,0,2,0
9289,1118.922144108527,0,0,0,1,0
9290,2674.989090675322,0,0,0,4,0
9291,559.8150244454991,0,0,0,5,0
9292,1535.3287229006553,1,0,0,0,0
9293,228.84401833577172,0,0,0,1,0
9294,1647.6254075667894,0,0,0,2,0
9295,7731.511779911103,0,0,0,2,0
9296,405.50923495282797,0,0,0,1,0
9297,512.9599992772582,0,0,0,2,0
9298,539.1450030625409,1,0,0,2,0
9299,1248.8747511596991,0,0,0,1,0
9300,378.7830929553736,0,1,0,0,0
9301,1671.1167235862542,0,1,0,1,0
9302,2557.6392536389358,0,0,0,2,0
9303,1871.2224511362417,0,0,0,1,0
9304,187.0890252383074,0,0,0,2,0
9305,2966.587748765591,1,0,0,2,0
9306,2799.9796107273146,1,0,1,1,0
9307,2515.3352462203056,0,0,0,1,0
9308,1592.152651862568,0,0,0,2,0
9309,1366.7477809875365,0,0,0,1,0
9310,3079.0900626888065,0,0,1,3,0
9311,7506.416653924799,1,0,0,3,0
9312,422.82548826804,0,0,0,3,0
9313,3223.1853728861065,0,0,0,4,0
9314,1006.0458256845628,0,0,0,3,0
9315,963.2634513649593,0,1,0,5,0
9316,235.91446658746614,0,0,0,2,0
9317,824.8574557395705,0,0,0,1,0
9318,404.53369849173,1,0,0,6,0
9319,689.6233441444068,0,1,0,0,0
9320,365.7001064430399,0,0,0,2,0
9321,700.0078943950275,0,0,0,7,0
9322,730.6171902086523,0,0,0,4,0
9323,1208.0405169318644,0,0,0,5,0
9324,218.1646684931693,0,0,0,1,0
9325,258.39304405509205,0,0,0,2,0
9326,1574.8483654663428,0,0,0,0,0
9327,494.0130248482415,0,0,0,1,0
9328,3211.6168799551124,0,0,0,2,0
9329,1373.7090852475994,0,0,0,2,0
9330,2011.7537844677563,0,0,0,3,0
9331,4494.871325792459,0,0,0,0,0
9332,804.5548862789137,0,0,0,0,0
9333,617.3976430896704,0,0,1,4,0
9334,2622.026013712534,0,0,0,2,0
9335,1825.3254227016293,0,0,0,2,0
9336,909.295105657576,0,0,0,3,0
9337,4409.241538681478,0,1,1,2,0
9338,886.9208013993438,0,0,0,1,0
9339,1133.1692562471094,0,0,1,5,0
9340,1120.1553397020466,0,0,0,2,0
9341,430.6975506339232,0,1,0,1,0
9342,1185.1034975812959,0,1,0,5,0
9343,4432.682354363646,1,0,0,0,0
9344,1711.2310715808676,0,0,0,3,0
9345,1131.2329537574824,0,0,0,0,0
9346,932.8390881594573,0,0,0,1,0
9347,1526.7048948270592,0,0,1,7,0
9348,2321.0306889633184,0,0,0,1,0
9349,2016.7424312980081,0,0,0,3,0
9350,786.9267256529547,0,0,0,2,0
9351,1517.4424441018007,1,1,0,1,0
9352,1772.1339859555974,0,0,0,3,0
9353,400.53654567612267,0,0,0,2,0
9354,1297.546615008731,0,0,0,0,0
9355,126.30455753452001,0,0,0,3,0
9356,1776.7368132133056,0,0,0,2,0
9357,2122.4854320105574,0,0,0,2,0
9358,2315.882551886809,0,0,0,5,0
9359,738.7452565828329,0,0,0,3,0
9360,1493.7527176478925,0,0,0,1,0
9361,4554.877179939454,0,0,0,4,0
9362,4508.724823541732,1,1,0,2,0
9363,1065.1035471343396,0,0,1,3,0
9364,1260.5704438783762,0,1,0,1,0
9365,3330.611316766089,0,0,0,1,0
9366,244.495764275389,1,0,0,1,0
9367,793.8736021460005,1,0,0,1,0
9368,4169.579438111242,0,0,1,2,0
9369,2907.9409770141806,0,0,0,2,0
9370,1586.4653617313236,0,0,0,3,0
9371,243.26894349158363,0,0,0,2,0
9372,1043.2433727620462,0,0,0,1,0
9373,607.9451133221843,0,0,0,2,0
9374,1526.9673188827614,0,0,0,2,0
9375,488.16492762748726,0,0,0,3,0
9376,393.18357117026375,0,0,0,2,0
9377,139.09188005013618,0,1,0,4,0
9378,3721.2119416562086,0,0,1,3,0
9379,735.2639045345412,0,0,0,2,0
9380,1283.2430477067012,0,1,1,2,0
9381,1094.181510250927,0,0,0,2,0
9382,377.12099101672754,0,0,1,3,0
9383,311.3554197892737,0,0,0,0,0
9384,401.2902070871964,0,0,0,3,0
9385,532.1000636222876,0,0,0,4,0
9386,1582.2548786513341,0,0,0,1,0
9387,494.8636828593058,0,0,0,1,0
9388,6288.580393373334,0,0,0,4,0
9389,3063.0028457132544,0,0,0,0,0
9390,2461.089826354207,1,0,0,1,0
9391,972.9581768255262,0,0,0,1,0
9392,4985.458906944485,0,0,0,1,0
9393,881.8256571864115,0,0,1,0,0
9394,1062.8811712187528,0,0,0,4,0
9395,1299.8115088558202,0,0,0,3,0
9396,2212.3775717379335,0,0,0,1,0
9397,2073.323343908582,0,0,0,2,0
9398,681.8943416369078,0,0,0,0,0
9399,643.5542194356736,0,0,0,2,0
9400,2079.542002100959,0,0,0,0,0
9401,2242.253316050552,1,0,0,6,0
9402,739.9990298450306,0,0,0,2,0
9403,224.26130907420946,0,0,0,1,0
9404,891.3025249273126,0,0,0,0,0
9405,2045.762375635058,0,0,0,0,0
9406,6670.278194893815,0,1,0,1,0
9407,330.974733179851,0,0,0,1,0
9408,715.8200060574551,0,0,0,2,0
9409,742.9259962470289,0,0,0,1,0
9410,4254.809799045409,0,1,0,3,0
9411,1058.9768652751209,0,0,0,1,0
9412,442.6031039694577,0,0,0,3,0
9413,1917.342291498059,0,0,0,0,0
9414,731.6933313671267,0,1,0,3,0
9415,322.3418816805449,0,0,1,1,0
9416,449.0915177623075,0,0,0,3,0
9417,6210.781139789189,0,0,0,3,0
9418,1610.3538583914212,0,0,0,3,0
9419,1221.4085921682308,0,0,0,2,0
9420,854.149523209236,0,0,0,1,0
9421,1468.7233633239607,0,0,0,3,0
9422,1451.3304203304529,0,0,1,2,0
9423,1468.7527176524604,0,0,0,6,0
9424,1230.0930430698202,0,1,1,2,0
9425,2614.42204900104,0,1,0,3,0
9426,1122.265114944881,0,0,0,4,0
9427,412.4278017714793,0,0,1,3,0
9428,594.4146317495388,0,0,0,0,0
9429,151.55995761775057,0,0,0,5,0
9430,8323.32518842865,0,0,0,2,0
9431,2598.6687975569125,0,0,0,2,0
9432,478.15239748607274,0,0,0,3,0
9433,827.2898775556422,0,0,0,0,0
9434,580.0553475474509,0,0,0,1,0
9435,5128.390833996161,0,0,0,1,0
9436,265.1041680500434,0,0,0,2,0
9437,1229.639183788789,0,0,0,3,0
9438,983.8487318450245,0,0,0,3,0
9439,2506.99130711998,0,0,0,1,0
9440,988.3044245234211,0,1,0,5,0
9441,189.00833664970665,0,0,0,1,0
9442,853.1045994523452,0,0,0,3,0
9443,414.8171339587632,0,0,0,1,0
9444,1187.4691380452632,1,0,0,3,0
9445,4601.68139581618,0,0,0,4,0
9446,192.5921529432118,0,0,0,1,0
9447,492.6393006605296,1,1,0,3,0
9448,631.0007468995499,1,0,0,0,0
9449,748.7228621657072,0,0,0,0,0
9450,2298.761236746672,0,0,0,2,0
9451,921.9173545934896,1,0,1,0,0
9452,1662.042797558018,0,0,0,0,0
9453,586.5318408787416,0,0,0,2,0
9454,1380.1180878801845,0,0,0,1,0
9455,2387.0119458642102,1,0,0,0,0
9456,527.2635140673368,0,0,0,1,0
9457,2395.5260236156896,0,0,0,0,0
9458,1155.5974578393668,0,0,0,3,0
9459,3119.600539771676,0,0,0,1,0
9460,896.5733428659172,1,0,0,0,0
9461,1605.5869267441833,0,0,0,2,0
9462,1052.9950047772797,0,0,0,2,0
9463,996.0403192693875,0,0,0,1,0
9464,1420.736144982405,0,0,1,4,0
9465,1875.8318047401197,0,0,0,3,0
9466,314.32739063828956,0,0,0,4,0
9467,4599.181394014495,0,0,0,0,0
9468,170.7733023055226,0,0,0,2,0
9469,552.9059364733987,0,0,0,2,0
9470,997.9776978669831,0,0,0,1,0
9471,1656.324001828947,0,1,1,1,0
9472,5303.766607259769,0,0,0,1,0
9473,171.0076875243478,0,0,1,3,0
9474,660.0435855883861,0,0,0,1,0
9475,130.73423371083646,0,0,0,0,0
9476,1131.864977599763,0,0,1,3,0
9477,1438.9710441759535,1,0,0,1,0
9478,5381.894572412468,0,0,0,1,0
9479,1237.2355329963705,0,1,0,4,0
9480,3115.126777537667,0,0,1,5,0
9481,1966.1588215303893,0,0,0,3,0
9482,709.635744871081,0,0,0,3,0
9483,268.01400944897654,0,0,0,1,0
9484,1443.7545103133846,0,0,0,0,0
9485,246.63215679432605,1,0,0,4,0
9486,4004.632410604765,0,1,1,0,0
9487,932.5641082637363,1,0,0,6,0
9488,3623.4337737583087,0,1,0,1,0
9489,678.4328905721969,0,0,0,2,0
9490,1434.9004979772972,0,0,0,1,0
9491,1352.0116282393715,0,0,0,3,0
9492,1048.3322865967623,0,0,0,2,0
9493,711.4751470798661,0,0,0,2,0
9494,1623.6890301208753,0,0,0,2,0
9495,434.3439520705543,0,0,1,0,0
9496,327.1977313052661,0,0,0,2,0
9497,3800.268090383392,0,1,0,1,0
9498,2269.1667869604034,1,0,1,4,0
9499,1171.3258702340763,0,0,0,2,0
9500,5797.269921583756,0,0,0,2,0
9501,839.0199473009897,0,0,0,0,0
9502,4116.272171410519,0,0,0,2,0
9503,1307.1102779432726,0,0,0,0,0
9504,393.5661852084572,0,0,0,0,0
9505,6960.733890248433,0,0,0,2,0
9506,2953.395624790443,0,0,0,3,0
9507,971.6337849289044,0,0,0,3,0
9508,2269.1742086043955,0,0,0,1,0
9509,732.377847579974,0,0,0,3,0
9510,2512.7901670184915,0,0,0,2,0
9511,100.3758293467561,0,0,0,1,0
9512,395.5189366364703,0,0,0,1,0
9513,2919.7688882984135,1,0,0,5,0
9514,854.353003803167,0,0,0,1,0
9515,1349.5713397357856,0,0,0,4,0
9516,285.20674487278535,0,0,0,3,0
9517,6959.528422897176,0,0,0,2,0
9518,3606.631970647252,0,0,0,3,0
9519,897.2322809203293,0,0,0,1,0
9520,731.6513795992516,0,1,0,1,0
9521,3070.526614135401,1,0,0,4,0
9522,7962.278249760103,0,0,0,2,0
9523,2846.257509650983,0,0,1,4,0
9524,9621.954248818933,0,0,0,6,0
9525,436.0028024378312,0,0,0,2,0
9526,483.28820310520564,0,0,0,3,0
9527,333.9725760418839,0,0,0,1,0
9528,1705.7508084471358,0,0,0,1,0
9529,1307.1487923562693,0,0,0,2,0
9530,942.0410739339006,0,0,0,3,0
9531,2463.3035341986765,0,0,1,2,0
9532,3760.5804716057337,0,0,0,0,0
9533,238.4924349917459,0,1,1,0,0
9534,603.6701696842189,0,0,0,3,0
9535,2490.262969499282,0,1,0,1,0
9536,686.9498672616678,0,0,0,0,0
9537,493.63378859502893,0,0,0,5,0
9538,3036.7326421992266,0,0,0,2,0
9539,302.02202049892696,0,1,0,2,0
9540,811.1233933799924,0,0,0,0,0
9541,1523.314795370109,0,0,0,3,0
9542,617.80945587538,0,0,0,1,0
9543,2399.835940832764,0,0,0,3,0
9544,620.8708099616637,0,0,0,3,0
9545,4485.563884949074,0,0,0,2,0
9546,967.0533866918998,0,0,1,0,0
9547,2145.8051810461648,0,0,0,2,0
9548,2312.3600600506697,1,1,0,4,0
9549,585.4963782359314,0,0,0,0,0
9550,140.68360760736434,0,0,0,2,0
9551,1573.0249347731685,0,1,0,3,0
9552,1178.8425510408179,1,0,1,1,0
9553,1911.8488317149668,0,0,0,1,0
9554,874.3428080264888,0,0,0,1,0
9555,713.0648009442324,0,0,0,1,0
9556,8172.033137888283,0,0,0,2,0
9557,251.5510468405573,0,0,0,1,0
9558,2284.6096982946933,0,0,0,0,0
9559,617.3265521358967,0,0,0,2,0
9560,783.8529055374831,0,0,0,2,0
9561,798.62952702146,0,0,1,4,0
9562,491.05970826493325,0,0,0,1,0
9563,1941.5156506198418,0,0,0,2,0
9564,4405.6522419219655,0,0,0,1,0
9565,1754.6306558536046,0,0,0,3,0
9566,1216.0728815461628,0,0,0,3,0
9567,408.93634200137825,0,0,0,1,0
9568,1838.7205690353512,0,0,0,3,0
9569,9474.408795298166,0,0,1,2,0
9570,749.4243482856174,0,0,0,1,0
9571,752.9632491115856,0,0,0,2,0
9572,625.7249321481082,0,0,1,0,0
9573,672.2200656137169,0,0,0,1,0
9574,70.43571475091335,0,0,0,1,0
9575,1644.243017993713,1,0,0,3,0
9576,470.8068022896021,0,1,0,1,0
9577,219.14571661121306,0,0,0,3,0
9578,2328.9899383882093,0,0,0,0,0
9579,371.66102470986647,0,1,0,1,0
9580,781.590500012737,0,0,0,1,0
9581,4752.577546348194,0,0,0,1,0
9582,267.94566086211233,0,0,0,3,0
9583,236.84401630487852,1,0,0,1,0
9584,1435.5541050163538,0,0,0,4,0
9585,3461.604067727491,0,0,0,2,0
9586,227.16083305603766,0,0,0,2,0
9587,1648.6132135127946,0,0,0,2,0
9588,1960.587672048808,0,0,0,1,0
9589,139.88763823179468,0,0,0,2,0
9590,2436.947079369875,0,0,0,1,0
9591,2634.914150112349,0,0,0,4,0
9592,802.8873572775137,0,0,0,3,0
9593,3836.6173629400214,0,0,0,4,0
9594,3416.785836701755,0,0,1,8,0
9595,1215.7517949751218,0,0,0,2,0
9596,698.2342231146001,0,0,1,1,0
9597,414.54109259966117,0,0,0,2,0
9598,1056.2038555182996,0,0,0,2,0
9599,1938.672849392644,0,0,0,2,0
9600,792.9999344383399,0,0,0,3,0
9601,121.81445114371374,0,0,0,2,0
9602,3899.9300442168687,0,0,0,1,0
9603,1326.3992538522784,1,0,0,1,0
9604,750.2267568668177,0,0,0,2,0
9605,2584.166734156816,0,1,0,0,0
9606,5037.3659550560915,1,0,1,4,0
9607,66.55897724684158,1,0,0,3,0
9608,1693.0106113999236,0,0,0,6,0
9609,263.3149355071766,0,0,0,1,0
9610,1806.4348880690643,1,0,0,3,0
9611,1246.2909787427534,0,0,0,2,0
9612,2070.875050077586,0,0,0,2,0
9613,665.6422642782909,0,0,0,5,0
9614,168.47036992392353,0,0,0,1,0
9615,698.9867656154423,0,1,0,1,0
9616,1647.2254979081888,0,0,0,2,0
9617,3027.1968208896997,0,0,0,2,0
9618,339.73595043759263,0,0,0,1,0
9619,3062.7253225999752,0,0,0,2,0
9620,573.7121044780754,0,0,0,0,0
9621,1575.6920972958362,0,0,0,1,0
9622,658.5932014338096,0,1,0,0,0
9623,1315.7611884990301,0,0,0,2,0
9624,2675.4627487883363,0,0,0,1,0
9625,321.49626388107214,0,0,0,2,0
9626,555.6252761373592,0,0,0,1,0
9627,1319.4398736005433,0,0,0,2,0
9628,12107.539794426963,0,0,0,4,0
9629,462.57573173196255,0,0,0,1,0
9630,8434.906296247613,0,0,0,2,0
9631,8139.005716413436,0,0,0,0,0
9632,994.946383023782,0,0,0,2,0
9633,813.9081109340902,0,0,0,1,0
9634,548.9101688945415,0,0,0,3,0
9635,1024.33353431263,0,1,0,2,0
9636,268.6153867488586,0,0,0,0,0
9637,1016.1344811130275,0,0,0,1,0
9638,4899.459999542813,0,0,0,0,0
9639,595.2103887140809,0,0,0,2,0
9640,862.0176068291468,0,1,0,1,0
9641,200.10846123591514,1,0,0,3,0
9642,1594.0960075679077,0,0,1,4,0
9643,1428.6449476495677,0,0,0,4,0
9644,1168.7643513597206,0,0,0,3,0
9645,882.8655727541401,0,0,0,4,0
9646,818.3106900907975,0,1,0,0,0
9647,1811.4813839723313,1,0,0,3,0
9648,1065.4828955301575,0,0,0,0,0
9649,1502.6295288147637,0,0,0,3,0
9650,1359.650305631104,0,0,0,2,0
9651,3372.5596904524414,0,0,0,3,0
9652,2158.122904959732,0,0,0,3,0
9653,1329.9037406563143,0,0,0,3,0
9654,5006.147972841197,1,0,0,2,0
9655,1669.4817519185556,0,0,0,1,0
9656,4043.891252843013,0,0,0,1,0
9657,2012.1168546532813,0,0,0,3,0
9658,173.8305407746736,0,0,0,1,0
9659,4043.3739692370395,0,0,0,0,0
9660,1255.3582152829233,0,0,0,0,0
9661,1041.1126011534952,0,0,0,2,0
9662,1452.9457807463657,0,0,0,4,0
9663,776.6710005962652,0,0,0,1,0
9664,1376.127756378904,0,0,0,2,0
9665,606.7543012964533,0,0,0,2,0
9666,3921.667632341976,0,1,0,3,0
9667,978.8827657475235,1,0,0,2,0
9668,748.0098581836726,1,1,0,4,0
9669,434.8817627104815,0,0,1,3,0
9670,1434.7928884178136,0,0,0,2,0
9671,1322.2724654550311,0,0,0,2,0
9672,1617.1564589492468,0,0,0,2,0
9673,392.58305207999365,0,1,0,0,0
9674,221.14504560420247,0,0,1,0,0
9675,2049.9922722814836,0,0,1,6,0
9676,4839.863814798607,0,0,0,3,0
9677,392.93585417169186,0,0,0,3,0
9678,5374.609953444258,0,0,0,1,0
9679,1456.6740364206146,0,0,0,3,0
9680,1088.9150313851387,0,0,0,1,0
9681,736.8993409768213,0,0,0,1,0
9682,274.64572120230787,0,0,0,2,0
9683,2944.60074349184,0,0,0,4,0
9684,504.91678754646176,0,0,0,3,0
9685,502.80042614646413,0,0,0,0,0
9686,2956.9875511581545,0,0,0,2,0
9687,166.8368774517023,0,0,0,1,0
9688,238.98533478862942,0,0,0,3,0
9689,1076.9257750022127,0,0,0,2,0
9690,1470.3921736748307,0,0,0,0,0
9691,1780.65160757381,1,0,0,1,0
9692,810.9460317637852,0,0,0,1,0
9693,13771.68110178426,0,1,0,1,0
9694,873.1500688464059,0,0,0,1,0
9695,870.6271794933211,1,0,0,1,0
9696,494.23609651572895,0,0,1,3,0
9697,1241.2904668515757,0,0,0,2,0
9698,2028.3161235928326,0,0,0,3,0
9699,3654.001160494173,0,0,0,4,0
9700,247.32808523797954,0,0,0,3,0
9701,857.4858364500782,0,0,1,1,0
9702,1714.2031410075824,0,1,0,1,0
9703,1972.5009504976924,0,0,0,5,0
9704,1103.8381996458688,0,0,0,0,0
9705,1886.3970567448014,0,1,0,1,0
9706,488.3518289624264,0,0,0,4,0
9707,5207.761731273815,0,1,0,2,0
9708,2959.0634729446742,0,0,0,4,0
9709,285.7371158972412,0,0,1,2,0
9710,374.2398686595129,0,0,0,3,0
9711,384.93644775393074,0,0,0,2,0
9712,2160.229987914781,0,0,0,2,0
9713,303.4668059210504,0,0,0,1,0
9714,787.5884373505004,0,0,0,2,0
9715,1727.9731247161883,0,0,0,2,0
9716,1026.4218134407456,1,0,0,3,0
9717,1420.6751789322493,0,0,0,1,0
9718,377.73666093803706,0,0,0,1,0
9719,1987.940333422697,0,1,0,2,0
9720,593.9458226386927,0,0,0,4,0
9721,792.6488612107263,1,1,0,2,0
9722,1390.9353700532129,0,0,0,2,0
9723,1215.7035254975463,0,0,0,2,0
9724,1123.2482826254372,0,0,0,4,0
9725,517.6882245894583,0,0,0,7,0
9726,812.7719686179491,0,0,0,0,0
9727,1099.0303728600193,0,0,0,1,0
9728,277.2486527352995,0,0,0,2,0
9729,690.5352584082921,0,0,0,1,0
9730,1615.952554858618,0,0,0,1,0
9731,305.68751768557576,1,0,0,0,0
9732,3486.248998235063,0,0,0,6,0
9733,3903.4390943188364,0,0,0,1,0
9734,315.7180044032402,0,0,0,1,0
9735,4262.536280245691,0,0,0,1,0
9736,949.9586062604528,0,0,0,2,0
9737,1666.556097682691,0,0,0,2,0
9738,667.37289180001,0,1,0,3,0
9739,2760.162481885449,0,0,0,1,0
9740,1645.9845895809183,0,0,1,1,0
9741,485.8241578967575,0,0,0,1,0
9742,341.99564396420175,0,0,0,0,0
9743,254.60098751065323,0,1,0,0,0
9744,1323.376595685794,0,0,0,1,0
9745,1943.9386225891262,0,0,0,1,0
9746,2102.6751180676642,0,0,0,3,0
9747,974.5919839316084,1,1,1,2,0
9748,344.81344937459284,0,0,0,3,0
9749,554.4214856896567,1,0,0,2,0
9750,3471.5228521563995,0,0,0,4,0
9751,675.4447990443708,0,0,0,0,0
9752,1265.7468607305607,0,0,0,3,0
9753,374.0350525524768,0,0,0,1,0
9754,1535.4565545298965,1,0,0,4,0
9755,693.8913821037746,0,0,0,0,0
9756,3123.5102039980875,0,1,0,2,0
9757,2376.9126203445126,0,0,0,2,0
9758,668.0039277770353,0,0,0,2,0
9759,966.1663000457692,0,0,0,2,0
9760,631.9964392035399,0,0,0,2,0
9761,265.22189187552027,0,0,0,1,0
9762,465.24193958120344,0,0,1,3,0
9763,1337.0451253389379,0,0,1,3,0
9764,1518.1678094106205,0,0,0,2,0
9765,1272.2571731230946,0,0,0,1,0
9766,810.9991013524448,0,0,0,1,0
9767,2787.9632929891577,0,0,0,2,0
9768,1168.576832080945,0,0,0,4,0
9769,2215.5452796473605,0,0,0,1,0
9770,186.08896536933742,1,1,0,4,0
9771,21.706239382855152,0,1,0,0,0
9772,1456.4948315294773,0,0,0,2,0
9773,263.8113716066497,0,0,0,3,0
9774,886.7368794188199,0,0,0,0,0
9775,810.7039618857716,0,0,0,2,0
9776,5363.653271593649,0,0,1,1,0
9777,1635.9787906750566,0,1,0,3,0
9778,1294.4731104166472,0,0,1,5,0
9779,2532.5732371876416,0,0,0,4,0
9780,1585.2502920964453,0,0,0,1,0
9781,693.8966339728618,1,0,0,2,0
9782,3201.8240123431488,0,0,0,0,0
9783,361.495600757184,0,0,0,0,0
9784,1515.1158558586592,0,0,1,1,0
9785,233.32450404767854,0,0,0,3,0
9786,1344.7237189504785,0,0,0,4,0
9787,1330.0737113835273,0,0,0,2,0
9788,5863.224351696853,0,0,0,2,0
9789,229.29883440097973,0,0,1,1,0
9790,601.3113322671137,1,0,0,1,0
9791,2496.5933624411914,0,0,0,1,0
9792,1533.5142199706725,1,0,0,3,0
9793,1313.3088237592744,0,0,0,4,0
9794,421.5187654289222,0,0,0,3,0
9795,607.3964159235251,0,0,0,1,0
9796,3808.691642487596,0,0,0,0,0
9797,1041.5766005019432,1,0,0,2,0
9798,1596.1658619608952,0,0,0,3,0
9799,977.3175953490758,0,0,0,1,0
9800,335.93392362644784,1,0,0,2,0
9801,2790.037808270418,0,0,0,5,0
9802,1813.8961584696415,0,0,0,2,0
9803,10999.849142487956,0,0,0,1,0
9804,397.19153503467766,0,0,0,3,0
9805,2496.3199870204644,0,0,1,4,0
9806,295.43712343842213,0,0,0,0,0
9807,1283.500728209183,0,0,0,4,0
9808,2911.741366908164,0,0,0,2,0
9809,138.08437120815245,0,0,0,2,0
9810,893.4295870751023,0,0,0,1,0
9811,624.3994238764404,0,0,0,1,0
9812,543.5070629064458,0,0,0,1,0
9813,1611.9705477278214,0,0,1,2,0
9814,3363.326208936671,0,1,0,1,0
9815,959.7965018681366,0,0,0,5,0
9816,1346.799650199857,0,1,0,0,0
9817,1229.4334752797854,0,0,0,1,0
9818,1098.6127278467854,0,0,1,4,0
9819,368.9486086123025,1,0,1,2,0
9820,3322.406343817709,0,0,0,3,0
9821,1473.2046900691985,0,0,0,2,0
9822,1627.6320215140126,0,0,0,2,0
9823,489.5518452027744,0,0,0,3,0
9824,692.826496478156,0,1,0,1,0
9825,919.5328802940028,0,0,0,2,0
9826,236.48275945186907,0,0,0,1,0
9827,202.74837431784604,0,0,0,3,0
9828,601.3950678227566,0,0,0,1,0
9829,1849.222882749507,0,0,0,1,0
9830,570.6993907937104,1,0,0,2,0
9831,395.9131236283737,1,0,0,2,0
9832,485.56557558771436,0,0,0,1,0
9833,695.5184765445407,0,0,0,3,0
9834,769.8079261558322,0,0,0,4,0
9835,9561.706097518958,0,0,1,4,0
9836,3148.308578777716,0,0,0,4,0
9837,3055.730967700395,0,0,0,1,0
9838,3528.331461103225,0,0,0,2,0
9839,403.90476931836827,0,0,0,1,0
9840,322.9945290045384,0,0,0,3,0
9841,362.53814939433994,0,0,0,3,0
9842,4165.1440229292175,0,0,0,2,0
9843,634.4815515227716,0,0,0,0,0
9844,313.76484929637905,0,0,0,2,0
9845,712.6595378002387,1,0,0,4,0
9846,863.8459620847858,0,0,1,0,0
9847,1434.272848089382,0,0,1,1,0
9848,1409.444622055429,0,0,1,4,0
9849,479.0569271272674,0,0,1,1,0
9850,2176.8984045654224,0,0,0,2,0
9851,578.7128806570032,0,0,0,1,0
9852,937.9753443268787,0,0,0,3,0
9853,2179.3328361997983,0,0,0,3,0
9854,577.194094787018,0,0,0,1,0
9855,620.5763086777021,0,0,0,3,0
9856,1981.6161927461908,0,0,0,0,0
9857,465.1066915185446,0,0,0,2,0
9858,746.3599394454877,0,0,0,0,0
9859,1911.6885308053957,0,0,1,2,0
9860,8553.470974120171,0,0,0,1,0
9861,2009.0243893031964,0,0,0,2,0
9862,1759.244550104136,0,0,0,1,0
9863,1864.5995372252385,0,0,0,2,0
9864,374.95639002192263,0,0,1,0,0
9865,1231.0179881133301,1,0,1,3,0
9866,1064.4712879800747,0,1,0,1,0
9867,1512.598845812261,0,0,0,2,0
9868,1232.1403431201015,0,0,0,3,0
9869,1603.1082459211189,0,0,0,3,0
9870,803.1430199316062,0,0,1,0,0
9871,1162.826452474205,0,1,0,3,0
9872,321.23451539511154,0,1,0,1,0
9873,796.39295173752,0,0,0,4,0
9874,4406.4891848624,0,0,0,0,0
9875,1508.405391399366,0,0,0,0,0
9876,1073.928782787994,0,0,0,1,0
9877,7303.604528173287,0,0,0,5,0
9878,281.22780130181025,0,0,0,2,0
9879,361.60210308464633,1,0,0,3,0
9880,6079.704739971157,0,0,0,1,0
9881,1148.2116638369812,0,0,0,2,0
9882,860.4168350235284,0,0,0,1,0
9883,330.5624755642122,0,0,0,5,0
9884,1715.9055991683213,0,0,1,2,0
9885,1890.2414846113197,0,0,1,3,0
9886,367.05277513177225,0,0,0,1,0
9887,953.1043695026764,0,0,0,1,0
9888,784.0589179451,0,1,0,2,0
9889,1416.5465004186588,0,0,1,1,0
9890,358.0776125653463,0,0,0,3,0
9891,3835.087211621379,0,0,0,1,0
9892,2740.303012023999,0,0,0,0,0
9893,762.6692425285711,0,0,0,1,0
9894,883.226154446478,0,1,0,2,0
9895,956.7841809028657,0,1,0,1,0
9896,503.5542474114772,0,0,0,1,0
9897,703.8537420221303,0,1,0,0,0
9898,836.9209589889641,0,0,0,3,0
9899,5502.007863588408,0,0,0,3,0
9900,2826.0021056137184,0,0,1,1,0
9901,2792.3943795756845,0,0,0,1,0
9902,1587.5156881296177,0,1,1,4,0
9903,358.7669420082142,0,0,0,3,0
9904,1052.0636501609292,1,0,0,0,0
9905,2894.270753373745,0,0,0,1,0
9906,311.6046916831351,0,0,0,2,0
9907,2072.587709773675,0,0,0,1,0
9908,11188.136169315623,0,0,0,2,0
9909,3171.0455721998073,0,0,0,1,0
9910,4509.894932048224,0,0,1,6,0
9911,1364.2208659008015,0,0,1,3,0
9912,2886.8809688515307,0,0,0,2,0
9913,534.9358245805861,0,0,0,0,0
9914,2430.5280380590384,0,0,1,1,0
9915,2109.8837582183232,0,0,1,1,0
9916,1465.4405222579749,0,0,0,1,0
9917,4088.8025034275643,0,0,0,1,0
9918,639.8380913947441,0,0,0,3,0
9919,909.5431891496647,0,0,0,5,0
9920,1206.4796782389055,0,1,0,3,0
9921,391.65800740423356,0,1,0,1,0
9922,1375.9943932337987,1,0,0,1,0
9923,196.5800223919709,0,0,0,1,0
9924,3124.2656246080123,1,0,0,1,0
9925,1148.9886119925093,0,1,0,1,0
9926,651.3890586916125,0,0,0,1,0
9927,476.09927228380354,0,0,0,5,0
9928,867.3312517154246,0,1,0,2,0
9929,2182.5729470445676,0,1,1,0,0
9930,1896.449966454729,0,0,0,1,0
9931,541.5644349042464,0,0,0,4,0
9932,470.57734166331755,0,0,0,1,0
9933,2115.1874286894126,0,0,1,2,0
9934,532.5371153726552,1,0,0,1,0
9935,1164.3401073754221,0,0,1,3,0
9936,1241.1015890915592,0,0,0,3,0
9937,1498.2636227329167,0,0,0,9,0
9938,2587.042033906727,1,0,0,4,0
9939,310.14411083887035,0,0,0,1,0
9940,162.20170847103773,1,0,0,5,0
9941,621.7591000543921,0,0,0,2,0
9942,6644.39158962523,0,1,0,3,0
9943,8284.769433536652,0,0,0,2,0
9944,6844.338790175313,0,0,0,5,0
9945,904.1711179432025,0,0,0,6,0
9946,184.54344647626593,0,0,0,2,0
9947,105.3155307058265,0,0,1,5,0
9948,593.4552662678512,0,0,0,2,0
9949,899.5785445848844,0,0,0,0,0
9950,4026.3897149520453,0,0,0,1,0
9951,2611.8275331038067,0,0,0,2,0
9952,1376.6455786415872,0,1,0,2,0
9953,450.40862624851883,0,0,1,1,0
9954,419.56583136302976,1,0,0,2,0
9955,1413.9290764082502,0,0,0,0,0
9956,2201.845120195803,0,1,0,1,0
9957,1622.7560728806277,0,1,0,1,0
9958,389.70967561068386,0,0,1,3,0
9959,2102.0485091603387,0,0,0,2,0
9960,1678.9283250599904,0,0,0,1,0
9961,375.9039256342973,0,0,1,3,0
9962,500.53575246460787,0,0,1,2,0
9963,2183.0886709201777,0,0,0,4,0
9964,867.3932633231566,0,0,0,0,0
9965,5373.030147491302,1,0,0,4,0
9966,1810.0853467786271,1,0,0,2,0
9967,674.0934908890226,0,0,0,2,0
9968,1085.4982743719493,0,0,1,2,0
9969,1168.3916133999348,0,0,0,3,0
9970,529.3287459490374,0,0,0,1,0
9971,440.2804022695708,0,0,0,2,0
9972,2211.41949512756,0,1,0,1,0
9973,2553.635469205406,0,0,0,1,0
9974,2005.7663166805396,0,0,0,1,0
9975,4990.633299019149,0,0,0,1,0
9976,637.9288546177391,0,0,0,1,0
9977,5850.431897136972,0,0,0,0,0
9978,445.44727130602485,0,0,0,0,0
9979,398.3433957324713,1,0,0,0,0
9980,188.67786027426988,0,0,1,0,0
9981,702.1904659012861,0,0,0,5,0
9982,662.6703541665289,0,0,0,2,0
9983,1855.5515831605398,0,0,0,1,0
9984,1399.5288757124783,0,0,0,1,0
9985,332.62862552681975,0,0,0,1,0
9986,740.4615896812379,0,0,0,2,0
9987,756.3755249016115,0,0,0,3,0
9988,185.67869858679595,0,1,0,1,0
9989,411.1891275410823,0,0,0,2,0
9990,507.34252611011675,0,0,0,3,0
9991,4599.141891829253,0,0,0,2,0
9992,1328.0284008067404,0,0,0,1,0
9993,2126.3639918228682,1,0,0,6,0
9994,245.0260429990457,0,0,0,2,0
9995,3619.9463454605443,0,0,0,2,0
9996,4028.309399281959,0,0,0,1,0
9997,148.65899113098928,0,0,0,3,0
9998,541.6842548626056,0,0,0,3,0
9999,1800.4025774486022,0,0,0,3,0
10000,2088.8907314074336,0,0,1,0,0
